gene_index	gene_id	is_ensembl
0	Xkr4	False
1	Rp1	False
2	Sox17	False
3	Mrpl15	False
4	Lypla1	False
5	Tcea1	False
6	Rgs20	False
7	Atp6v1h	False
8	Oprk1	False
9	Npbwr1	False
10	Rb1cc1	False
11	Fam150a	False
12	St18	False
13	Pcmtd1	False
14	Sntg1	False
15	Rrs1	False
16	Adhfe1	False
17	2610203C22Rik	False
18	3110035E14Rik	False
19	Mybl1	False
20	Vcpip1	False
21	1700034P13Rik	False
22	Sgk3	False
23	6030422M02Rik	False
24	Snhg6	False
25	Ppp1r42	False
26	Cops5	False
27	Cspp1	False
28	Arfgef1	False
29	Cpa6	False
30	Prex2	False
31	A830018L16Rik	False
32	4932411L15	False
33	Sulf1	False
34	Slco5a1	False
35	Prdm14	False
36	Ncoa2	False
37	Tram1	False
38	Lactb2	False
39	Xkr9	False
40	Gm5523	False
41	Eya1	False
42	Msc	False
43	Trpa1	False
44	Kcnb2	False
45	Terf1	False
46	Gm106	False
47	4930444P10Rik	False
48	Rpl7	False
49	Rdh10	False
50	Stau2	False
51	Ube2w	False
52	Tceb1	False
53	D030040B21Rik	False
54	Tmem70	False
55	Ly96	False
56	Jph1	False
57	Gdap1	False
58	Pi15	False
59	Crispld1	False
60	Tfap2b	False
61	Pkhd1	False
62	Il17a	False
63	Il17f	False
64	Mcm3	False
65	6720483E21Rik	False
66	Paqr8	False
67	Efhc1	False
68	Tram2	False
69	Tmem14a	False
70	Gsta3	False
71	Gm4956	False
72	Khdc1a	False
73	Khdc1c	False
74	Khdc1b	False
75	Kcnq5	False
76	Rims1	False
77	4933415F23Rik	False
78	Ogfrl1	False
79	B3gat2	False
80	Smap1	False
81	1110058L19Rik	False
82	Fam135a	False
83	Col9a1	False
84	Col19a1	False
85	Lmbrd1	False
86	Bai3	False
87	Gm20172	False
88	4931408C20Rik	False
89	Phf3	False
90	Ptp4a1	False
91	Gm13363	False
92	4931428L18Rik	False
93	Gm4850	False
94	Khdrbs2	False
95	Gm5415	False
96	Prim2	False
97	1700001G17Rik	False
98	Rab23	False
99	Bag2	False
100	Zfp451	False
101	Gm15455	False
102	Bend6	False
103	Dst	False
104	Ccdc115	False
105	Imp4	False
106	Ptpn18	False
107	Prss39	False
108	Cfc1	False
109	Fam123c	False
110	Arhgef4	False
111	Fam168b	False
112	Plekhb2	False
113	Hs6st1	False
114	Uggt1	False
115	Neurl3	False
116	Arid5a	False
117	4632411B12Rik	False
118	Lman2l	False
119	Cnnm4	False
120	Cnnm3	False
121	Ankrd23	False
122	Ankrd39	False
123	Sema4c	False
124	Fam178b	False
125	Cox5b	False
126	Actr1b	False
127	4933424G06Rik	False
128	Zap70	False
129	Tmem131	False
130	Cnga3	False
131	Inpp4a	False
132	6330578E17Rik	False
133	Unc50	False
134	Mgat4a	False
135	4930594C11Rik	False
136	2010300C02Rik	False
137	Tsga10	False
138	Lipt1	False
139	Mitd1	False
140	Mrpl30	False
141	Lyg1	False
142	Txndc9	False
143	Eif5b	False
144	Rev1	False
145	Aff3	False
146	Lonrf2	False
147	Chst10	False
148	Nms	False
149	Pdcl3	False
150	Npas2	False
151	Rpl31	False
152	Tbc1d8	False
153	D1Bwg0212e	False
154	Rnf149	False
155	Creg2	False
156	Rfx8	False
157	Gm3646	False
158	1700066B17Rik	False
159	Map4k4	False
160	Gm16894	False
161	Il1r2	False
162	Il1r1	False
163	Il1rl2	False
164	Il1rl1	False
165	Il18r1	False
166	Il18rap	False
167	Slc9a4	False
168	Slc9a2	False
169	Mfsd9	False
170	Tmem182	False
171	2610017I09Rik	False
172	Pou3f3	False
173	2900092D14Rik	False
174	Mrps9	False
175	Gpr45	False
176	Tgfbrap1	False
177	AI597479	False
178	Fhl2	False
179	Nck2	False
180	1500015O10Rik	False
181	Uxs1	False
182	Tpp2	False
183	A530098C11Rik	False
184	1700029F09Rik	False
185	Kdelc1	False
186	Bivm	False
187	Ercc5	False
188	4832428D23Rik	False
189	Gulp1	False
190	Col3a1	False
191	Col5a2	False
192	Wdr75	False
193	Slc40a1	False
194	Dnahc7b	False
195	Slc39a10	False
196	Tmeff2	False
197	9330175M20Rik	False
198	Sdpr	False
199	Obfc2a	False
200	Myo1b	False
201	Stat4	False
202	Stat1	False
203	Gls	False
204	Nab1	False
205	Tmem194b	False
206	Mfsd6	False
207	Inpp1	False
208	Hibch	False
209	1700019D03Rik	False
210	Mstn	False
211	1700019A02Rik	False
212	Pms1	False
213	Ormdl1	False
214	Osgepl1	False
215	Asnsd1	False
216	Dnahc7a	False
217	Stk17b	False
218	Hecw2	False
219	Ccdc150	False
220	Gtf3c3	False
221	Pgap1	False
222	Ankrd44	False
223	Sf3b1	False
224	Coq10b	False
225	Hspd1	False
226	Hspe1	False
227	Mob4	False
228	Rftn2	False
229	Mars2	False
230	Boll	False
231	Plcl1	False
232	9130227L01Rik	False
233	Satb2	False
234	9130024F11Rik	False
235	BC055402	False
236	4930558J18Rik	False
237	1700066M21Rik	False
238	1110034B05Rik	False
239	9430016H08Rik	False
240	Spats2l	False
241	Kctd18	False
242	Sgol2	False
243	Aox1	False
244	Aox3	False
245	Aox4	False
246	Aox3l1	False
247	Bzw1	False
248	Clk1	False
249	Ppil3	False
250	Nif3l1	False
251	Orc2	False
252	Fam126b	False
253	Ndufb3	False
254	Gm20257	False
255	Als2cr12	False
256	Cflar	False
257	Casp8	False
258	Trak2	False
259	Stradb	False
260	Als2cr11	False
261	Als2cr4	False
262	Mpp4	False
263	Als2	False
264	Cdk15	False
265	Fzd7	False
266	Gm973	False
267	Sumo1	False
268	Nop58	False
269	Bmpr2	False
270	Fam117b	False
271	Ica1l	False
272	Wdr12	False
273	Carf	False
274	Nbeal1	False
275	Cyp20a1	False
276	Abi2	False
277	Raph1	False
278	Cd28	False
279	Ctla4	False
280	Icos	False
281	9530026F06Rik	False
282	Pard3b	False
283	Nrp2	False
284	4930487H11Rik	False
285	Ino80d	False
286	Gm11602	False
287	Ndufs1	False
288	Eef1b2	False
289	Snora41	False
290	Gpr1	False
291	Zdbf2	False
292	Adam23	False
293	Dytn	False
294	Mdh1b	False
295	Fastkd2	False
296	Gm13749	False
297	Klf7	False
298	Creb1	False
299	Mettl21a	False
300	2810408I11Rik	False
301	Ccnyl1	False
302	Fzd5	False
303	Plekhm3	False
304	Akr1cl	False
305	Cryge	False
306	Crygd	False
307	Crygc	False
308	Cryga	False
309	D630023F18Rik	False
310	Idh1	False
311	Pikfyve	False
312	Pth2r	False
313	Mtap2	False
314	Unc80	False
315	Rpe	False
316	1110028C15Rik	False
317	Acadl	False
318	Myl1	False
319	Lancl1	False
320	Cps1	False
321	Erbb4	False
322	Ikzf2	False
323	Spag16	False
324	Vwc2l	False
325	Bard1	False
326	Abca12	False
327	Atic	False
328	Fn1	False
329	Apol7d	False
330	Gm8883	False
331	4933417E11Rik	False
332	Mreg	False
333	Pecr	False
334	Tmem169	False
335	Xrcc5	False
336	March4	False
337	Smarcal1	False
338	Ankar	False
339	Rpl37a	False
340	Igfbp2	False
341	Igfbp5	False
342	Tnp1	False
343	Pinc	False
344	6030407O03Rik	False
345	Tns1	False
346	Rufy4	False
347	Cxcr2	False
348	Cxcr1	False
349	Arpc2	False
350	Gpbar1	False
351	Aamp	False
352	Pnkd	False
353	Tmbim1	False
354	Gm216	False
355	Slc11a1	False
356	Ctdsp1	False
357	Vil1	False
358	Usp37	False
359	Rqcd1	False
360	Plcd4	False
361	Zfp142	False
362	Bcs1l	False
363	Rnf25	False
364	Stk36	False
365	Ttll4	False
366	Cyp27a1	False
367	Prkag3	False
368	Wnt6	False
369	Wnt10a	False
370	Cdk5r2	False
371	Fev	False
372	Cryba2	False
373	Ccdc108	False
374	Ihh	False
375	Nhej1	False
376	Slc23a3	False
377	1810031K17Rik	False
378	Fam134a	False
379	Zfand2b	False
380	Abcb6	False
381	Atg9a	False
382	Ankzf1	False
383	Glb1l	False
384	Stk16	False
385	Tuba4a	False
386	A630095N17Rik	False
387	Dnajb2	False
388	Ptprn	False
389	Resp18	False
390	Dnpep	False
391	Des	False
392	Gm15179	False
393	Speg	False
394	Gmppa	False
395	Accn4	False
396	Chpf	False
397	Tmem198	False
398	Obsl1	False
399	Inha	False
400	Stk11ip	False
401	Slc4a3	False
402	Gm17751	False
403	Epha4	False
404	Pax3	False
405	Sgpp2	False
406	Farsb	False
407	Mogat1	False
408	Acsl3	False
409	Utp14b	False
410	Kcne4	False
411	Scg2	False
412	Ap1s3	False
413	Wdfy1	False
414	Mrpl44	False
415	Serpine2	False
416	Fam124b	False
417	Cul3	False
418	Dock10	False
419	9430031J16Rik	False
420	Irs1	False
421	Rhbdd1	False
422	Col4a4	False
423	Col4a3	False
424	Mff	False
425	Tm4sf20	False
426	Agfg1	False
427	Slc19a3	False
428	Ccl20	False
429	Wdr69	False
430	Sphkap	False
431	Pid1	False
432	Dner	False
433	Trip12	False
434	Fbxo36	False
435	Slc16a14	False
436	A530032D15Rik	False
437	Gm7609	False
438	C130026I21Rik	False
439	Sp110	False
440	Sp140	False
441	Sp100	False
442	A630001G21Rik	False
443	Cab39	False
444	Itm2c	False
445	4933407L21Rik	False
446	Gpr55	False
447	Spata3	False
448	2810459M11Rik	False
449	Psmd1	False
450	Htr2b	False
451	Armc9	False
452	B3gnt7	False
453	Ncl	False
454	Snora75	False
455	C130036L24Rik	False
456	Nmur1	False
457	1700019O17Rik	False
458	Ptma	False
459	Pde6d	False
460	Cops7b	False
461	Nppc	False
462	Dis3l2	False
463	Alppl2	False
464	Alpi	False
465	Ecel1	False
466	Prss56	False
467	Chrnd	False
468	Chrng	False
469	Eif4e2	False
470	Efhd1	False
471	Gigyf2	False
472	Kcnj13	False
473	3110079O15Rik	False
474	Ngef	False
475	Neu2	False
476	Inpp5d	False
477	Atg16l1	False
478	Sag	False
479	Dgkd	False
480	Usp40	False
481	Ugt1a10	False
482	Ugt1a9	False
483	Ugt1a7c	False
484	Ugt1a6b	False
485	Ugt1a6a	False
486	Ugt1a5	False
487	Ugt1a2	False
488	Dnajb3	False
489	Ugt1a1	False
490	Heatr7b1	False
491	Hjurp	False
492	6430706D22Rik	False
493	A730008H23Rik	False
494	Trpm8	False
495	Spp2	False
496	Glrp1	False
497	Gm19589	False
498	Arl4c	False
499	2410088K16Rik	False
500	1700067G17Rik	False
501	Sh3bp4	False
502	Agap1	False
503	4933400F21Rik	False
504	Gbx2	False
505	Asb18	False
506	Iqca	False
507	Cxcr7	False
508	Cops8	False
509	Col6a3	False
510	Mlph	False
511	Prlh	False
512	Rab17	False
513	Lrrfip1	False
514	Rbm44	False
515	Ramp1	False
516	Ube2f	False
517	Scly	False
518	Espnl	False
519	Klhl30	False
520	Fam132b	False
521	Ilkap	False
522	1700020N18Rik	False
523	Hes6	False
524	Per2	False
525	Traf3ip1	False
526	Asb1	False
527	Twist2	False
528	Hdac4	False
529	Ndufa10	False
530	Myeov2	False
531	Otos	False
532	Gpc1	False
533	Ankmy1	False
534	Dusp28	False
535	Rnpepl1	False
536	9430060I03Rik	False
537	Capn10	False
538	Gpr35	False
539	Aqp12	False
540	Kif1a	False
541	Agxt	False
542	2310007B03Rik	False
543	Sned1	False
544	Mterfd2	False
545	Pask	False
546	Ppp1r7	False
547	Ano7	False
548	Hdlbp	False
549	Sept2	False
550	Farp2	False
551	Stk25	False
552	Bok	False
553	Thap4	False
554	Atg4b	False
555	Dtymk	False
556	Ing5	False
557	D2hgdh	False
558	Gal3st2	False
559	Gm6086	False
560	Neu4	False
561	Pdcd1	False
562	4930440C22Rik	False
563	Fam174a	False
564	St8sia4	False
565	4930598F16Rik	False
566	Slco4c1	False
567	D1Ertd622e	False
568	Ppip5k2	False
569	Gin1	False
570	Pam	False
571	B230216N24Rik	False
572	1810006J02Rik	False
573	Cntnap5b	False
574	Cdh20	False
575	Rnf152	False
576	Pign	False
577	2310035C23Rik	False
578	Tnfrsf11a	False
579	Zcchc2	False
580	LOC626049	False
581	Phlpp1	False
582	Bcl2	False
583	Kdsr	False
584	Vps4b	False
585	Serpinb5	False
586	Serpinb12	False
587	Serpinb13	False
588	Serpinb3a	False
589	Serpinb3d	False
590	Serpinb3b	False
591	Serpinb3c	False
592	Serpinb11	False
593	Serpinb7	False
594	Serpinb2	False
595	Serpinb10-ps	False
596	Serpinb8	False
597	Cdh7	False
598	Cdh19	False
599	Dsel	False
600	Cntnap5a	False
601	Tsn	False
602	Mki67ip	False
603	Clasp1	False
604	2900060B14Rik	False
605	Tfcp2l1	False
606	Gli2	False
607	Inhbb	False
608	Ralb	False
609	Tmem185b	False
610	Epb4.1l5	False
611	Ptpn4	False
612	Tmem177	False
613	Gm101	False
614	Sctr	False
615	Tmem37	False
616	Dbi	False
617	3110009E18Rik	False
618	Steap3	False
619	C1ql2	False
620	Marco	False
621	En1	False
622	B230209K01Rik	False
623	Insig2	False
624	Ccdc93	False
625	Htr5b	False
626	Ddx18	False
627	Dpp10	False
628	Actr3	False
629	Slc35f5	False
630	Gpr39	False
631	Lypd1	False
632	Nckap5	False
633	Mgat5	False
634	Tmem163	False
635	Acmsd	False
636	2900009J06Rik	False
637	Ccnt2	False
638	Ysk4	False
639	Rab3gap1	False
640	Zranb3	False
641	R3hdm1	False
642	Ubxn4	False
643	Lct	False
644	Mcm6	False
645	Dars	False
646	Cxcr4	False
647	Thsd7b	False
648	Daf2	False
649	Cd55	False
650	Zp3r	False
651	C4bp	False
652	C4bp-ps1	False
653	Pfkfb2	False
654	Yod1	False
655	AA986860	False
656	Fcamr	False
657	Pigr	False
658	Faim3	False
659	Il24	False
660	Il20	False
661	Il19	False
662	Il10	False
663	Mapkapk2	False
664	Dyrk3	False
665	Eif2d	False
666	Rassf5	False
667	Ikbke	False
668	Srgap2	False
669	Fam72a	False
670	Avpr1b	False
671	Ctse	False
672	5430435G22Rik	False
673	Slc26a9	False
674	Pm20d1	False
675	Slc41a1	False
676	Rab7l1	False
677	Nucks1	False
678	Slc45a3	False
679	Elk4	False
680	Mfsd4	False
681	Cdk18	False
682	Lemd1	False
683	Klhdc8a	False
684	Nuak2	False
685	Tmcc2	False
686	Dstyk	False
687	Rbbp5	False
688	Tmem81	False
689	Cntn2	False
690	Nfasc	False
691	Lrrn2	False
692	Mdm4	False
693	Pik3c2b	False
694	Ppp1r15b	False
695	Plekha6	False
696	Gm19461	False
697	Golt1a	False
698	Kiss1	False
699	Ren2	False
700	Ren1	False
701	Etnk2	False
702	Sox13	False
703	Snrpe	False
704	Zc3h11a	False
705	Zbed6	False
706	Lax1	False
707	Atp2b4	False
708	Optc	False
709	Prelp	False
710	Fmod	False
711	Btg2	False
712	Chit1	False
713	Chi3l1	False
714	Mybph	False
715	Adora1	False
716	Myog	False
717	Ppfia4	False
718	Tmem183a	False
719	4933406M09Rik	False
720	Cyb5r1	False
721	Adipor1	False
722	Klhl12	False
723	Rabif	False
724	4931440L10Rik	False
725	Kdm5b	False
726	Syt2	False
727	Ppp1r12b	False
728	Ube2t	False
729	Lgr6	False
730	Ptprv	False
731	Ptpn7	False
732	Arl8a	False
733	Gpr37l1	False
734	Elf3	False
735	Rnpep	False
736	Timm17a	False
737	Lmod1	False
738	Shisa4	False
739	Ipo9	False
740	Nav1	False
741	Csrp1	False
742	Phlda3	False
743	Tnni1	False
744	Lad1	False
745	Tnnt2	False
746	Pkp1	False
747	Igfn1	False
748	Tmem9	False
749	Cacna1s	False
750	6530439I21	False
751	Kif21b	False
752	5730559C18Rik	False
753	Gpr25	False
754	Camsap2	False
755	9230116N13Rik	False
756	Ddx59	False
757	Kif14	False
758	Zfp281	False
759	Gm19705	False
760	Gm16880	False
761	Nr5a2	False
762	Ptprc	False
763	Atp6v1g3	False
764	Nek7	False
765	Gm5833	False
766	Lhx9	False
767	2310009B15Rik	False
768	Dennd1b	False
769	Crb1	False
770	Zbtb41	False
771	Aspm	False
772	F13b	False
773	Cfhr1	False
774	Gm4788	False
775	Cfhr2	False
776	Cfh	False
777	Kcnt2	False
778	Cdc73	False
779	B3galt2	False
780	Glrx2	False
781	Trove2	False
782	Uchl5	False
783	Rgs2	False
784	Rgs13	False
785	Rgs1	False
786	Rgs18	False
787	Fam5c	False
788	Pla2g4a	False
789	7530420F21Rik	False
790	Ptgs2	False
791	Pdc	False
792	2310030A07Rik	False
793	BC003331	False
794	Tpr	False
795	Prg4	False
796	Hmcn1	False
797	C730036E19Rik	False
798	Ivns1abp	False
799	1200016B10Rik	False
800	1190005F20Rik	False
801	Rnf2	False
802	Fam129a	False
803	Edem3	False
804	1700025G04Rik	False
805	Tsen15	False
806	Glt25d2	False
807	Rgl1	False
808	Apobec4	False
809	Arpc5	False
810	Ncf2	False
811	Smg7	False
812	Nmnat2	False
813	Lamc2	False
814	Lamc1	False
815	E330020D12Rik	False
816	1700012A16Rik	False
817	Dhx9	False
818	Npl	False
819	Rgs8	False
820	C230024C17	False
821	Rgs16	False
822	Rnasel	False
823	Rgsl1	False
824	5830403L16Rik	False
825	Gm5531	False
826	Glul	False
827	Zfp648	False
828	4930452N14Rik	False
829	Cacna1e	False
830	Ier5	False
831	Mr1	False
832	Stx6	False
833	Xpr1	False
834	Acbd6	False
835	Lhx4	False
836	Qsox1	False
837	Cep350	False
838	Tor1aip1	False
839	Tor1aip2	False
840	Fam163a	False
841	Tdrd5	False
842	Nphs2	False
843	Soat1	False
844	Abl2	False
845	Tor3a	False
846	Fam20b	False
847	Ralgps2	False
848	Angptl1	False
849	1700057K13Rik	False
850	Rasal2	False
851	2810025M15Rik	False
852	BC026585	False
853	Sec16b	False
854	Fam5b	False
855	Astn1	False
856	Pappa2	False
857	Rfwd2	False
858	Scarna3a	False
859	Tnr	False
860	4930523C07Rik	False
861	4930562F07Rik	False
862	Tnn	False
863	Mrps14	False
864	Cacybp	False
865	Rabgap1l	False
866	Gpr52	False
867	Rc3h1	False
868	Serpinc1	False
869	Zbtb37	False
870	Gas5	False
871	Snord47	False
872	Dars2	False
873	Cenpl	False
874	Klhl20	False
875	Ankrd45	False
876	4930469G21Rik	False
877	Prdx6	False
878	Tnfsf4	False
879	Tnfsf18	False
880	Fasl	False
881	AI848100	False
882	4930558K02Rik	False
883	Pigc	False
884	Dnm3	False
885	2810442N19Rik	False
886	Dnm3os	False
887	Mettl13	False
888	Vamp4	False
889	Myoc	False
890	7420461P10Rik	False
891	Prrc2c	False
892	Fmo4	False
893	Fmo1	False
894	Fmo2	False
895	Fmo6	False
896	Fmo3	False
897	Prrx1	False
898	Gorab	False
899	Mettl11b	False
900	Kifap3	False
901	Scyl3	False
902	BC055324	False
903	2810422O20Rik	False
904	Sele	False
905	Sell	False
906	Selp	False
907	Gm16548	False
908	F5	False
909	Slc19a2	False
910	4930455F23Rik	False
911	Blzf1	False
912	Nme7	False
913	Atp1b1	False
914	Dpt	False
915	LOC433374	False
916	Xcl1	False
917	4930568G15Rik	False
918	Tbx19	False
919	Sft2d2	False
920	Tiprl	False
921	Gpr161	False
922	Dcaf6	False
923	Brp44	False
924	Adcy10	False
925	Mpzl1	False
926	Rcsd1	False
927	Creg1	False
928	Cd247	False
929	Pou2f1	False
930	Dusp27	False
931	Gpa33	False
932	Mael	False
933	Ildr2	False
934	Tada1	False
935	Pogk	False
936	Gm4847	False
937	Fmo9	False
938	Gm16701	False
939	Fam78b	False
940	Uck2	False
941	Tmco1	False
942	Aldh9a1	False
943	Mgst3	False
944	Lrrc52	False
945	Rxrg	False
946	Lmx1a	False
947	Pbx1	False
948	Nuf2	False
949	Rgs5	False
950	Rgs4	False
951	1700084C01Rik	False
952	Hsd17b7	False
953	3110045C21Rik	False
954	Ddr2	False
955	Uap1	False
956	Uhmk1	False
957	Sh2d1b1	False
958	Gm7694	False
959	1700015E13Rik	False
960	Nos1ap	False
961	Olfml2b	False
962	Atf6	False
963	Dusp12	False
964	Fcrlb	False
965	Fcrla	False
966	Fcgr2b	False
967	Fcgr4	False
968	Fcgr3	False
969	1700009P17Rik	False
970	Sdhc	False
971	Mpz	False
972	Pcp4l1	False
973	Nr1i3	False
974	Tomm40l	False
975	Apoa2	False
976	Fcer1g	False
977	Ndufs2	False
978	Adamts4	False
979	B4galt3	False
980	Ppox	False
981	Usp21	False
982	Ufc1	False
983	Dedd	False
984	Nit1	False
985	Pfdn2	False
986	Klhdc9	False
987	Pvrl4	False
988	Arhgap30	False
989	Usf1	False
990	Tstd1	False
991	F11r	False
992	Alyref2	False
993	Itln1	False
994	Cd244	False
995	Ly9	False
996	Slamf7	False
997	Cd48	False
998	Slamf1	False
999	Cd84	False
1000	Slamf6	False
1001	Vangl2	False
1002	Nhlh1	False
1003	Ncstn	False
1004	Copa	False
1005	Pex19	False
1006	Dcaf8	False
1007	Pea15a	False
1008	Casq1	False
1009	Atp1a4	False
1010	Atp1a2	False
1011	Igsf8	False
1012	Kcnj9	False
1013	Kcnj10	False
1014	Pigm	False
1015	Slamf9	False
1016	Igsf9	False
1017	Tagln2	False
1018	Ccdc19	False
1019	4933439K11Rik	False
1020	Vsig8	False
1021	Slamf8	False
1022	Fcrl6	False
1023	Dusp23	False
1024	Crp	False
1025	Apcs	False
1026	Fcer1a	False
1027	Darc	False
1028	Cadm3	False
1029	Aim2	False
1030	BC094916	False
1031	Pydc4	False
1032	Pyhin1	False
1033	Pydc3	False
1034	AI607873	False
1035	Ifi204	False
1036	Mndal	False
1037	Mnda	False
1038	Ifi203	False
1039	Ifi202b	False
1040	Ifi205	False
1041	Olfr433	False
1042	Olfr432	False
1043	Spna1	False
1044	1810030J14Rik	False
1045	Olfr414	False
1046	Fmn2	False
1047	Grem2	False
1048	Rgs7	False
1049	Fh1	False
1050	Kmo	False
1051	Opn3	False
1052	Chml	False
1053	Wdr64	False
1054	Exo1	False
1055	Pld5	False
1056	Cep170	False
1057	Mir350	False
1058	Sdccag8	False
1059	Hmga2-ps1	False
1060	Akt3	False
1061	Zfp238	False
1062	2310043L19Rik	False
1063	1700016C15Rik	False
1064	Adss	False
1065	Gm16432	False
1066	Pppde1	False
1067	Fam36a	False
1068	Hnrnpu	False
1069	Efcab2	False
1070	Kif26b	False
1071	Smyd3	False
1072	Tfb2m	False
1073	Cnst	False
1074	Sccpdh	False
1075	Ahctf1	False
1076	Cdc42bpa	False
1077	Adck3	False
1078	Psen2	False
1079	Gm5069	False
1080	Itpkb	False
1081	6330403A02Rik	False
1082	Parp1	False
1083	Lin9	False
1084	Mixl1	False
1085	Acbd3	False
1086	H3f3a	False
1087	BC031781	False
1088	Lefty2	False
1089	Pycr2	False
1090	Lefty1	False
1091	Tmem63a	False
1092	Ephx1	False
1093	9130409I23Rik	False
1094	Nvl	False
1095	Cnih4	False
1096	Wdr26	False
1097	Cnih3	False
1098	Ccdc121	False
1099	Lbr	False
1100	Enah	False
1101	Srp9	False
1102	Degs1	False
1103	1700047M11Rik	False
1104	Fbxo28	False
1105	Trp53bp2	False
1106	Capn2	False
1107	Capn8	False
1108	Susd4	False
1109	Tlr5	False
1110	Disp1	False
1111	Brox	False
1112	Aida	False
1113	Mia3	False
1114	Taf1a	False
1115	Hhipl2	False
1116	1700056E22Rik	False
1117	Dusp10	False
1118	1700112H15Rik	False
1119	Hlx	False
1120	Mosc1	False
1121	Mosc2	False
1122	Mir1981	False
1123	C130074G19Rik	False
1124	Mark1	False
1125	Rab3gap2	False
1126	Iars2	False
1127	Mir215	False
1128	Bpnt1	False
1129	Eprs	False
1130	9630028B13Rik	False
1131	Gm2061	False
1132	Slc30a10	False
1133	5033404E19Rik	False
1134	Lyplal1	False
1135	Tgfb2	False
1136	Rrp15	False
1137	D1Pas1	False
1138	Spata17	False
1139	1700007P06Rik	False
1140	Gpatch2	False
1141	Esrrg	False
1142	9330162B11Rik	False
1143	Ush2a	False
1144	Kctd3	False
1145	Kcnk2	False
1146	Cenpf	False
1147	Ptpn14	False
1148	Smyd2	False
1149	Prox1	False
1150	Rps6kc1	False
1151	Angel2	False
1152	Vash2	False
1153	Mfsd7b	False
1154	A230020J21Rik	False
1155	1700022P22Rik	False
1156	Tatdn3	False
1157	Nsl1	False
1158	Batf3	False
1159	Fam71a	False
1160	Atf3	False
1161	Nenf	False
1162	Tmem206	False
1163	Ppp2r5a	False
1164	Dtl	False
1165	Ints7	False
1166	Lpgat1	False
1167	Nek2	False
1168	1700034H15Rik	False
1169	Slc30a1	False
1170	Rd3	False
1171	Traf5	False
1172	Rcor3	False
1173	Gm10516	False
1174	Kcnh1	False
1175	Hhat	False
1176	1700065J18Rik	False
1177	Sertad4	False
1178	Syt14	False
1179	Diexf	False
1180	Irf6	False
1181	A130010J15Rik	False
1182	Traf3ip3	False
1183	Hsd11b1	False
1184	G0s2	False
1185	Lamb3	False
1186	Camk1g	False
1187	Plxna2	False
1188	Cd34	False
1189	Gm16897	False
1190	A330023F24Rik	False
1191	Cd46	False
1192	Cr1l	False
1193	Cr2	False
1194	H60c	False
1195	Ppp1r14c	False
1196	Iyd	False
1197	Plekhg1	False
1198	Mthfd1l	False
1199	Akap12	False
1200	Zbtb2	False
1201	Rmnd1	False
1202	Gm5512	False
1203	1700052N19Rik	False
1204	Gm221	False
1205	Esr1	False
1206	Syne1	False
1207	Myct1	False
1208	Vip	False
1209	Fbxo5	False
1210	Mtrf1l	False
1211	Rgs17	False
1212	Oprm1	False
1213	Ipcef1	False
1214	Cnksr3	False
1215	Ulbp1	False
1216	Lrp11	False
1217	Pcmt1	False
1218	A630066F11Rik	False
1219	Nup43	False
1220	BC020402	False
1221	Lats1	False
1222	Katna1	False
1223	BC013529	False
1224	Ppil4	False
1225	Zc3h12d	False
1226	Tab2	False
1227	Ust	False
1228	Sash1	False
1229	Samd5	False
1230	Gm6150	False
1231	Stxbp5	False
1232	9130014G24Rik	False
1233	Rab32	False
1234	Gm5177	False
1235	Grm1	False
1236	Shprh	False
1237	Fbxo30	False
1238	Epm2a	False
1239	Utrn	False
1240	B230208H11Rik	False
1241	Stx11	False
1242	Sf3b5	False
1243	Plagl1	False
1244	Fam164b	False
1245	Ltv1	False
1246	Phactr2	False
1247	Fuca2	False
1248	Pex3	False
1249	Adat2	False
1250	Aig1	False
1251	Hivep2	False
1252	Gpr126	False
1253	Vta1	False
1254	1700016L04Rik	False
1255	Gje1	False
1256	Gm20125	False
1257	Cited2	False
1258	Txlnb	False
1259	Heca	False
1260	3110003A17Rik	False
1261	Reps1	False
1262	Ect2l	False
1263	Ccdc28a	False
1264	Nhsl1	False
1265	Hebp2	False
1266	D10Bwg1379e	False
1267	Gm4922	False
1268	4930444F02Rik	False
1269	Perp	False
1270	Tnfaip3	False
1271	Gm20139	False
1272	Olig3	False
1273	Ifngr1	False
1274	Il22ra2	False
1275	Il20ra	False
1276	Slc35d3	False
1277	Pex7	False
1278	Map3k5	False
1279	Mtap7	False
1280	4930405J17Rik	False
1281	Gm6251	False
1282	Bclaf1	False
1283	Fam54a	False
1284	Pde7b	False
1285	Ahi1	False
1286	Myb	False
1287	Hbs1l	False
1288	4930455C13Rik	False
1289	Aldh8a1	False
1290	1700020N01Rik	False
1291	Gm5420	False
1292	Sgk1	False
1293	4930444G20Rik	False
1294	E030030I06Rik	False
1295	Raet1a	False
1296	Raet1e	False
1297	H60b	False
1298	C920009B18Rik	False
1299	Raet1d	False
1300	Gm10825	False
1301	Slc2a12	False
1302	Tbpl1	False
1303	Tcf21	False
1304	Eya4	False
1305	Rps12	False
1306	Snora33	False
1307	Snord100	False
1308	1110021L09Rik	False
1309	Vnn3	False
1310	Vnn1	False
1311	Taar1	False
1312	Taar2	False
1313	Taar4	False
1314	Stx7	False
1315	Moxd1	False
1316	Ctgf	False
1317	Enpp1	False
1318	Enpp3	False
1319	Med23	False
1320	Arg1	False
1321	Akap7	False
1322	Epb4.1l2	False
1323	2010003K15Rik	False
1324	Tmem200a	False
1325	Gm9767	False
1326	Samd3	False
1327	L3mbtl3	False
1328	Gm8709	False
1329	Arhgap18	False
1330	Lama2	False
1331	Ptprk	False
1332	Themis	False
1333	4930519F09Rik	False
1334	2310057J18Rik	False
1335	6330407J23Rik	False
1336	9330159F19Rik	False
1337	Echdc1	False
1338	Rnf146	False
1339	Rspo3	False
1340	Cenpw	False
1341	Trmt11	False
1342	Gm20300	False
1343	Hint3	False
1344	Ncoa7	False
1345	Hey2	False
1346	Hddc2	False
1347	Tpd52l1	False
1348	Gm3258	False
1349	Rnf217	False
1350	Nkain2	False
1351	Trdn	False
1352	D830005E20Rik	False
1353	Clvs2	False
1354	Gm4794	False
1355	Sult3a1	False
1356	Rsph4a	False
1357	Zufsp	False
1358	A830082N09Rik	False
1359	Rwdd1	False
1360	Bet3l	False
1361	Fam26d	False
1362	Fam26e	False
1363	Fam26f	False
1364	Dse	False
1365	Tspyl1	False
1366	Tspyl4	False
1367	Nt5dc1	False
1368	Col10a1	False
1369	Frk	False
1370	Hs3st5	False
1371	Hdac2	False
1372	Marcks	False
1373	Lama4	False
1374	1700025K23Rik	False
1375	Tube1	False
1376	Wisp3	False
1377	Fyn	False
1378	Traf3ip2	False
1379	E130307A14Rik	False
1380	Rev3l	False
1381	AA474331	False
1382	2010001E11Rik	False
1383	G630090E17Rik	False
1384	BC021785	False
1385	AI317395	False
1386	Slc16a10	False
1387	Rpf2	False
1388	Gtf3c6	False
1389	Amd1	False
1390	Cdk19	False
1391	Ddo	False
1392	9030224M15Rik	False
1393	Cdc40	False
1394	Wasf1	False
1395	Fig4	False
1396	Zbtb24	False
1397	Mical1	False
1398	Smpd2	False
1399	Ppil6	False
1400	Cd164	False
1401	Ccdc162	False
1402	5730435O14Rik	False
1403	Cep57l1	False
1404	Sesn1	False
1405	Armc2	False
1406	Foxo3	False
1407	Lace1	False
1408	Snx3	False
1409	Nr2e1	False
1410	Ostm1	False
1411	Sec63	False
1412	Scml4	False
1413	Sobp	False
1414	9030612E09Rik	False
1415	Pdss2	False
1416	Bend3	False
1417	1700021F05Rik	False
1418	Cd24a	False
1419	F830002L21Rik	False
1420	1700027J07Rik	False
1421	Qrsl1	False
1422	Rtn4ip1	False
1423	Aim1	False
1424	Speer5-ps1	False
1425	Atg5	False
1426	Prdm1	False
1427	Prep	False
1428	Popdc3	False
1429	Bves	False
1430	Lin28b	False
1431	Hace1	False
1432	D030045P18Rik	False
1433	C130030K03Rik	False
1434	Grik2	False
1435	Ascc3	False
1436	Sim1	False
1437	Gp49a	False
1438	Lilrb4	False
1439	Fam162b	False
1440	Gprc6a	False
1441	Rfx6	False
1442	Vgll2	False
1443	Ros1	False
1444	Dcbld1	False
1445	Gopc	False
1446	Nepn	False
1447	Nus1	False
1448	Zfa	False
1449	Slc35f1	False
1450	Gm9766	False
1451	Gm19395	False
1452	Pln	False
1453	Gm20597	False
1454	Mcm9	False
1455	Asf1a	False
1456	Fam184a	False
1457	Man1a	False
1458	Gm16998	False
1459	D630037F22Rik	False
1460	Msl3l2	False
1461	Gja1	False
1462	4930467K11Rik	False
1463	Hsf2	False
1464	Serinc1	False
1465	Pkib	False
1466	Fabp7	False
1467	Smpdl3a	False
1468	Dux	False
1469	Gm4981	False
1470	Gcc2	False
1471	Lims1	False
1472	Ranbp2	False
1473	Ccdc138	False
1474	Edar	False
1475	BB019430	False
1476	Sh3rf3	False
1477	Sept10	False
1478	Sowahc	False
1479	P4ha1	False
1480	Pla2g12b	False
1481	Oit3	False
1482	Ccdc109a	False
1483	Micu1	False
1484	Dnajb12	False
1485	Ddit4	False
1486	Anapc16	False
1487	Ascc1	False
1488	Spock2	False
1489	Chst3	False
1490	Psap	False
1491	Cdh23	False
1492	4632428N05Rik	False
1493	Gm17455	False
1494	Slc29a3	False
1495	Unc5b	False
1496	Pldi	False
1497	Pcbd1	False
1498	Sgpl1	False
1499	Tbata	False
1500	Adamts14	False
1501	Prf1	False
1502	X99384	False
1503	Nodal	False
1504	Eif4ebp2	False
1505	Lrrc20	False
1506	Npffr1	False
1507	Ppa1	False
1508	Sar1a	False
1509	Tysnd1	False
1510	Aifm2	False
1511	H2afy2	False
1512	Col13a1	False
1513	2010107G23Rik	False
1514	Neurog3	False
1515	Tspan15	False
1516	Tacr2	False
1517	Hk1	False
1518	2210417K05Rik	False
1519	Hkdc1	False
1520	Supv3l1	False
1521	4930507D05Rik	False
1522	Vps26a	False
1523	Srgn	False
1524	2510003E04Rik	False
1525	Ddx21	False
1526	Ddx50	False
1527	Stox1	False
1528	Ccar1	False
1529	Tet1	False
1530	Slc25a16	False
1531	Dna2	False
1532	Rufy2	False
1533	Hnrnph3	False
1534	Pbld2	False
1535	Pbld1	False
1536	Mypn	False
1537	Herc4	False
1538	Sirt1	False
1539	Dnajc12	False
1540	Ctnna3	False
1541	Lrrtm3	False
1542	1700023F02Rik	False
1543	Reep3	False
1544	Jmjd1c	False
1545	Nrbf2	False
1546	Egr2	False
1547	Ado	False
1548	Zfp365	False
1549	Rtkn2	False
1550	Arid5b	False
1551	4930545H06Rik	False
1552	1700040L02Rik	False
1553	Tmem26	False
1554	Rhobtb1	False
1555	Cdk1	False
1556	Ank3	False
1557	Ccdc6	False
1558	2310015B20Rik	False
1559	Slc16a9	False
1560	Fam13c	False
1561	Phyhipl	False
1562	D630013N20Rik	False
1563	Bicc1	False
1564	C730027H18Rik	False
1565	Tfam	False
1566	Ube2d1	False
1567	Cisd1	False
1568	Ipmk	False
1569	Zwint	False
1570	A330049N07Rik	False
1571	Pcdh15	False
1572	Rtdr1	False
1573	Gnaz	False
1574	Rab36	False
1575	Bcr	False
1576	Specc1l	False
1577	Adora2a	False
1578	Gm5779	False
1579	Upb1	False
1580	4933407G14Rik	False
1581	1110038D17Rik	False
1582	Snrpd3	False
1583	AI646023	False
1584	Ggt1	False
1585	Ggt5	False
1586	Susd2	False
1587	Cabin1	False
1588	Ddt	False
1589	Gstt3	False
1590	Gstt1	False
1591	Gstt4	False
1592	Gstt2	False
1593	Mif	False
1594	Derl3	False
1595	Smarcb1	False
1596	Mmp11	False
1597	Chchd10	False
1598	Vpreb3	False
1599	Gm5134	False
1600	Zfp280b	False
1601	Slc5a4b	False
1602	Slc5a4a	False
1603	Prmt2	False
1604	S100b	False
1605	Dip2a	False
1606	Pcnt	False
1607	1700094J05Rik	False
1608	2610028H24Rik	False
1609	Ybey	False
1610	Mcm3ap	False
1611	Lss	False
1612	4930483K19Rik	False
1613	1700027D21Rik	False
1614	Ftcd	False
1615	Col6a2	False
1616	Col6a1	False
1617	Pcbp3	False
1618	Gm10787	False
1619	Slc19a1	False
1620	Col18a1	False
1621	Gm10941	False
1622	Pofut2	False
1623	Adarb1	False
1624	Gm17769	False
1625	1810008A18Rik	False
1626	Itgb2	False
1627	Pttg1ip	False
1628	Sumo3	False
1629	Ube2g2	False
1630	Gm10142	False
1631	Krtap12-1	False
1632	Gm2696	False
1633	Krtap10-10	False
1634	1700009J07Rik	False
1635	Lrrc3	False
1636	Trpm2	False
1637	1810043G02Rik	False
1638	Pfkl	False
1639	Aire	False
1640	Dnmt3l	False
1641	Icosl	False
1642	D10Jhu81e	False
1643	Pwp2	False
1644	Trappc10	False
1645	Agpat3	False
1646	Rrp1	False
1647	Cstb	False
1648	Pdxk	False
1649	Ilvbl	False
1650	Syde1	False
1651	Casp14	False
1652	Ccdc105	False
1653	Slc1a6	False
1654	Olfr57	False
1655	2610008E11Rik	False
1656	Ppap2c	False
1657	Mier2	False
1658	Theg	False
1659	C2cd4c	False
1660	Shc2	False
1661	Odf3l2	False
1662	Madcam1	False
1663	Gm16517	False
1664	Cdc34	False
1665	Gzmm	False
1666	Bc1	False
1667	Bsg	False
1668	Hcn2	False
1669	Polrmt	False
1670	Rnf126	False
1671	Fstl3	False
1672	Prss57	False
1673	Palm	False
1674	9130017N09Rik	False
1675	E130317F20Rik	False
1676	Ptbp1	False
1677	BC005764	False
1678	Prtn3	False
1679	Elane	False
1680	Cfd	False
1681	Med16	False
1682	C030046I01Rik	False
1683	Kiss1r	False
1684	Arid3a	False
1685	Wdr18	False
1686	Grin3b	False
1687	ORF61	False
1688	Cnn2	False
1689	Abca7	False
1690	Hmha1	False
1691	Polr2e	False
1692	Gpx4	False
1693	Sbno2	False
1694	Stk11	False
1695	Dos	False
1696	Atp5d	False
1697	Midn	False
1698	Cirbp	False
1699	1600002K03Rik	False
1700	Efna2	False
1701	Mum1	False
1702	Ndufs7	False
1703	Gamt	False
1704	Dazap1	False
1705	Rps15	False
1706	Apc2	False
1707	2310011J03Rik	False
1708	Pcsk4	False
1709	Reep6	False
1710	Adamtsl5	False
1711	Plk5	False
1712	Mex3d	False
1713	Mbd3	False
1714	Uqcr11	False
1715	Tcf3	False
1716	Onecut3	False
1717	Atp8b3	False
1718	Rexo1	False
1719	Klf16	False
1720	Fam108a	False
1721	Adat3	False
1722	Scamp4	False
1723	Csnk1g2	False
1724	Btbd2	False
1725	Mknk2	False
1726	Mob3a	False
1727	Izumo4	False
1728	Ap3d1	False
1729	Dot1l	False
1730	Plekhj1	False
1731	Sf3a2	False
1732	Amh	False
1733	Jsrp1	False
1734	Oaz1	False
1735	Mir1982	False
1736	Lingo3	False
1737	Lsm7	False
1738	3110056O03Rik	False
1739	Tmprss9	False
1740	Timm13	False
1741	Lmnb2	False
1742	Gadd45b	False
1743	Gng7	False
1744	Diras1	False
1745	Slc39a3	False
1746	Sgta	False
1747	Thop1	False
1748	Creb3l3	False
1749	Map2k2	False
1750	Zbtb7a	False
1751	Pias4	False
1752	Eef2	False
1753	Dapk3	False
1754	2310050B05Rik	False
1755	Itgb1bp3	False
1756	Atcay	False
1757	Zfr2	False
1758	Matk	False
1759	Mrpl54	False
1760	Apba3	False
1761	Tjp3	False
1762	Pip5k1c	False
1763	2510012J08Rik	False
1764	Tbxa2r	False
1765	Gipc3	False
1766	Hmg20b	False
1767	Mfsd12	False
1768	4930404N11Rik	False
1769	Fzr1	False
1770	Dohh	False
1771	2210404O07Rik	False
1772	Nfic	False
1773	Celf5	False
1774	Ncln	False
1775	S1pr4	False
1776	Gna15	False
1777	Gna11	False
1778	Aes	False
1779	Tle2	False
1780	Tle6	False
1781	BC025920	False
1782	Sirt6	False
1783	Ankrd24	False
1784	Gm10778	False
1785	Zfp433	False
1786	Zfp781	False
1787	Zfp873	False
1788	AU041133	False
1789	Zfp938	False
1790	1190007I07Rik	False
1791	Tdg	False
1792	Glt8d2	False
1793	Hcfc2	False
1794	Nfyb	False
1795	1700028I16Rik	False
1796	Txnrd1	False
1797	Eid3	False
1798	Chst11	False
1799	Slc41a2	False
1800	D10Wsu102e	False
1801	Aldh1l2	False
1802	A230046K03Rik	False
1803	Appl2	False
1804	1500009L16Rik	False
1805	Nuak1	False
1806	Ckap4	False
1807	C330046G13Rik	False
1808	Tcp11l2	False
1809	Polr3b	False
1810	Rfx4	False
1811	Ric8b	False
1812	Fhl4	False
1813	AI597468	False
1814	Mterfd3	False
1815	Cry1	False
1816	Btbd11	False
1817	Pwp1	False
1818	Prdm4	False
1819	Ascl4	False
1820	D10Wsu52e	False
1821	Bpifc	False
1822	Fbxo7	False
1823	Syn3	False
1824	Timp3	False
1825	1810014B01Rik	False
1826	Hsp90b1	False
1827	BC030307	False
1828	Nt5dc3	False
1829	Stab2	False
1830	1700113H08Rik	False
1831	Ascl1	False
1832	Pah	False
1833	Igf1	False
1834	Tyms-ps	False
1835	Pmch	False
1836	4930547N16Rik	False
1837	Nup37	False
1838	Ccdc53	False
1839	Dram1	False
1840	Gnptab	False
1841	Sycp3	False
1842	Chpt1	False
1843	Mybpc1	False
1844	Spic	False
1845	Gm4925	False
1846	Arl1	False
1847	Utp20	False
1848	Slc5a8	False
1849	Ano4	False
1850	Gas2l3	False
1851	Nr1h4	False
1852	Slc17a8	False
1853	Scyl2	False
1854	Actr6	False
1855	Uhrf1bp1l	False
1856	Anks1b	False
1857	Apaf1	False
1858	Ikbip	False
1859	Slc25a3	False
1860	Tmpo	False
1861	Rmst	False
1862	LOC627800	False
1863	Nedd1	False
1864	Gm872	False
1865	Cdk17	False
1866	Mir1931	False
1867	Elk3	False
1868	Gm17745	False
1869	Lta4h	False
1870	Hal	False
1871	Amdhd1	False
1872	Ccdc38	False
1873	Snrpf	False
1874	4933408J17Rik	False
1875	Ntn4	False
1876	Gm8580	False
1877	Gm15915	False
1878	Usp44	False
1879	Metap2	False
1880	Vezt	False
1881	Fgd6	False
1882	Nr2c1	False
1883	Ndufa12	False
1884	Gm4792	False
1885	Tmcc3	False
1886	4932415G12Rik	False
1887	Ccdc41	False
1888	Plxnc1	False
1889	Cradd	False
1890	2310039L15Rik	False
1891	Socs2	False
1892	5730420D15Rik	False
1893	Mrpl42	False
1894	Ube2n	False
1895	Nudt4	False
1896	Mir3058	False
1897	Eea1	False
1898	Btg1	False
1899	4930556N09Rik	False
1900	Dcn	False
1901	Lum	False
1902	4930473O22Rik	False
1903	Kera	False
1904	Epyc	False
1905	Gm10754	False
1906	4921510H08Rik	False
1907	Gm8633	False
1908	Atp2b1	False
1909	Poc1b	False
1910	Galnt4	False
1911	Dusp6	False
1912	Gm20110	False
1913	Gm18409	False
1914	Csl	False
1915	Kitl	False
1916	Tmtc3	False
1917	Cep290	False
1918	4930430F08Rik	False
1919	1700017N19Rik	False
1920	Mgat4c	False
1921	Nts	False
1922	Rassf9	False
1923	Alx1	False
1924	Lrriq1	False
1925	Slc6a15	False
1926	Gm4340	False
1927	Tmtc2	False
1928	Gm15663	False
1929	BC067068	False
1930	Ccdc59	False
1931	Ppfia2	False
1932	Acss3	False
1933	Lin7a	False
1934	Myf5	False
1935	Myf6	False
1936	Ptprq	False
1937	Otogl	False
1938	Ppp1r12a	False
1939	Pawr	False
1940	Syt1	False
1941	Gm5136	False
1942	Nav3	False
1943	9230102K24Rik	False
1944	E2f7	False
1945	1700020G17Rik	False
1946	Csrp2	False
1947	Zdhhc17	False
1948	Osbpl8	False
1949	Bbs10	False
1950	Nap1l1	False
1951	Gm5176	False
1952	Phlda1	False
1953	4933440J02Rik	False
1954	LOC629206	False
1955	Krr1	False
1956	Glipr1	False
1957	Glipr1l1	False
1958	Caps2	False
1959	Kcnc2	False
1960	Atxn7l3b	False
1961	Trhde	False
1962	Tph2	False
1963	Tbc1d15	False
1964	Rab21	False
1965	Tmem19	False
1966	Thap2	False
1967	Zfc3h1	False
1968	Lgr5	False
1969	A930009A15Rik	False
1970	Tspan8	False
1971	Ptprr	False
1972	4933416C03Rik	False
1973	Ptprb	False
1974	Kcnmb4	False
1975	1700058G18Rik	False
1976	Cnot2	False
1977	1700030O20Rik	False
1978	Gm239	False
1979	Rab3ip	False
1980	4933412E12Rik	False
1981	D630029K05Rik	False
1982	Best3	False
1983	Lrrc10	False
1984	Cct2	False
1985	Frs2	False
1986	Yeats4	False
1987	9530003J23Rik	False
1988	Lyz2	False
1989	Lyz1	False
1990	Cpsf6	False
1991	Cpm	False
1992	Mdm2	False
1993	Slc35e3	False
1994	Nup107	False
1995	Rap1b	False
1996	4933411E08Rik	False
1997	Mdm1	False
1998	Il22	False
1999	Iltifb	False
2000	Ifng	False
2001	Dyrk2	False
2002	Cand1	False
2003	1700025F24Rik	False
2004	Grip1	False
2005	Helb	False
2006	Irak3	False
2007	Tmbim4	False
2008	Llph	False
2009	Hmga2	False
2010	9230105E05Rik	False
2011	4921513I03Rik	False
2012	Msrb3	False
2013	Gm15910	False
2014	Lemd3	False
2015	Wif1	False
2016	Tbc1d30	False
2017	Gns	False
2018	Rassf3	False
2019	Tbk1	False
2020	Xpot	False
2021	D930020B18Rik	False
2022	BC048403	False
2023	Srgap1	False
2024	Gm9079	False
2025	Tmem5	False
2026	Gm4489	False
2027	Avpr1a	False
2028	A130077B15Rik	False
2029	Ppm1h	False
2030	Mon2	False
2031	Usp15	False
2032	Fam19a2	False
2033	4930503E24Rik	False
2034	Slc16a7	False
2035	Lrig3	False
2036	Xrcc6bp1	False
2037	Ctdsp2	False
2038	Avil	False
2039	Tsfm	False
2040	LOC100504608	False
2041	Mettl1	False
2042	Cyp27b1	False
2043	March9	False
2044	Cdk4	False
2045	Tspan31	False
2046	LOC100504703	False
2047	Agap2	False
2048	Os9	False
2049	B4galnt1	False
2050	Slc26a10	False
2051	Arhgef25	False
2052	Dtx3	False
2053	F420014N23Rik	False
2054	Pip4k2c	False
2055	Kif5a	False
2056	Dctn2	False
2057	Mbd6	False
2058	Ddit3	False
2059	Mars	False
2060	Arhgap9	False
2061	Gli1	False
2062	Inhbe	False
2063	Inhbc	False
2064	R3hdm2	False
2065	Stac3	False
2066	Ndufa4l2	False
2067	Shmt2	False
2068	Nxph4	False
2069	Lrp1	False
2070	Stat6	False
2071	Nab2	False
2072	1700012D01Rik	False
2073	Tmem194	False
2074	Myo1a	False
2075	Tac2	False
2076	Zbtb39	False
2077	Gpr182	False
2078	Rdh1	False
2079	Rdh9	False
2080	Rdh16	False
2081	Rdh18-ps	False
2082	Rdh19	False
2083	BC089597	False
2084	Rdh7	False
2085	Sdr9c7	False
2086	Hsd17b6	False
2087	Prim1	False
2088	Naca	False
2089	Ptges3	False
2090	Atp5b	False
2091	Baz2a	False
2092	Rbms2	False
2093	Gls2	False
2094	Spryd4	False
2095	Mip	False
2096	Timeless	False
2097	Apon	False
2098	Apof	False
2099	Stat2	False
2100	Il23a	False
2101	Pan2	False
2102	Cnpy2	False
2103	Cs	False
2104	Coq10a	False
2105	Ankrd52	False
2106	Slc39a5	False
2107	Obfc2b	False
2108	Rnf41	False
2109	Smarcc2	False
2110	Myl6	False
2111	Myl6b	False
2112	Esyt1	False
2113	Zc3h10	False
2114	Rpl41	False
2115	Pa2g4	False
2116	Erbb3	False
2117	Rps26	False
2118	Ikzf4	False
2119	Suox	False
2120	Rab5b	False
2121	Cdk2	False
2122	Pmel	False
2123	Dgka	False
2124	Wibg	False
2125	Mmp19	False
2126	Tmem198b	False
2127	Dnajc14	False
2128	Ormdl2	False
2129	Sarnp	False
2130	Gdf11	False
2131	Cd63	False
2132	Rdh5	False
2133	Bloc1s1	False
2134	Itga7	False
2135	Mettl7b	False
2136	Olfr772	False
2137	Olfr773	False
2138	Neurod4	False
2139	Tespa1	False
2140	Vmn2r84	False
2141	Pisd-ps1	False
2142	Sfi1	False
2143	Eif4enif1	False
2144	Drg1	False
2145	Patz1	False
2146	Gm11944	False
2147	Pik3ip1	False
2148	Limk2	False
2149	Rnf185	False
2150	8430429K09Rik	False
2151	Pla2g3	False
2152	Inpp5j	False
2153	Selm	False
2154	Smtn	False
2155	Tug1	False
2156	Morc2a	False
2157	Osbp2	False
2158	4921536K21Rik	False
2159	Dusp18	False
2160	Slc35e4	False
2161	Tcn2	False
2162	Pes1	False
2163	Gal3st1	False
2164	Sec14l4	False
2165	Sec14l3	False
2166	Mtfp1	False
2167	Sec14l2	False
2168	Rnf215	False
2169	Ccdc157	False
2170	Sf3a1	False
2171	Tbc1d10a	False
2172	Gatsl3	False
2173	Osm	False
2174	Lif	False
2175	Hormad2	False
2176	Mtmr3	False
2177	Gm11961	False
2178	Ascc2	False
2179	Uqcr10	False
2180	Zmat5	False
2181	Cabp7	False
2182	Nf2	False
2183	Nipsnap1	False
2184	Thoc5	False
2185	Nefh	False
2186	Ap1b1	False
2187	Gas2l1	False
2188	Rasl10a	False
2189	Ewsr1	False
2190	Rhbdd3	False
2191	Emid1	False
2192	Kremen1	False
2193	Znrf3	False
2194	Xbp1	False
2195	Ccdc117	False
2196	Ankrd36	False
2197	Mrps24	False
2198	Urgcp	False
2199	2210015D19Rik	False
2200	Dbnl	False
2201	Pgam2	False
2202	Polm	False
2203	Aebp1	False
2204	Pold2	False
2205	Myl7	False
2206	Gck	False
2207	Ykt6	False
2208	Camk2b	False
2209	Nudcd3	False
2210	Rps15a-ps6	False
2211	Npc1l1	False
2212	Ddx56	False
2213	Tmed4	False
2214	Ogdh	False
2215	Zmiz2	False
2216	Ppia	False
2217	H2afv	False
2218	Purb	False
2219	Myo1g	False
2220	Gm11974	False
2221	Ccm2	False
2222	Nacad	False
2223	Tbrg4	False
2224	Wap	False
2225	Gm11978	False
2226	Ramp3	False
2227	Adcy1	False
2228	Gm11985	False
2229	Igfbp1	False
2230	Igfbp3	False
2231	Tns3	False
2232	Hus1	False
2233	Sun3	False
2234	Gm11992	False
2235	Upp1	False
2236	Abca13	False
2237	Vwc2	False
2238	Zpbp	False
2239	4930415F15Rik	False
2240	Ikzf1	False
2241	Fignl1	False
2242	Ddc	False
2243	1700042O10Rik	False
2244	Grb10	False
2245	Cobl	False
2246	Vstm2a	False
2247	Sec61g	False
2248	Egfr	False
2249	2810442I21Rik	False
2250	Fbxo48	False
2251	Plek	False
2252	Cnrip1	False
2253	Ppp3r1	False
2254	Pno1	False
2255	Wdr92	False
2256	C1d	False
2257	Etaa1	False
2258	Meis1	False
2259	4933406G16Rik	False
2260	Spred2	False
2261	Actr2	False
2262	Rab1	False
2263	Cep68	False
2264	Slc1a4	False
2265	Sertad2	False
2266	Aftph	False
2267	1110067D22Rik	False
2268	Peli1	False
2269	Vps54	False
2270	Ugp2	False
2271	Mdh1	False
2272	Wdpcp	False
2273	Otx1	False
2274	Ehbp1	False
2275	Tmem17	False
2276	B3gnt2	False
2277	Commd1	False
2278	Zrsr1	False
2279	Cct4	False
2280	Fam161a	False
2281	Xpo1	False
2282	Usp34	False
2283	Ahsa2	False
2284	1700093K21Rik	False
2285	Gm12060	False
2286	0610010F05Rik	False
2287	Pex13	False
2288	Pus10	False
2289	Rel	False
2290	Papolg	False
2291	Bcl11a	False
2292	4933430M04Rik	False
2293	5730522E02Rik	False
2294	Fancl	False
2295	Vrk2	False
2296	Gm12070	False
2297	Ccdc85a	False
2298	Efemp1	False
2299	Pnpt1	False
2300	Smek2	False
2301	Ccdc104	False
2302	Ccdc88a	False
2303	Prorsd1	False
2304	Mtif2	False
2305	Rps27a	False
2306	1700034F02Rik	False
2307	Rtn4	False
2308	Eml6	False
2309	4931440F15Rik	False
2310	Spnb2	False
2311	4930505A04Rik	False
2312	Acyp2	False
2313	Psme4	False
2314	Gpr75	False
2315	Erlec1	False
2316	Asb3	False
2317	Chac2	False
2318	Stc2	False
2319	Bod1	False
2320	Cpeb4	False
2321	4930524B15Rik	False
2322	Nsg2	False
2323	Il9r	False
2324	Snrnp25	False
2325	Rhbdf1	False
2326	Mpg	False
2327	Nprl3	False
2328	Hba-x	False
2329	Hba-a1	False
2330	Hba-a2	False
2331	Hbq1b	False
2332	Hbq1a	False
2333	Sh3pxd2b	False
2334	Ubtd2	False
2335	Efcab9	False
2336	Stk10	False
2337	Fbxw11	False
2338	Fgf18	False
2339	Npm1	False
2340	Tlx3	False
2341	Ranbp17	False
2342	Gabrp	False
2343	Kcnip1	False
2344	Kcnmb1	False
2345	Lcp2	False
2346	Foxi1	False
2347	Dock2	False
2348	Fam196b	False
2349	Ccdc99	False
2350	Slit3	False
2351	Pank3	False
2352	Fbll1	False
2353	Rars	False
2354	Wwc1	False
2355	Odz2	False
2356	Mat2b	False
2357	Hmmr	False
2358	Nudcd2	False
2359	Ccng1	False
2360	Gabrg2	False
2361	Gabra1	False
2362	Gabra6	False
2363	Gabrb2	False
2364	Atp10b	False
2365	Pttg1	False
2366	Slu7	False
2367	C1qtnf2	False
2368	Ccnjl	False
2369	Fabp6	False
2370	Pwwp2a	False
2371	Ttc1	False
2372	Adra1b	False
2373	Il12b	False
2374	Ublcp1	False
2375	Rnf145	False
2376	Ebf1	False
2377	Gm12159	False
2378	F630206G17Rik	False
2379	Clint1	False
2380	Lsm11	False
2381	Thg1l	False
2382	Sox30	False
2383	Adam19	False
2384	Nipal4	False
2385	Cyfip2	False
2386	C030019I05Rik	False
2387	Itk	False
2388	Fam71b	False
2389	Med7	False
2390	Havcr2	False
2391	Gm12169	False
2392	BC053393	False
2393	Dppa1	False
2394	Gm4926	False
2395	Timd2	False
2396	Havcr1	False
2397	Timd4	False
2398	Sgcd	False
2399	Gnb2l1	False
2400	Trim41	False
2401	Trim7	False
2402	Irgm1	False
2403	Gm5431	False
2404	Gm12185	False
2405	9930111J21Rik1	False
2406	9930111J21Rik2	False
2407	Tgtp1	False
2408	Olfr56	False
2409	Tgtp2	False
2410	Ifi47	False
2411	Olfr1396	False
2412	Btnl9	False
2413	Zfp62	False
2414	Mgat1	False
2415	Olfr1393	False
2416	Olfr1392	False
2417	Olfr1391	False
2418	Flt4	False
2419	Scgb3a1	False
2420	Cnot6	False
2421	Gfpt2	False
2422	Mapk9	False
2423	Rasgef1c	False
2424	Rnf130	False
2425	Mir340	False
2426	Tbc1d9b	False
2427	3010026O09Rik	False
2428	Sqstm1	False
2429	Mgat4b	False
2430	Ltc4s	False
2431	Maml1	False
2432	Canx	False
2433	Hnrnph1	False
2434	Rufy1	False
2435	Adamts2	False
2436	Zfp354c	False
2437	Zfp879	False
2438	Grm6	False
2439	Zfp454	False
2440	Zfp2	False
2441	Zfp354b	False
2442	Olfr1378	False
2443	Zfp354a	False
2444	9230009I02Rik	False
2445	BC049762	False
2446	Clk4	False
2447	Col23a1	False
2448	Agxt2l2	False
2449	Hnrnpab	False
2450	Nhp2	False
2451	Rmnd5b	False
2452	N4bp3	False
2453	D930048N14Rik	False
2454	0610009B22Rik	False
2455	Sec24a	False
2456	Sar1b	False
2457	Phf15	False
2458	Cdkn2aipnl	False
2459	Ube2b	False
2460	Cdkl3	False
2461	Ppp2ca	False
2462	Mir3061	False
2463	Olfr1373	False
2464	Olfr1372-ps1	False
2465	Skp1a	False
2466	Tcf7	False
2467	Vdac1	False
2468	9530068E07Rik	False
2469	Fstl4	False
2470	Gm11186	False
2471	Hspa4	False
2472	Zcchc10	False
2473	Aff4	False
2474	Leap2	False
2475	Uqcrq	False
2476	Gdf9	False
2477	Shroom1	False
2478	Sowaha	False
2479	Sept8	False
2480	Kif3a	False
2481	Il4	False
2482	Il13	False
2483	Rad50	False
2484	Il5	False
2485	Irf1	False
2486	Gm12216	False
2487	Slc22a5	False
2488	Slc22a21	False
2489	Slc22a4	False
2490	Pdlim4	False
2491	P4ha2	False
2492	4933405E24Rik	False
2493	Csf2	False
2494	Acsl6	False
2495	4930404A10Rik	False
2496	Fnip1	False
2497	Rapgef6	False
2498	Cdc42se2	False
2499	LOC432562	False
2500	Lyrm7	False
2501	Hint1	False
2502	Gpx3	False
2503	Tnip1	False
2504	Anxa6	False
2505	Ccdc69	False
2506	Gm2a	False
2507	Slc36a3	False
2508	Slc36a2	False
2509	4921508A21Rik	False
2510	Slc36a1	False
2511	Fat2	False
2512	Sparc	False
2513	Atox1	False
2514	G3bp1	False
2515	Gm12238	False
2516	Glra1	False
2517	Gria1	False
2518	Fam114a2	False
2519	Mfap3	False
2520	Galnt10	False
2521	Sap30l	False
2522	Hand1	False
2523	Larp1	False
2524	Cnot8	False
2525	Gemin5	False
2526	Mrpl22	False
2527	Gm12250	False
2528	Igtp	False
2529	Irgm2	False
2530	Zfp692	False
2531	Zfp672	False
2532	Sh3bp5l	False
2533	2210415F13Rik	False
2534	1810065E05Rik	False
2535	Gm12253	False
2536	Olfr332	False
2537	Olfr330	False
2538	2210407C18Rik	False
2539	Trim58	False
2540	Fam183b	False
2541	2810021J22Rik	False
2542	Zfp39	False
2543	Btnl10	False
2544	Rnf187	False
2545	Hist3h2ba	False
2546	Hist3h2bb-ps	False
2547	Hist3h2a	False
2548	Trim17	False
2549	Trim11	False
2550	Obscn	False
2551	A230051G13Rik	False
2552	Gjc2	False
2553	Guk1	False
2554	2610507I01Rik	False
2555	Mrpl55	False
2556	2310033P09Rik	False
2557	Arf1	False
2558	Wnt3a	False
2559	Wnt9a	False
2560	Prss38	False
2561	Snap47	False
2562	Jmjd4	False
2563	Zfp867	False
2564	Zkscan17	False
2565	4933439C10Rik	False
2566	Nlrp3	False
2567	Mprip	False
2568	1700007J10Rik	False
2569	Pld6	False
2570	Flcn	False
2571	Gm16062	False
2572	Cops3	False
2573	Nt5m	False
2574	1700013G23Rik	False
2575	Med9	False
2576	Rasd1	False
2577	Pemt	False
2578	Rai1	False
2579	Srebf1	False
2580	Tom1l2	False
2581	Lrrc48	False
2582	Atpaf2	False
2583	4933439F18Rik	False
2584	Drg2	False
2585	Myo15	False
2586	Alkbh5	False
2587	Llgl1	False
2588	Flii	False
2589	Smcr7	False
2590	Top3a	False
2591	Smcr8	False
2592	Shmt1	False
2593	Dhrs7b	False
2594	Tmem11	False
2595	Gm16515	False
2596	Gm16516	False
2597	Map2k3	False
2598	Kcnj12	False
2599	Tnfrsf13b	False
2600	Usp22	False
2601	Aldh3a1	False
2602	Aldh3a2	False
2603	Slc47a2	False
2604	Slc47a1	False
2605	Rnf112	False
2606	Mfap4	False
2607	Mapk7	False
2608	B9d1	False
2609	Epn2	False
2610	Grap	False
2611	Slc5a10	False
2612	Fam83g	False
2613	Prpsap2	False
2614	Ulk2	False
2615	Akap10	False
2616	Specc1	False
2617	Adora2b	False
2618	Zswim7	False
2619	Ttc19	False
2620	Ncor1	False
2621	Pigl	False
2622	Cenpv	False
2623	Ubb	False
2624	Gm1821	False
2625	Trpv2	False
2626	2410006H16Rik	False
2627	BC046404	False
2628	Mmgt2	False
2629	Zfp287	False
2630	Zfp286	False
2631	Trim16	False
2632	Fbxw10	False
2633	Fam18b	False
2634	Cdrt4	False
2635	Tekt3	False
2636	Pmp22	False
2637	Hs3st3b1	False
2638	Cox10	False
2639	2810001G20Rik	False
2640	F930015N05Rik	False
2641	Hs3st3a1	False
2642	Elac2	False
2643	Arhgap44	False
2644	Myocd	False
2645	Gm12295	False
2646	Map2k4	False
2647	Mir744	False
2648	Zkscan6	False
2649	Dnahc9	False
2650	Shisa6	False
2651	Gm12298	False
2652	Pirt	False
2653	Tmem220	False
2654	2310004I24Rik	False
2655	Sco1	False
2656	Myh3	False
2657	2310065F04Rik	False
2658	Myh2	False
2659	Myh1	False
2660	Myh4	False
2661	Myh8	False
2662	Myh13	False
2663	Gas7	False
2664	Rcvrn	False
2665	Glp2r	False
2666	Dhrs7c	False
2667	Usp43	False
2668	Wdr16	False
2669	Stx8	False
2670	Ntn1	False
2671	Pik3r5	False
2672	Pik3r6	False
2673	Mfsd6l	False
2674	Ccdc42	False
2675	Myh10	False
2676	Ndel1	False
2677	Rnf222	False
2678	Rpl26	False
2679	Odf4	False
2680	Arhgef15	False
2681	Slc25a35	False
2682	Rangrf	False
2683	Pfas	False
2684	1500010J02Rik	False
2685	Aurkb	False
2686	2310047M10Rik	False
2687	Tmem107	False
2688	Vamp2	False
2689	Per1	False
2690	Hes7	False
2691	Aloxe3	False
2692	Alox12b	False
2693	Alox8	False
2694	Gucy2e	False
2695	Cntrob	False
2696	Trappc1	False
2697	Kcnab3	False
2698	A030009H04Rik	False
2699	Chd3	False
2700	Cyb5d1	False
2701	Lsmd1	False
2702	Tmem88	False
2703	Kdm6b	False
2704	Dnahc2	False
2705	Efnb3	False
2706	Wrap53	False
2707	Trp53	False
2708	Atp1b2	False
2709	Shbg	False
2710	Sat2	False
2711	Fxr2	False
2712	Sox15	False
2713	Mpdu1	False
2714	Cd68	False
2715	Eif4a1	False
2716	Senp3	False
2717	BC096441	False
2718	Tnfsf13	False
2719	Tnfsf12	False
2720	Polr2a	False
2721	Amac1	False
2722	Zbtb4	False
2723	Chrnb1	False
2724	Fgf11	False
2725	Tmem102	False
2726	G630025P09Rik	False
2727	4933402P03Rik	False
2728	Spem1	False
2729	Nlgn2	False
2730	1810027O10Rik	False
2731	Plscr3	False
2732	Tnk1	False
2733	Tmem95	False
2734	Kctd11	False
2735	Acap1	False
2736	2810408A11Rik	False
2737	Neurl4	False
2738	Gps2	False
2739	Eif5a	False
2740	Ybx2	False
2741	Slc2a4	False
2742	Cldn7	False
2743	Rai12	False
2744	Ctdnep1	False
2745	Gabarap	False
2746	Phf23	False
2747	Dvl2	False
2748	Acadvl	False
2749	Dlg4	False
2750	Asgr1	False
2751	Asgr2	False
2752	Mgl2	False
2753	Clec10a	False
2754	Slc16a11	False
2755	Slc16a13	False
2756	Bcl6b	False
2757	0610010K14Rik	False
2758	Rnasek	False
2759	Alox12	False
2760	Alox12e	False
2761	Alox15	False
2762	Pelp1	False
2763	Arrb2	False
2764	Med11	False
2765	Cxcl16	False
2766	Zmynd15	False
2767	Tm4sf5	False
2768	Vmo1	False
2769	Gltpd2	False
2770	Psmb6	False
2771	Pld2	False
2772	Mink1	False
2773	Chrne	False
2774	4930544D05Rik	False
2775	Gp1ba	False
2776	Slc25a11	False
2777	Rnf167	False
2778	Pfn1	False
2779	Eno3	False
2780	Spag7	False
2781	Camta2	False
2782	Inca1	False
2783	Kif1c	False
2784	Zfp3	False
2785	A430084P05Rik	False
2786	Rabep1	False
2787	Nup88	False
2788	Rpain	False
2789	C1qbp	False
2790	Dhx33	False
2791	Derl2	False
2792	Mis12	False
2793	6330403K07Rik	False
2794	Nlrp1a	False
2795	Nlrp1b	False
2796	Nlrp1c-ps	False
2797	Wscd1	False
2798	Aipl1	False
2799	Fam64a	False
2800	Pitpnm3	False
2801	4933427D14Rik	False
2802	Txndc17	False
2803	Med31	False
2804	4930563E22Rik	False
2805	Slc13a5	False
2806	1700051A21Rik	False
2807	Xaf1	False
2808	Fbxo39	False
2809	Tekt1	False
2810	Smtnl2	False
2811	Ggt6	False
2812	Mybbp1a	False
2813	Spns2	False
2814	Spns3	False
2815	Ube2g1	False
2816	Ankfy1	False
2817	Cyb5d2	False
2818	Zzef1	False
2819	Atp2a3	False
2820	P2rx1	False
2821	Camkk1	False
2822	1200014J11Rik	False
2823	Itgae	False
2824	Gsg2	False
2825	P2rx5	False
2826	Tmem93	False
2827	Tax1bp3	False
2828	Ctns	False
2829	Shpk	False
2830	Trpv3	False
2831	Aspa	False
2832	Spata22	False
2833	Zfp616	False
2834	Olfr411	False
2835	Rap1gap2	False
2836	E130309D14Rik	False
2837	1300001I01Rik	False
2838	Pafah1b1	False
2839	Mettl16	False
2840	Mnt	False
2841	Sgsm2	False
2842	Tsr1	False
2843	Srr	False
2844	Smg6	False
2845	Hic1	False
2846	Mir212	False
2847	Ovca2	False
2848	Dph1	False
2849	Rtn4rl1	False
2850	Rpa1	False
2851	Smyd4	False
2852	Serpinf1	False
2853	Serpinf2	False
2854	Wdr81	False
2855	2210403K04Rik	False
2856	Tlcd2	False
2857	Prpf8	False
2858	Rilp	False
2859	Scarf1	False
2860	Slc43a2	False
2861	Pitpna	False
2862	Inpp5k	False
2863	Myo1c	False
2864	Crk	False
2865	Ywhae	False
2866	Doc2b	False
2867	Rph3al	False
2868	1700016K19Rik	False
2869	Fam101b	False
2870	Vps53	False
2871	Fam57a	False
2872	Gemin4	False
2873	Dbil5	False
2874	Glod4	False
2875	Rnmtl1	False
2876	Nxn	False
2877	Timm22	False
2878	Abr	False
2879	Bhlha9	False
2880	Tusc5	False
2881	Gosr1	False
2882	Cpd	False
2883	Tmigd1	False
2884	Blmh	False
2885	Slc6a4	False
2886	Ccdc55	False
2887	Mir423	False
2888	Efcab5	False
2889	Ssh2	False
2890	Coro6	False
2891	Ankrd13b	False
2892	Git1	False
2893	Trp53i13	False
2894	Abhd15	False
2895	Taok1	False
2896	Nufip2	False
2897	Cryba1	False
2898	Myo18a	False
2899	Pipox	False
2900	Sez6	False
2901	Phf12	False
2902	Dhrs13	False
2903	Flot2	False
2904	Mir451	False
2905	Eral1	False
2906	BC017647	False
2907	Traf4	False
2908	Nek8	False
2909	Tlcd1	False
2910	Rpl23a	False
2911	Rab34	False
2912	Proca1	False
2913	Supt6h	False
2914	Sdf2	False
2915	2610507B11Rik	False
2916	Spag5	False
2917	Aldoc	False
2918	Pigs	False
2919	Unc119	False
2920	Foxn1	False
2921	Gm11194	False
2922	Slc13a2	False
2923	Slc46a1	False
2924	Sarm1	False
2925	Vtn	False
2926	Sebox	False
2927	Tmem199	False
2928	Poldip2	False
2929	Tnfaip1	False
2930	Ift20	False
2931	Tmem97	False
2932	Nlk	False
2933	Fam58b	False
2934	1810012P15Rik	False
2935	Nos2	False
2936	Lgals9	False
2937	Ksr1	False
2938	Gm11201	False
2939	Wsb1	False
2940	Nf1	False
2941	AU040972	False
2942	Omg	False
2943	Evi2b	False
2944	Evi2a	False
2945	Rab11fip4	False
2946	Gm11202	False
2947	Utp6	False
2948	Suz12	False
2949	Crlf3	False
2950	Atad5	False
2951	1110002N22Rik	False
2952	Adap2	False
2953	Rnf135	False
2954	Rhot1	False
2955	Rhbdl3	False
2956	5730455P16Rik	False
2957	Zfp207	False
2958	Psmd11	False
2959	Cdk5r1	False
2960	Myo1d	False
2961	Tmem98	False
2962	Spaca3	False
2963	Accn1	False
2964	1700071K01Rik	False
2965	5530401A14Rik	False
2966	Ccl2	False
2967	Ccl7	False
2968	Ccl11	False
2969	Ccl12	False
2970	Ccl8	False
2971	Ccl1	False
2972	Tmem132e	False
2973	Cct6b	False
2974	Zfp830	False
2975	Lig3	False
2976	Rffl	False
2977	Rad51l3	False
2978	Fndc8	False
2979	Nle1	False
2980	Unc45b	False
2981	1700003F17Rik	False
2982	Slfn5	False
2983	Slfn9	False
2984	Slfn8	False
2985	Slfn10-ps	False
2986	Slfn2	False
2987	Slfn1	False
2988	Slfn4	False
2989	Slfn3	False
2990	AI662270	False
2991	Slfn14-ps	False
2992	AA465934	False
2993	AI450353	False
2994	Pex12	False
2995	Ap2b1	False
2996	Rasl10b	False
2997	Gas2l2	False
2998	1700020L24Rik	False
2999	Mmp28	False
3000	Taf15	False
3001	Gm11435	False
3002	Ccl5	False
3003	Ccl9	False
3004	E230016K23Rik	False
3005	Ccl6	False
3006	Ccl3	False
3007	Ccl4	False
3008	Gm11428	False
3009	Expi	False
3010	1100001G20Rik	False
3011	Heatr6	False
3012	Hnf1b	False
3013	Ddx52	False
3014	Synrg	False
3015	Dusp14	False
3016	Tada2a	False
3017	Gm11437	False
3018	Acaca	False
3019	Aatf	False
3020	Lhx1	False
3021	1500016L03Rik	False
3022	1700109G15Rik	False
3023	Mrm1	False
3024	Dhrs11	False
3025	4930502E09Rik	False
3026	Ggnbp2	False
3027	Pigw	False
3028	Myo19	False
3029	Znhit3	False
3030	Car4	False
3031	Usp32	False
3032	1700125H20Rik	False
3033	Appbp2	False
3034	D630032N06Rik	False
3035	Ppm1d	False
3036	Bcas3	False
3037	8430403D17Rik	False
3038	9530048J24Rik	False
3039	Tbx2	False
3040	Tbx4	False
3041	Brip1	False
3042	Ints2	False
3043	Med13	False
3044	Rnft1	False
3045	Rps6kb1	False
3046	Tubd1	False
3047	Vmp1	False
3048	Ptrh2	False
3049	Cltc	False
3050	Dhx40	False
3051	Ypel2	False
3052	Gdpd1	False
3053	1200011M11Rik	False
3054	Prr11	False
3055	Fam33a	False
3056	Trim37	False
3057	Ppm1e	False
3058	Rad51c	False
3059	Tex14	False
3060	Sept4	False
3061	Mtmr4	False
3062	Hsf5	False
3063	Rnf43	False
3064	1110028F11Rik	False
3065	Supt4h1	False
3066	Bzrap1	False
3067	Mpo	False
3068	Lpo	False
3069	Mks1	False
3070	Epx	False
3071	Dynll2	False
3072	Srsf1	False
3073	Vezf1	False
3074	2210416O15Rik	False
3075	Cuedc1	False
3076	Mrps23	False
3077	1700106J16Rik	False
3078	Msi2	False
3079	C030037D09Rik	False
3080	Akap1	False
3081	4930405P13Rik	False
3082	Scpep1	False
3083	Gm15698	False
3084	2210409E12Rik	False
3085	Coil	False
3086	Trim25	False
3087	Dgke	False
3088	Gm525	False
3089	Nog	False
3090	4932411E22Rik	False
3091	Ankfn1	False
3092	Pctp	False
3093	Tmem100	False
3094	Mmd	False
3095	Hlf	False
3096	Stxbp4	False
3097	Cox11	False
3098	Tom1l1	False
3099	4930405D11Rik	False
3100	Car10	False
3101	Utp18	False
3102	Mbtd1	False
3103	Nme2	False
3104	Nme1	False
3105	Spag9	False
3106	Tob1	False
3107	Wfikkn2	False
3108	Luc7l3	False
3109	Ankrd40	False
3110	Abcc3	False
3111	Cacna1g	False
3112	Spata20	False
3113	Epn3	False
3114	Mycbpap	False
3115	Rsad1	False
3116	Acsf2	False
3117	Chad	False
3118	Lrrc59	False
3119	Eme1	False
3120	Mrpl27	False
3121	Xylt2	False
3122	Gm11541	False
3123	Gm11545	False
3124	Tmem92	False
3125	Gm11544	False
3126	Col1a1	False
3127	Sgca	False
3128	Hils1	False
3129	Ppp1r9b	False
3130	Samd14	False
3131	Pdk2	False
3132	Itga3	False
3133	Dlx3	False
3134	Dlx4	False
3135	A730090H04Rik	False
3136	Tac4	False
3137	Myst2	False
3138	Fam117a	False
3139	Slc35b1	False
3140	Spop	False
3141	Nxph3	False
3142	Ngfr	False
3143	Phb	False
3144	1110035M17Rik	False
3145	B130006D01Rik	False
3146	Zfp652	False
3147	Phospho1	False
3148	Abi3	False
3149	Gngt2	False
3150	4833417C18Rik	False
3151	B4galnt2	False
3152	Igf2bp1	False
3153	Gip	False
3154	Snf8	False
3155	Ube2z	False
3156	Atp5g1	False
3157	Calcoco2	False
3158	Ttll6	False
3159	Hoxb13	False
3160	Gm53	False
3161	Mir196a-1	False
3162	Hoxb9	False
3163	Hoxb8	False
3164	Hoxb7	False
3165	Hoxb6	False
3166	Hoxb5	False
3167	Mir10a	False
3168	Hoxb4	False
3169	Hoxb3	False
3170	Hoxb2	False
3171	Hoxb1	False
3172	Gm11529	False
3173	Skap1	False
3174	Snx11	False
3175	Cbx1	False
3176	Gm11517	False
3177	Nfe2l1	False
3178	Copz2	False
3179	Cdk5rap3	False
3180	Prr15l	False
3181	Pnpo	False
3182	D030028A08Rik	False
3183	Sp2	False
3184	Sp6	False
3185	Scrn2	False
3186	Lrrc46	False
3187	Mrpl10	False
3188	Osbpl7	False
3189	Tbx21	False
3190	Tbkbp1	False
3191	Kpnb1	False
3192	Npepps	False
3193	Mrpl45	False
3194	Gpr179	False
3195	Socs7	False
3196	Arhgap23	False
3197	Srcin1	False
3198	2410003L11Rik	False
3199	E130012A19Rik	False
3200	Mllt6	False
3201	Cisd3	False
3202	Pcgf2	False
3203	Psmb3	False
3204	Pip4k2b	False
3205	Cwc25	False
3206	1700001P01Rik	False
3207	Rpl23	False
3208	Snora21	False
3209	Lasp1	False
3210	B230217C12Rik	False
3211	Fbxo47	False
3212	Plxdc1	False
3213	Arl5c	False
3214	Cacnb1	False
3215	Rpl19	False
3216	Stac2	False
3217	Fbxl20	False
3218	Med1	False
3219	Cdk12	False
3220	Neurod2	False
3221	Ppp1r1b	False
3222	1700003D09Rik	False
3223	Stard3	False
3224	Tcap	False
3225	Pnmt	False
3226	Pgap3	False
3227	Erbb2	False
3228	1810046J19Rik	False
3229	Grb7	False
3230	Ikzf3	False
3231	Zpbp2	False
3232	Ormdl3	False
3233	Gsdma3	False
3234	Gsdma	False
3235	Psmd3	False
3236	Csf3	False
3237	Med24	False
3238	Thra	False
3239	Nr1d1	False
3240	Msl1	False
3241	Gm12359	False
3242	Casc3	False
3243	Rapgefl1	False
3244	Wipf2	False
3245	Cdc6	False
3246	Rara	False
3247	Gjd3	False
3248	Top2a	False
3249	Igfbp4	False
3250	Tns4	False
3251	Ccr7	False
3252	Smarce1	False
3253	Krt222	False
3254	Krt24	False
3255	Krt25	False
3256	Krt26	False
3257	Krt27	False
3258	Krt28	False
3259	Krt10	False
3260	Krt12	False
3261	Krt20	False
3262	Krt23	False
3263	Krt39	False
3264	Krt40	False
3265	Krtap3-3	False
3266	Krtap3-2	False
3267	Krtap3-1	False
3268	Krtap1-5	False
3269	Krtap1-4	False
3270	Krtap1-3	False
3271	Krtap9-3	False
3272	Gm11938	False
3273	Gm11937	False
3274	Krtap2-4	False
3275	Gm11562	False
3276	Krtap4-1	False
3277	Krtap4-2	False
3278	Krtap4-7	False
3279	Gm11563	False
3280	Krtap4-6	False
3281	Gm11595	False
3282	Krtap4-8	False
3283	Krtap4-9	False
3284	Gm11596	False
3285	Gm11554	False
3286	Gm11569	False
3287	Krtap4-13	False
3288	Gm11564	False
3289	Krtap4-16	False
3290	Gm11568	False
3291	Gm11559	False
3292	Krtap9-1	False
3293	Gm11567	False
3294	Gm11570	False
3295	Krtap17-1	False
3296	Krt33a	False
3297	Krt33b	False
3298	Krt34	False
3299	Krt31	False
3300	Krt32	False
3301	Krt35	False
3302	Krt36	False
3303	Krt13	False
3304	Krt15	False
3305	Krt19	False
3306	Krt9	False
3307	Krt14	False
3308	Krt16	False
3309	Krt17	False
3310	Krt42	False
3311	Eif1	False
3312	Gast	False
3313	Hap1	False
3314	Jup	False
3315	Leprel4	False
3316	Fkbp10	False
3317	Nt5c3l	False
3318	Klhl10	False
3319	Klhl11	False
3320	Acly	False
3321	Ttc25	False
3322	Cnp	False
3323	Dnajc7	False
3324	Nkiras2	False
3325	Zfp385c	False
3326	Dhx58	False
3327	Kat2a	False
3328	Hspb9	False
3329	Rab5c	False
3330	Kcnh4	False
3331	Hcrt	False
3332	Ghdc	False
3333	Stat5b	False
3334	Stat5a	False
3335	Stat3	False
3336	Ptrf	False
3337	Atp6v0a1	False
3338	Naglu	False
3339	Hsd17b1	False
3340	Coasy	False
3341	Mlx	False
3342	Psmc3ip	False
3343	Fam134c	False
3344	Tubg1	False
3345	Tubg2	False
3346	Plekhh3	False
3347	Ccr10	False
3348	Cntnap1	False
3349	Ezh1	False
3350	Ramp2	False
3351	Vps25	False
3352	Wnk4	False
3353	Ccdc56	False
3354	Cntd1	False
3355	Becn1	False
3356	Psme3	False
3357	Aoc2	False
3358	Aoc3	False
3359	G6pc	False
3360	Aarsd1	False
3361	1700113I22Rik	False
3362	Rundc1	False
3363	Rpl27	False
3364	Ifi35	False
3365	Vat1	False
3366	Rnd2	False
3367	Brca1	False
3368	Nbr1	False
3369	Tmem106a	False
3370	LOC666331	False
3371	Rdm1	False
3372	Arl4d	False
3373	Dhx8	False
3374	Etv4	False
3375	Meox1	False
3376	4930417O22Rik	False
3377	Sost	False
3378	Dusp3	False
3379	1700006E09Rik	False
3380	Mpp3	False
3381	Cd300lg	False
3382	Mpp2	False
3383	Ppy	False
3384	Pyy	False
3385	Nags	False
3386	Tmem101	False
3387	Lsm12	False
3388	G6pc3	False
3389	Hdac5	False
3390	BC030867	False
3391	Asb16	False
3392	Tmub2	False
3393	Atxn7l3	False
3394	Ubtf	False
3395	Slc4a1	False
3396	Rundc3a	False
3397	Slc25a39	False
3398	Grn	False
3399	Fam171a2	False
3400	Itga2b	False
3401	Gpatch8	False
3402	Gm11627	False
3403	Fzd2	False
3404	2810433D01Rik	False
3405	Gm1564	False
3406	Ccdc43	False
3407	Adam11	False
3408	Gjc1	False
3409	Higd1b	False
3410	Eftud2	False
3411	Ccdc103	False
3412	Fam187a	False
3413	Gfap	False
3414	Kif18b	False
3415	C1ql1	False
3416	2410004I01Rik	False
3417	Dcakd	False
3418	Nmt1	False
3419	Plcd3	False
3420	Acbd4	False
3421	Hexim1	False
3422	Hexim2	False
3423	Fmnl1	False
3424	1700023F06Rik	False
3425	4933400C05Rik	False
3426	Map3k14	False
3427	Arhgap27	False
3428	Gm11648	False
3429	Plekhm1	False
3430	Gm884	False
3431	Lyzl6	False
3432	Rprml	False
3433	Gosr2	False
3434	Wnt9b	False
3435	Wnt3	False
3436	Nsf	False
3437	Arf2	False
3438	Crhr1	False
3439	Mapt	False
3440	1700081L11Rik	False
3441	Cdc27	False
3442	Myl4	False
3443	Itgb3	False
3444	Efcab3	False
3445	Mettl2	False
3446	1700052K11Rik	False
3447	Tlk2	False
3448	Mrc2	False
3449	March10	False
3450	Tanc2	False
3451	Cyb561	False
3452	Ace	False
3453	Ace3	False
3454	Kcnh6	False
3455	Dcaf7	False
3456	Taco1	False
3457	Map3k3	False
3458	Limd2	False
3459	Strada	False
3460	Ccdc47	False
3461	Ddx42	False
3462	Ftsj3	False
3463	Psmc5	False
3464	Smarcd2	False
3465	Tcam1	False
3466	Gh	False
3467	Cd79b	False
3468	Scn4a	False
3469	2310007L24Rik	False
3470	Icam2	False
3471	Ern1	False
3472	Snord104	False
3473	Tex2	False
3474	Pecam1	False
3475	Gm885	False
3476	Polg2	False
3477	Ddx5	False
3478	Mir3064	False
3479	Ccdc45	False
3480	Smurf2	False
3481	Kpna2	False
3482	1810010H24Rik	False
3483	Bptf	False
3484	Nol11	False
3485	Pitpnc1	False
3486	Psmd12	False
3487	Helz	False
3488	Cacng1	False
3489	Cacng4	False
3490	Cacng5	False
3491	Prkca	False
3492	Apoh	False
3493	Ccdc46	False
3494	Axin2	False
3495	E030025P04Rik	False
3496	Rgs9	False
3497	1700096J18Rik	False
3498	Gm11696	False
3499	Gna13	False
3500	Amz2	False
3501	LOC100503496	False
3502	Slc16a6	False
3503	Arsg	False
3504	Wipi1	False
3505	Prkar1a	False
3506	Fam20a	False
3507	1700012B07Rik	False
3508	Abca8b	False
3509	Abca8a	False
3510	Abca9	False
3511	Abca6	False
3512	Abca5	False
3513	Map2k6	False
3514	Kcnj16	False
3515	Kcnj2	False
3516	BC006965	False
3517	Sox9	False
3518	2610035D17Rik	False
3519	4732490B19Rik	False
3520	Slc39a11	False
3521	Sstr2	False
3522	Cog1	False
3523	D11Wsu99e	False
3524	D11Wsu47e	False
3525	Cpsf4l	False
3526	Cdc42ep4	False
3527	Sdk2	False
3528	1700092K14Rik	False
3529	4932435O22Rik	False
3530	Rpl38	False
3531	Ttyh2	False
3532	Dnaic2	False
3533	Kif19a	False
3534	Btbd17	False
3535	Gpr142	False
3536	Gprc5c	False
3537	Cd300a	False
3538	Cd300lb	False
3539	Cd300c	False
3540	Cd300ld	False
3541	AF251705	False
3542	Cd300lh	False
3543	Cd300e	False
3544	Rab37	False
3545	Cd300lf	False
3546	Slc9a3r1	False
3547	Nat9	False
3548	Tmem104	False
3549	Grin2c	False
3550	Fdxr	False
3551	Fads6	False
3552	Otop2	False
3553	Ush1g	False
3554	Otop3	False
3555	C630004H02Rik	False
3556	Cdr2l	False
3557	Ict1	False
3558	Atp5h	False
3559	Kctd2	False
3560	4933422H20Rik	False
3561	Slc16a5	False
3562	Armc7	False
3563	Nt5c	False
3564	Hn1	False
3565	Sumo2	False
3566	Nup85	False
3567	Gga3	False
3568	Mrps7	False
3569	Mif4gd	False
3570	Slc25a19	False
3571	Grb2	False
3572	2310067B10Rik	False
3573	Caskin2	False
3574	Tsen54	False
3575	Llgl2	False
3576	Recql5	False
3577	2210020M01Rik	False
3578	1110017F19Rik	False
3579	Sap30bp	False
3580	Itgb4	False
3581	Galk1	False
3582	H3f3b	False
3583	Unk	False
3584	Unc13d	False
3585	Wbp2	False
3586	Trim47	False
3587	Trim65	False
3588	Mrpl38	False
3589	Fbf1	False
3590	Acox1	False
3591	2310004N24Rik	False
3592	Cdk3-ps	False
3593	Evpl	False
3594	Srp68	False
3595	Galr2	False
3596	Exoc7	False
3597	Foxj1	False
3598	Rnf157	False
3599	Fam100b	False
3600	Qrich2	False
3601	Prpsap1	False
3602	Sphk1	False
3603	Ube2o	False
3604	Aanat	False
3605	Rhbdf2	False
3606	Cygb	False
3607	Gm11744	False
3608	1810032O08Rik	False
3609	St6galnac2	False
3610	BC018473	False
3611	St6galnac1	False
3612	Mxra7	False
3613	Jmjd6	False
3614	1110005A03Rik	False
3615	Srsf2	False
3616	Mfsd11	False
3617	Mgat5b	False
3618	2810008D09Rik	False
3619	Sec14l1	False
3620	Sept9	False
3621	2900041M22Rik	False
3622	Tnrc6c	False
3623	Tmc6	False
3624	Tmc8	False
3625	6030468B19Rik	False
3626	Syngr2	False
3627	Tk1	False
3628	Afmid	False
3629	Birc5	False
3630	Cldn27	False
3631	Tha1	False
3632	Socs3	False
3633	Pgs1	False
3634	Dnahc17	False
3635	Cyth1	False
3636	Usp36	False
3637	Timp2	False
3638	BC100451	False
3639	Lgals3bp	False
3640	Cant1	False
3641	C1qtnf1	False
3642	Gm11747	False
3643	Engase	False
3644	Rbfox3	False
3645	Cbx2	False
3646	Cbx8	False
3647	Cbx4	False
3648	Tbc1d16	False
3649	Ccdc40	False
3650	Gaa	False
3651	Eif4a3	False
3652	Card14	False
3653	Sgsh	False
3654	Slc26a11	False
3655	Mir1932	False
3656	A730011L01Rik	False
3657	Nptx1	False
3658	Gm11762	False
3659	Rptor	False
3660	A430071A18Rik	False
3661	Chmp6	False
3662	Baiap2	False
3663	Aatk	False
3664	Azi1	False
3665	2410002I01Rik	False
3666	1810043H04Rik	False
3667	Slc38a10	False
3668	2810410L24Rik	False
3669	Bahcc1	False
3670	Actg1	False
3671	0610009L18Rik	False
3672	Fscn2	False
3673	2310003H01Rik	False
3674	Nploc4	False
3675	Tspan10	False
3676	Pde6g	False
3677	1810049H13Rik	False
3678	Ccdc137	False
3679	Arl16	False
3680	Hgs	False
3681	Mrpl12	False
3682	Slc25a10	False
3683	Gcgr	False
3684	Fam195b	False
3685	Ppp1r27	False
3686	P4hb	False
3687	Arhgdia	False
3688	Alyref	False
3689	Anapc11	False
3690	Npb	False
3691	Pcyt2	False
3692	Sirt7	False
3693	Mafg	False
3694	Pycr1	False
3695	Myadml2	False
3696	Notum	False
3697	Aspscr1	False
3698	Stra13	False
3699	Lrrc45	False
3700	Rac3	False
3701	Dcxr	False
3702	Cbr2	False
3703	Rfng	False
3704	Gps1	False
3705	Dus1l	False
3706	Fasn	False
3707	Ccdc57	False
3708	Slc16a3	False
3709	Csnk1d	False
3710	Cd7	False
3711	Sectm1b	False
3712	Sectm1a	False
3713	Tex19.2	False
3714	Tex19.1	False
3715	Uts2r	False
3716	1110031I02Rik	False
3717	Hexdc	False
3718	BC017643	False
3719	Narf	False
3720	Foxk2	False
3721	Wdr45l	False
3722	Rab40b	False
3723	Fn3krp	False
3724	Fn3k	False
3725	Tbcd	False
3726	Zfp750	False
3727	B3gntl1	False
3728	Metrnl	False
3729	Ptchd3	False
3730	1700012B15Rik	False
3731	Rab10	False
3732	Kif3c	False
3733	1110002L01Rik	False
3734	Asxl2	False
3735	Dtnb	False
3736	Dnmt3a	False
3737	Gm10485	False
3738	Pomc	False
3739	Efr3b	False
3740	Dnajc27	False
3741	Adcy3	False
3742	Cenpo	False
3743	2410017P09Rik	False
3744	Ncoa1	False
3745	Itsn2	False
3746	4930417G10Rik	False
3747	A830093I24Rik	False
3748	Pfn4	False
3749	Gm6682	False
3750	0610009D07Rik	False
3751	Fkbp1b	False
3752	BC068281	False
3753	Mfsd2b	False
3754	Ubxn2a	False
3755	Atad2b	False
3756	Klhl29	False
3757	2810032G03Rik	False
3758	Apob	False
3759	1110057K04Rik	False
3760	Gdf7	False
3761	Hs1bp3	False
3762	Rhob	False
3763	Slc7a15	False
3764	Pum2	False
3765	Sdc1	False
3766	Laptm4a	False
3767	Matn3	False
3768	Wdr35	False
3769	Ttc32	False
3770	1700022H16Rik	False
3771	Osr1	False
3772	Rdh14	False
3773	Kcns3	False
3774	Msgn1	False
3775	Gen1	False
3776	Smc6	False
3777	Vsnl1	False
3778	4930511A02Rik	False
3779	Rad51ap2	False
3780	Tubb2a-ps2	False
3781	Fam49a	False
3782	4921511I17Rik	False
3783	Mycn	False
3784	Ddx1	False
3785	Nbas	False
3786	Fam84a	False
3787	Gm16497	False
3788	Trib2	False
3789	Lpin1	False
3790	Ntsr2	False
3791	Greb1	False
3792	E2f6	False
3793	Rock2	False
3794	Pqlc3	False
3795	2410004P03Rik	False
3796	Kcnf1	False
3797	Pdia6	False
3798	Atp6v1c2	False
3799	Nol10	False
3800	Odc1	False
3801	Hpcal1	False
3802	5730507C01Rik	False
3803	1700030C10Rik	False
3804	Asap2	False
3805	Itgb1bp1	False
3806	Cpsf3	False
3807	Iah1	False
3808	Adam17	False
3809	Ywhaq	False
3810	2410018L13Rik	False
3811	9030624G23Rik	False
3812	Taf1b	False
3813	Grhl1	False
3814	Klf11	False
3815	Cys1	False
3816	Rrm2	False
3817	Mboat2	False
3818	Kidins220	False
3819	Id2	False
3820	Gm17746	False
3821	4930480M12Rik	False
3822	Rnf144a	False
3823	Rsad2	False
3824	Cmpk2	False
3825	Gm20187	False
3826	Gm9866	False
3827	Sox11	False
3828	Dcdc2c	False
3829	Allc	False
3830	Colec11	False
3831	Rps7	False
3832	Rnaseh1	False
3833	Adi1	False
3834	Ttc15	False
3835	Tssc1	False
3836	Myt1l	False
3837	C630031E19	False
3838	Pxdn	False
3839	Tpo	False
3840	Sntg2	False
3841	2310016D03Rik	False
3842	Tmem18	False
3843	Fam150b	False
3844	Acp1	False
3845	Sh3yl1	False
3846	Fam110c	False
3847	Lamb1	False
3848	Dld	False
3849	Slc26a3	False
3850	Cbll1	False
3851	Slc26a4	False
3852	Bcap29	False
3853	Dus4l	False
3854	Cog5	False
3855	Gpr22	False
3856	Hbp1	False
3857	Prkar2b	False
3858	Pik3cg	False
3859	2010109K11Rik	False
3860	Nampt	False
3861	Gdap10	False
3862	4933406C10Rik	False
3863	Sypl	False
3864	Cdhr3	False
3865	F730043M19Rik	False
3866	Atxn7l1	False
3867	Efcab10	False
3868	Twistnb	False
3869	Twist1	False
3870	Hdac9	False
3871	Prps1l1	False
3872	Snx13	False
3873	Ahr	False
3874	9130015A21Rik	False
3875	Agr3	False
3876	Agr2	False
3877	Tspan13	False
3878	Gm5434	False
3879	Bzw2	False
3880	Ankmy2	False
3881	1700108M19Rik	False
3882	Sostdc1	False
3883	Ispd	False
3884	Meox2	False
3885	Agmo	False
3886	Dgkb	False
3887	Etv1	False
3888	Arl4a	False
3889	Scin	False
3890	Gm889	False
3891	Ifrd1	False
3892	Mir1938	False
3893	Gm7008	False
3894	Zfp277	False
3895	Dock4	False
3896	Lrrn3	False
3897	Immp2l	False
3898	Dnajb9	False
3899	Gm2027	False
3900	Pnpla8	False
3901	Nrcam	False
3902	Stxbp6	False
3903	Nova1	False
3904	Foxg1	False
3905	3110039M20Rik	False
3906	1810007C17Rik	False
3907	Prkd1	False
3908	G2e3	False
3909	Scfd1	False
3910	Coch	False
3911	Strn3	False
3912	Ap4s1	False
3913	Hectd1	False
3914	Heatr5a	False
3915	6530401N04Rik	False
3916	Gpr33	False
3917	Nubpl	False
3918	Arhgap5	False
3919	1700031P21Rik	False
3920	Akap6	False
3921	Npas3	False
3922	Egln3	False
3923	1110002B05Rik	False
3924	Eapp	False
3925	Snx6	False
3926	Cfl2	False
3927	Baz1a	False
3928	2700097O09Rik	False
3929	Srp54a	False
3930	Srp54b	False
3931	Ppp2r3c	False
3932	1110008L16Rik	False
3933	Psma6	False
3934	Nfkbia	False
3935	Aldoart2	False
3936	Insm2	False
3937	Ralgapa1	False
3938	Brms1l	False
3939	Gm19990	False
3940	Mbip	False
3941	E030019B13Rik	False
3942	Nkx2-1	False
3943	C87198	False
3944	Nkx2-9	False
3945	Pax9	False
3946	Slc25a21	False
3947	Prps1l3	False
3948	Mipol1	False
3949	Foxa1	False
3950	4921506M07Rik	False
3951	Sstr1	False
3952	Clec14a	False
3953	Sec23a	False
3954	Sip1	False
3955	Trappc6b	False
3956	Pnn	False
3957	Mia2	False
3958	Ctage5	False
3959	Fbxo33	False
3960	Gm20063	False
3961	Lrfn5	False
3962	Gm527	False
3963	Klhl28	False
3964	Fam179b	False
3965	Prpf39	False
3966	Fkbp3	False
3967	Fancm	False
3968	Mis18bp1	False
3969	Wdr20b	False
3970	Rpl10l	False
3971	Mdga2	False
3972	Gm17821	False
3973	Rps29	False
3974	Lrr1	False
3975	Rpl36al	False
3976	Mgat2	False
3977	1110034A24Rik	False
3978	9330151L19Rik	False
3979	Pole2	False
3980	Klhdc1	False
3981	Klhdc2	False
3982	Nemf	False
3983	Arf6	False
3984	5830428M24Rik	False
3985	Mettl21d	False
3986	Sos2	False
3987	L2hgdh	False
3988	Atp5s	False
3989	Cdkl1	False
3990	Mir681	False
3991	4930512B01Rik	False
3992	Map4k5	False
3993	4931403G20Rik	False
3994	Atl1	False
3995	Gm3086	False
3996	Sav1	False
3997	Nin	False
3998	Abhd12b	False
3999	Pygl	False
4000	F730035M05Rik	False
4001	Trim9	False
4002	Tmx1	False
4003	Frmd6	False
4004	Actr10	False
4005	Psma3	False
4006	3110056K07Rik	False
4007	Arid4a	False
4008	Tomm20l	False
4009	Timm9	False
4010	2700049A03Rik	False
4011	Dact1	False
4012	4930404H11Rik	False
4013	Daam1	False
4014	Gpr135	False
4015	2810055F11Rik	False
4016	Jkamp	False
4017	4930403N07Rik	False
4018	Rtn1	False
4019	Lrrc9	False
4020	1810048J11Rik	False
4021	Dhrs7	False
4022	Ppm1a	False
4023	4930447C04Rik	False
4024	Six1	False
4025	Six4	False
4026	Mnat1	False
4027	Trmt5	False
4028	Slc38a6	False
4029	D830013O20Rik	False
4030	Tmem30b	False
4031	2210039B01Rik	False
4032	Prkch	False
4033	Hif1a	False
4034	Snapc1	False
4035	Syt16	False
4036	1700086L19Rik	False
4037	Dbpht2	False
4038	Kcnh5	False
4039	Rhoj	False
4040	Gphb5	False
4041	Ppp2r5e	False
4042	Wdr89	False
4043	Sgpp1	False
4044	Syne2	False
4045	Esr2	False
4046	Tex21	False
4047	Mthfd1	False
4048	Akap5	False
4049	Zbtb25	False
4050	Zbtb1	False
4051	Hspa2	False
4052	Ppp1r36	False
4053	Gm10451	False
4054	Plekhg3	False
4055	AI463170	False
4056	Spnb1	False
4057	Churc1	False
4058	Gpx2	False
4059	Rab15	False
4060	Fntb	False
4061	Max	False
4062	Fut8	False
4063	Gphn	False
4064	Fam71d	False
4065	Mpp5	False
4066	Atp6v1d	False
4067	Eif2s1	False
4068	Plek2	False
4069	Tmem229b	False
4070	Plekhh1	False
4071	Pigh	False
4072	Arg2	False
4073	Vti1b	False
4074	Rdh11	False
4075	Rdh12	False
4076	Zfyve26	False
4077	Rad51l1	False
4078	Zfp36l1	False
4079	2310015A10Rik	False
4080	Actn1	False
4081	Dcaf5	False
4082	Scarna3b	False
4083	Exd2	False
4084	2310002D06Rik	False
4085	Galntl1	False
4086	Erh	False
4087	Slc39a9	False
4088	0610009B14Rik	False
4089	3830431G21Rik	False
4090	Gm1568	False
4091	4933426M11Rik	False
4092	1700052I22Rik	False
4093	Gm20337	False
4094	Srsf5	False
4095	Slc10a1	False
4096	Smoc1	False
4097	Slc8a3	False
4098	Gm4787	False
4099	Adam4	False
4100	Cox16	False
4101	Synj2bp	False
4102	Adam21	False
4103	Med6	False
4104	Ttc9	False
4105	Map3k9	False
4106	Pcnx	False
4107	Sipa1l1	False
4108	Rgs6	False
4109	1700085C21Rik	False
4110	Dpf3	False
4111	Dcaf4	False
4112	Zfyve1	False
4113	Rbm25	False
4114	Psen1	False
4115	Papln	False
4116	Numb	False
4117	2410016O06Rik	False
4118	Acot2	False
4119	Acot1	False
4120	Acot4	False
4121	Acot3	False
4122	Acot5	False
4123	Acot6	False
4124	Dnalc1	False
4125	Pnma1	False
4126	C130039O16Rik	False
4127	Ptgr2	False
4128	Zfp410	False
4129	Fam161b	False
4130	Coq6	False
4131	Entpd5	False
4132	2900006K08Rik	False
4133	Rnf113a2	False
4134	Aldh6a1	False
4135	Lin52	False
4136	Vsx2	False
4137	Abcd4	False
4138	Tmem90a	False
4139	Npc2	False
4140	Isca2	False
4141	Ltbp2	False
4142	D030025P21Rik	False
4143	1110018G07Rik	False
4144	Fcf1	False
4145	Ylpm1	False
4146	Prox2	False
4147	Dlst	False
4148	Rps6kl1	False
4149	Pgf	False
4150	Eif2b2	False
4151	Mlh3	False
4152	Acyp1	False
4153	Fam164c	False
4154	Nek9	False
4155	Tmed10	False
4156	Fos	False
4157	Jdp2	False
4158	Batf	False
4159	Mfsd7c	False
4160	0610007P14Rik	False
4161	Ttll5	False
4162	Tgfb3	False
4163	1700019E19Rik	False
4164	Gm805	False
4165	1700020O03Rik	False
4166	Esrrb	False
4167	Vash1	False
4168	Angel1	False
4169	Gm6772	False
4170	6430527G18Rik	False
4171	2310044G17Rik	False
4172	Zdhhc22	False
4173	Tmem63c	False
4174	Ngb	False
4175	Pomt2	False
4176	Gstz1	False
4177	Tmed8	False
4178	4933437F05Rik	False
4179	Vipar	False
4180	Ahsa1	False
4181	Sptlc2	False
4182	Alkbh1	False
4183	Nrp	False
4184	1810035L17Rik	False
4185	Snw1	False
4186	Gm8300	False
4187	Oog1	False
4188	BB287469	False
4189	Gm16381	False
4190	Gm1995	False
4191	Gm2016	False
4192	Gm2022	False
4193	Gm10436	False
4194	Gm5662	False
4195	Gm5039	False
4196	Adck1	False
4197	3200001D21Rik	False
4198	Nrxn3	False
4199	Dio2	False
4200	4930534B04Rik	False
4201	5430427M07Rik	False
4202	Tshr	False
4203	Gtf2a1	False
4204	Ston2	False
4205	Sel1l	False
4206	Flrt2	False
4207	Galc	False
4208	Gpr65	False
4209	Kcnk10	False
4210	Spata7	False
4211	Ptpn21	False
4212	Zc3h14	False
4213	Eml5	False
4214	Ttc8	False
4215	4930474N09Rik	False
4216	Foxn3	False
4217	1700064M15Rik	False
4218	2610021K21Rik	False
4219	Tdp1	False
4220	Kcnk13	False
4221	Psmc1	False
4222	BC002230	False
4223	Gm10433	False
4224	Calm1	False
4225	Gm10432	False
4226	Ttc7b	False
4227	Rps6ka5	False
4228	9030617O03Rik	False
4229	Gpr68	False
4230	Ccdc88c	False
4231	Mir1190	False
4232	Smek1	False
4233	D130020L05Rik	False
4234	Tc2n	False
4235	Fbln5	False
4236	Trip11	False
4237	Atxn3	False
4238	Cpsf2	False
4239	Slc24a4	False
4240	Rin3	False
4241	Lgmn	False
4242	Golga5	False
4243	Chga	False
4244	Itpk1	False
4245	Gm20604	False
4246	Moap1	False
4247	D230037D09Rik	False
4248	AK010878	False
4249	Ubr7	False
4250	Btbd7	False
4251	Cox8c	False
4252	Unc79	False
4253	Prima1	False
4254	Fam181a	False
4255	Asb2	False
4256	Otub2	False
4257	Ddx24	False
4258	Ifi27l1	False
4259	Ifi27l2a	False
4260	Ifi27l2b	False
4261	Ppp4r4	False
4262	Serpina10	False
4263	Serpina6	False
4264	Serpina1f	False
4265	Serpina1b	False
4266	Serpina1d	False
4267	Serpina1a	False
4268	Serpina1c	False
4269	Serpina1e	False
4270	Serpina11	False
4271	Serpina9	False
4272	Serpina12	False
4273	Serpina4-ps1	False
4274	Serpina5	False
4275	Serpina3b	False
4276	Serpina3c	False
4277	Serpina3f	False
4278	Serpina3g	False
4279	Serpina3h	False
4280	Serpina3i	False
4281	Serpina3j	False
4282	Serpina3k	False
4283	Serpina3m	False
4284	Serpina3n	False
4285	Gsc	False
4286	Dicer1	False
4287	Clmn	False
4288	4831426I19Rik	False
4289	Snhg10	False
4290	Scarna13	False
4291	Glrx5	False
4292	Tcl1b2	False
4293	2810011L19Rik	False
4294	Gm2721	False
4295	D430019H16Rik	False
4296	Bdkrb2	False
4297	Bdkrb1	False
4298	Atg2b	False
4299	4933433P14Rik	False
4300	Ak7	False
4301	Papola	False
4302	Vrk1	False
4303	4930465M20Rik	False
4304	Bcl11b	False
4305	Setd3	False
4306	Ccnk	False
4307	Ccdc85c	False
4308	Hhipl1	False
4309	Cyp46a1	False
4310	Eml1	False
4311	Gm16596	False
4312	Evl	False
4313	Degs2	False
4314	Yy1	False
4315	Slc25a29	False
4316	Slc25a47	False
4317	Wars	False
4318	Wdr25	False
4319	Begain	False
4320	Dlk1	False
4321	Meg3	False
4322	Rtl1	False
4323	6430411K18Rik	False
4324	Rian	False
4325	Mir370	False
4326	AF357425	False
4327	AF357355	False
4328	Mir1197	False
4329	Mir1193	False
4330	Mirg	False
4331	3110009F21Rik	False
4332	Dio3os	False
4333	Dio3	False
4334	Ppp2r5c	False
4335	B930059L03Rik	False
4336	Dync1h1	False
4337	1700001K19Rik	False
4338	Hsp90aa1	False
4339	Wdr20a	False
4340	Stk30	False
4341	Zfp839	False
4342	Cinp	False
4343	Tecpr2	False
4344	Ankrd9	False
4345	6030440G07Rik	False
4346	Rcor1	False
4347	Traf3	False
4348	Amn	False
4349	Cdc42bpb	False
4350	A230065H16Rik	False
4351	1200009I06Rik	False
4352	Tnfaip2	False
4353	Gm266	False
4354	Eif5	False
4355	Snora28	False
4356	2810029C07Rik	False
4357	Mark3	False
4358	Ckb	False
4359	Trmt61a	False
4360	Bag5	False
4361	2810002N01Rik	False
4362	Klc1	False
4363	Xrcc3	False
4364	Zfyve21	False
4365	Ppp1r13b	False
4366	5033406O09Rik	False
4367	2010107E04Rik	False
4368	Tdrd9	False
4369	BC048943	False
4370	Aspg	False
4371	Kif26a	False
4372	A730018C14Rik	False
4373	A530016L24Rik	False
4374	Tmem179	False
4375	Inf2	False
4376	Adssl1	False
4377	Siva1	False
4378	Akt1	False
4379	Zbtb42	False
4380	AW555464	False
4381	Pld4	False
4382	BC022687	False
4383	Cdca4	False
4384	Gpr132	False
4385	Jag2	False
4386	Nudt14	False
4387	Brf1	False
4388	Btbd6	False
4389	Pacs2	False
4390	Tex22	False
4391	Mta1	False
4392	Crip2	False
4393	Crip1	False
4394	4930427A07Rik	False
4395	Tmem121	False
4396	Adam6b	False
4397	Zfp386	False
4398	Vipr2	False
4399	Wdr60	False
4400	Esyt2	False
4401	D430020J02Rik	False
4402	Ncapg2	False
4403	Ptprn2	False
4404	Gm10421	False
4405	Gm5441	False
4406	Rapgef5	False
4407	Cdca7l	False
4408	Dnahc11	False
4409	Sp4	False
4410	Sp8	False
4411	Itgb8	False
4412	Macc1	False
4413	Tmem196	False
4414	2810429I04Rik	False
4415	1700024F13Rik	False
4416	Gdi2	False
4417	BC016423	False
4418	Asb13	False
4419	Calml3	False
4420	Calm4	False
4421	Calm5	False
4422	Net1	False
4423	Tubal3	False
4424	Ucn3	False
4425	Akr1c14	False
4426	Akr1c18	False
4427	Akr1c13	False
4428	Akr1c19	False
4429	Marcksl1-ps4	False
4430	Akr1c12	False
4431	Akr1c6	False
4432	Akr1c20	False
4433	Akr1c21	False
4434	Akr1e1	False
4435	1700016G22Rik	False
4436	Klf6	False
4437	Pitrm1	False
4438	Pfkp	False
4439	Adarb2	False
4440	Wdr37	False
4441	Idi1	False
4442	Idi2	False
4443	Gtpbp4	False
4444	Larp4b	False
4445	Dip2c	False
4446	Zmynd11	False
4447	Chrm3	False
4448	Ryr2	False
4449	Gm10336	False
4450	Mtr	False
4451	Actn2	False
4452	Heatr1	False
4453	Lgals8	False
4454	Edaradd	False
4455	Ero1lb	False
4456	Gpr137b-ps	False
4457	Prl2c5	False
4458	Gpr137b	False
4459	Nid1	False
4460	Lyst	False
4461	Gng4	False
4462	B3galnt2	False
4463	Tbce	False
4464	Ggps1	False
4465	Arid4b	False
4466	Hecw1	False
4467	Mrpl32	False
4468	Psma2	False
4469	AW209491	False
4470	Gli3	False
4471	4933412O06Rik	False
4472	A530046M15	False
4473	Inhba	False
4474	5033411D12Rik	False
4475	2810021B07Rik	False
4476	Cdk13	False
4477	Mir466i	False
4478	Rala	False
4479	1600012F09Rik	False
4480	Pou6f2	False
4481	Vps41	False
4482	Amph	False
4483	Stard3nl	False
4484	Epdr1	False
4485	Sfrp4	False
4486	Txndc3	False
4487	A530099J19Rik	False
4488	Gpr141	False
4489	Elmo1	False
4490	Aoah	False
4491	Trim27	False
4492	Gpx5	False
4493	Gpx6	False
4494	Zscan12	False
4495	Zkscan3	False
4496	Pgbd1	False
4497	Zfp187	False
4498	Nkapl	False
4499	Zkscan4	False
4500	Zfp389	False
4501	Zfp192	False
4502	Hist1h2bl	False
4503	Hist1h2ai	False
4504	Hist1h3h	False
4505	Hist1h2bm	False
4506	Hist1h4j	False
4507	Hist1h4k	False
4508	Hist1h2ak	False
4509	Hist1h2bn	False
4510	Hist1h1b	False
4511	Hist1h3i	False
4512	Hist1h2an	False
4513	Hist1h2bp	False
4514	Hist1h2ao	False
4515	Hist1h4m	False
4516	Hist1h4n	False
4517	Mir1983	False
4518	Zfp184	False
4519	Pom121l2	False
4520	Prss16	False
4521	Hist1h2ah	False
4522	Hist1h2bk	False
4523	Hist1h4i	False
4524	Hist1h2ag	False
4525	Hist1h2bj	False
4526	4933404K08Rik	False
4527	Zfp322a	False
4528	Abt1	False
4529	C230035I16Rik	False
4530	Btn1a1	False
4531	Btn2a2	False
4532	Hist1h4h	False
4533	Hist1h2af	False
4534	Hist1h3g	False
4535	Hist1h2bh	False
4536	Hist1h3f	False
4537	Hist1h4f	False
4538	Hist1h1d	False
4539	Hist1h3e	False
4540	Hist1h2ae	False
4541	Hist1h2bg	False
4542	Hist1h2bf	False
4543	Hist1h2ad	False
4544	Hist1h3d	False
4545	Hist1h4d	False
4546	Hist1h2be	False
4547	Hist1h1e	False
4548	Hist1h2ac	False
4549	Hist1h2bc	False
4550	Hist1h1t	False
4551	Hist1h4c	False
4552	Hfe	False
4553	Hist1h1c	False
4554	Hist1h3c	False
4555	Hist1h2bb	False
4556	Hist1h2ab	False
4557	Hist1h3b	False
4558	Hist1h4b	False
4559	Hist1h4a	False
4560	Hist1h3a	False
4561	Hist1h1a	False
4562	Trim38	False
4563	Slc17a2	False
4564	Slc17a3	False
4565	Slc17a1	False
4566	Slc17a4	False
4567	Hist1h2aa	False
4568	Scgn	False
4569	Lrrc16a	False
4570	Cmah	False
4571	Gm11346	False
4572	Fam65b	False
4573	Gmnn	False
4574	BC005537	False
4575	Acot13	False
4576	Tdp2	False
4577	D130043K22Rik	False
4578	4932702P03Rik	False
4579	Aldh5a1	False
4580	Gpld1	False
4581	Mrs2	False
4582	Dcdc2a	False
4583	Nrsn1	False
4584	Prl6a1	False
4585	2610307P16Rik	False
4586	Sox4	False
4587	A330102I10Rik	False
4588	Cdkal1	False
4589	E2f3	False
4590	Mboat1	False
4591	Agtr1a	False
4592	Uqcrfs1	False
4593	4930519D14Rik	False
4594	Dusp22	False
4595	Irf4	False
4596	Exoc2	False
4597	Hus1b	False
4598	4930401O12Rik	False
4599	Foxq1	False
4600	1700018A04Rik	False
4601	Foxf2	False
4602	Foxc1	False
4603	Gmds	False
4604	Mylk4	False
4605	Wrnip1	False
4606	Serpinb1a	False
4607	Serpinb1c	False
4608	Serpinb6b	False
4609	Serpinb9	False
4610	Serpinb9b	False
4611	Serpinb1b	False
4612	Serpinb9c	False
4613	Serpinb9d	False
4614	Serpinb6d	False
4615	Serpinb6e	False
4616	Serpinb6c	False
4617	Serpinb6a	False
4618	1110046J04Rik	False
4619	Nqo2	False
4620	Ripk1	False
4621	Bphl	False
4622	Tubb2a	False
4623	4930447K03Rik	False
4624	Tubb2b	False
4625	Psmg4	False
4626	Slc22a23	False
4627	1300014I06Rik	False
4628	Fam50b	False
4629	Prpf4b	False
4630	1700026J04Rik	False
4631	4933417A18Rik	False
4632	Eci3	False
4633	Eci2	False
4634	1700011B04Rik	False
4635	Cdyl	False
4636	Rpp40	False
4637	Ppp1r3g	False
4638	Lyrm4	False
4639	Fars2	False
4640	Nrn1	False
4641	F13a1	False
4642	Ly86	False
4643	Rreb1	False
4644	Ssr1	False
4645	Cage1	False
4646	Riok1	False
4647	Dsp	False
4648	Snrnp48	False
4649	Bmp6	False
4650	Txndc5	False
4651	Muted	False
4652	Eef1e1	False
4653	Slc35b3	False
4654	Ofcc1	False
4655	Tfap2a	False
4656	Gcnt2	False
4657	Pak1ip1	False
4658	Tmem14c	False
4659	Mak	False
4660	Gcm2	False
4661	Elovl2	False
4662	BC024659	False
4663	Nedd9	False
4664	Tmem170b	False
4665	Gm5082	False
4666	9530008L14Rik	False
4667	Gm10790	False
4668	Hivep1	False
4669	Edn1	False
4670	Phactr1	False
4671	Tbc1d7	False
4672	Gfod1	False
4673	Sirt5	False
4674	Nol7	False
4675	Ranbp9	False
4676	Ccdc90a	False
4677	Rnf182	False
4678	LOC622552	False
4679	Cd83	False
4680	Gm5083	False
4681	A330076C08Rik	False
4682	1700029N11Rik	False
4683	Jarid2	False
4684	Dtnbp1	False
4685	Mylip	False
4686	Gmpr	False
4687	Atxn1	False
4688	Gm1574	False
4689	Rbm24	False
4690	Cap2	False
4691	C78339	False
4692	Nup153	False
4693	Kif13a	False
4694	Nhlrc1	False
4695	Tpmt	False
4696	Kdm1b	False
4697	Dek	False
4698	Rnf144b	False
4699	G630093K05Rik	False
4700	4931429P17Rik	False
4701	Id4	False
4702	A330048O09Rik	False
4703	Zfp169	False
4704	Mirlet7d	False
4705	Mirlet7f-1	False
4706	Mirlet7a-1	False
4707	Ptpdc1	False
4708	Barx1	False
4709	Phf2	False
4710	Fam120a	False
4711	C030044B11Rik	False
4712	Wnk2	False
4713	Ninj1	False
4714	1110007C09Rik	False
4715	Susd3	False
4716	Fgd3	False
4717	Bicd2	False
4718	Ippk	False
4719	Cenpp	False
4720	Ecm2	False
4721	Aspn	False
4722	Omd	False
4723	Ogn	False
4724	Nol8	False
4725	Iars	False
4726	Gm906	False
4727	2310081J21Rik	False
4728	Fbxw17	False
4729	Gm904	False
4730	Gm8765	False
4731	4930518P08Rik	False
4732	9430083A17Rik	False
4733	Spin1	False
4734	Nxnl2	False
4735	S1pr3	False
4736	Shc3	False
4737	Cks2	False
4738	Secisbp2	False
4739	Sema4d	False
4740	Gadd45g	False
4741	4921525O09Rik	False
4742	Diras2	False
4743	Gm2848	False
4744	Syk	False
4745	BB123696	False
4746	Auh	False
4747	Nfil3	False
4748	Ror2	False
4749	Sptlc1	False
4750	Gm2762	False
4751	Msx2	False
4752	Drd1a	False
4753	Sfxn1	False
4754	Hrh2	False
4755	Cplx2	False
4756	Thoc3	False
4757	4732471D19Rik	False
4758	4833439L19Rik	False
4759	Arl10	False
4760	Nop16	False
4761	Higd2a	False
4762	Cltb	False
4763	Faf2	False
4764	Rnf44	False
4765	Cdhr2	False
4766	Gprin1	False
4767	Sncb	False
4768	Eif4e1b	False
4769	Tspan17	False
4770	Unc5a	False
4771	Hk3	False
4772	Uimc1	False
4773	Zfp346	False
4774	Fgfr4	False
4775	Nsd1	False
4776	Rab24	False
4777	Prelid1	False
4778	Mxd3	False
4779	Lman2	False
4780	Rgs14	False
4781	Slc34a1	False
4782	Pfn3	False
4783	F12	False
4784	Grk6	False
4785	Prr7	False
4786	Dbn1	False
4787	Pdlim7	False
4788	Dok3	False
4789	Ddx41	False
4790	Fam193b	False
4791	Tmed9	False
4792	B4galt7	False
4793	Caml	False
4794	Ddx46	False
4795	B230219D22Rik	False
4796	Txndc15	False
4797	Pcbd2	False
4798	Catsper3	False
4799	Pitx1	False
4800	H2afy	False
4801	Tifab	False
4802	Neurog1	False
4803	Cxcl14	False
4804	Gm10782	False
4805	Slc25a48	False
4806	Il9	False
4807	Fbxl21	False
4808	Lect2	False
4809	Tgfbi	False
4810	Smad5	False
4811	Trpc7	False
4812	Spock1	False
4813	Klhl3	False
4814	Hnrnpa0	False
4815	5133401N09Rik	False
4816	Ubqln1	False
4817	Gkap1	False
4818	Kif27	False
4819	2210016F16Rik	False
4820	Hnrnpk	False
4821	Mir7-1	False
4822	Rmi1	False
4823	Slc28a3	False
4824	Ntrk2	False
4825	Agtpbp1	False
4826	A230056J06Rik	False
4827	Naa35	False
4828	Golm1	False
4829	4921517D22Rik	False
4830	Fam75d3	False
4831	Gm4934	False
4832	4932411G14Rik	False
4833	4930528D03Rik	False
4834	Isca1	False
4835	Etohd2	False
4836	Zcchc6	False
4837	A530065N20	False
4838	Gas1	False
4839	Gm5084	False
4840	Dapk1	False
4841	Ctsll3	False
4842	4930486L24Rik	False
4843	Ctla2b	False
4844	Tpbpb	False
4845	Ctla2a	False
4846	Ctsj	False
4847	Ctsq	False
4848	Ctsr	False
4849	Cts6	False
4850	Cts8	False
4851	BC052688	False
4852	Zfp808	False
4853	Gm3604	False
4854	Zfp935	False
4855	Zfp934	False
4856	6720489N17Rik	False
4857	Gm5141	False
4858	Fbp2	False
4859	Fbp1	False
4860	2010111I01Rik	False
4861	Gm16907	False
4862	Mir23b	False
4863	Fancc	False
4864	Ptch1	False
4865	0610007P08Rik	False
4866	Hsd17b3	False
4867	Slc35d2	False
4868	Zfp367	False
4869	Habp4	False
4870	Cdc14b	False
4871	1810034E14Rik	False
4872	1110018J18Rik	False
4873	Ctsl	False
4874	Cdk20	False
4875	Cntnap3	False
4876	Hiatl1	False
4877	Nlrp4f	False
4878	Zfp369	False
4879	Gm10324	False
4880	2410141K09Rik	False
4881	Uqcrb	False
4882	Gm10767	False
4883	Mterfd1	False
4884	Ptdss1	False
4885	4933433G19Rik	False
4886	Zfp712	False
4887	Zfp708	False
4888	Rslcan18	False
4889	Zfp759	False
4890	Rsl1	False
4891	Zfp455	False
4892	Zfp458	False
4893	F630042J09Rik	False
4894	Zfp457	False
4895	Zfp595	False
4896	Zfp953	False
4897	Zfp456	False
4898	Zfp429	False
4899	Zfp459	False
4900	Zfp874a	False
4901	Zfp874b	False
4902	Zfp58	False
4903	Zfp87	False
4904	Zfp748	False
4905	AA987161	False
4906	A530054K11Rik	False
4907	Zfp738	False
4908	Zfp71-rs1	False
4909	4930441O14Rik	False
4910	Zfp85-rs1	False
4911	Zfp493	False
4912	4930525G20Rik	False
4913	Zfp273	False
4914	BC048507	False
4915	A130040M12Rik	False
4916	Mtrr	False
4917	Fastkd3	False
4918	1700001L19Rik	False
4919	Adcy2	False
4920	Papd7	False
4921	Srd5a1	False
4922	Nsun2	False
4923	Ube2ql1	False
4924	Med10	False
4925	1700100L14Rik	False
4926	BC018507	False
4927	Adamts16	False
4928	Irx1	False
4929	Gm20554	False
4930	Irx2	False
4931	D730050B12Rik	False
4932	Irx4	False
4933	Ndufs6	False
4934	Mrpl36	False
4935	D630045M09Rik	False
4936	Lpcat1	False
4937	Slc6a3	False
4938	Clptm1l	False
4939	Tert	False
4940	Slc6a18	False
4941	Slc6a19	False
4942	5430425J12Rik	False
4943	Slc12a7	False
4944	Nkd2	False
4945	Trip13	False
4946	Brd9	False
4947	Zdhhc11	False
4948	Tppp	False
4949	Cep72	False
4950	Slc9a3	False
4951	Exoc3	False
4952	Ahrr	False
4953	Pdcd6	False
4954	Sdha	False
4955	Ccdc127	False
4956	Lrrc14b	False
4957	Zfp72	False
4958	Zfp825	False
4959	Erap1	False
4960	Cast	False
4961	Pcsk1	False
4962	Mir682	False
4963	Ell2	False
4964	Glrx	False
4965	Rhobtb3	False
4966	Spata9	False
4967	Rfesd	False
4968	Gpr150	False
4969	Arsk	False
4970	Ttc37	False
4971	Mctp1	False
4972	Ankrd32	False
4973	2210408I21Rik	False
4974	Fam172a	False
4975	Pou5f2	False
4976	Nr2f1	False
4977	A830082K12Rik	False
4978	Arrdc3	False
4979	9330111N05Rik	False
4980	Gpr98	False
4981	Lysmd3	False
4982	Polr3g	False
4983	Mblac2	False
4984	Cetn3	False
4985	Mef2c	False
4986	C130071C03Rik	False
4987	2810049E08Rik	False
4988	Tmem161b	False
4989	Ccnh	False
4990	Rasa1	False
4991	Cox7c	False
4992	Edil3	False
4993	Hapln1	False
4994	Vcan	False
4995	Xrcc4	False
4996	Tmem167	False
4997	Atp6ap1l	False
4998	Rps23	False
4999	Atg10	False
5000	A830009L08Rik	False
5001	Ssbp2	False
5002	4833422C13Rik	False
5003	Acot12	False
5004	Zcchc9	False
5005	Ckmt2	False
5006	Rasgrf2	False
5007	Msh3	False
5008	Dhfr	False
5009	Ankrd34b	False
5010	Fam151b	False
5011	Zfyve16	False
5012	Spz1	False
5013	Serinc5	False
5014	Thbs4	False
5015	Mtx3	False
5016	Cmya5	False
5017	Gm4814	False
5018	A630019I02Rik	False
5019	Papd4	False
5020	Homer1	False
5021	Jmy	False
5022	Bhmt	False
5023	Bhmt2	False
5024	Dmgdh	False
5025	AW495222	False
5026	Arsb	False
5027	Lhfpl2	False
5028	Scamp1	False
5029	Gm9776	False
5030	Ap3b1	False
5031	Tbca	False
5032	Wdr41	False
5033	Pde8b	False
5034	Zbed3	False
5035	Mir1940	False
5036	Aggf1	False
5037	Crhbp	False
5038	S100z	False
5039	F2rl1	False
5040	F2r	False
5041	Iqgap2	False
5042	F2rl2	False
5043	Sv2c	False
5044	Poc5	False
5045	Ankdd1b	False
5046	Polk	False
5047	Col4a3bp	False
5048	Hmgcr	False
5049	Gcnt4	False
5050	1700029F12Rik	False
5051	Fam169a	False
5052	Nsa2	False
5053	Gfm2	False
5054	Hexb	False
5055	Enc1	False
5056	Gm5086	False
5057	Rgnef	False
5058	Utp15	False
5059	Ankra2	False
5060	Btf3	False
5061	Foxd1	False
5062	2310005E17Rik	False
5063	Tmem174	False
5064	Tmem171	False
5065	Fcho2	False
5066	Tnpo1	False
5067	1700024P04Rik	False
5068	2310020H05Rik	False
5069	Zfp366	False
5070	Ptcd2	False
5071	Mrps27	False
5072	6430562O15Rik	False
5073	Mtap1b	False
5074	Cartpt	False
5075	Mccc2	False
5076	Bdp1	False
5077	Serf1	False
5078	Smn1	False
5079	Naip2	False
5080	Naip5	False
5081	Naip6	False
5082	Naip7	False
5083	Naip1	False
5084	Gtf2h2	False
5085	Ocln	False
5086	Marveld2	False
5087	Rad17	False
5088	Taf9	False
5089	Ccdc125	False
5090	Cdk7	False
5091	Mrps36	False
5092	Cenph	False
5093	Ccnb1	False
5094	Slc30a5	False
5095	5930438M14	False
5096	4933416M06Rik	False
5097	Pik3r1	False
5098	Cd180	False
5099	Mast4	False
5100	Srek1	False
5101	Erbb2ip	False
5102	Nln	False
5103	Sgtb	False
5104	2410002O22Rik	False
5105	Trim23	False
5106	Ppwd1	False
5107	Cenpk	False
5108	Adamts6	False
5109	Cwc27	False
5110	Srek1ip1	False
5111	Fam159b	False
5112	Rgs7bp	False
5113	4933425L06Rik	False
5114	Rnf180	False
5115	Htr1a	False
5116	Ipo11	False
5117	Dimt1	False
5118	Kif2a	False
5119	3830408C21Rik	False
5120	AI197445	False
5121	1700006H21Rik	False
5122	Zswim6	False
5123	2810008M24Rik	False
5124	Ndufaf2	False
5125	Ercc8	False
5126	Elovl7	False
5127	Depdc1b	False
5128	Pde4d	False
5129	Rab3c	False
5130	Gapt	False
5131	Plk2	False
5132	3110015C05Rik	False
5133	Actbl2	False
5134	Gpbp1	False
5135	Mier3	False
5136	Map3k1	False
5137	Ankrd55	False
5138	Il6st	False
5139	Il31ra	False
5140	Ddx4	False
5141	Slc38a9	False
5142	Ppap2a	False
5143	Skiv2l2	False
5144	Dhx29	False
5145	Ccno	False
5146	Gm6320	False
5147	Mir449c	False
5148	Gpx8	False
5149	Gzma	False
5150	Gzmk	False
5151	Esm1	False
5152	4921509O07Rik	False
5153	Snx18	False
5154	Hspb3	False
5155	Arl15	False
5156	A430090L17Rik	False
5157	Ndufs4	False
5158	Fst	False
5159	4930544M13Rik	False
5160	Mocs2	False
5161	Itga2	False
5162	Itga1	False
5163	Pelo	False
5164	Isl1	False
5165	Parp8	False
5166	Gm6416	False
5167	Emb	False
5168	Hcn1	False
5169	Mrps30	False
5170	Fgf10	False
5171	Nnt	False
5172	Paip1	False
5173	4833420G17Rik	False
5174	3110070M22Rik	False
5175	Gm7120	False
5176	Ccl28	False
5177	Hmgcs1	False
5178	E130304F04Rik	False
5179	Zfp131	False
5180	AF067063	False
5181	B020031M17Rik	False
5182	LOC639910	False
5183	AF067061	False
5184	BC147527	False
5185	Tcstv3	False
5186	Gm2897	False
5187	D830030K20Rik	False
5188	1700110I01Rik	False
5189	Gm10413	False
5190	Gm8348	False
5191	Gm10408	False
5192	Gm3002	False
5193	Gm5796	False
5194	Gm3264	False
5195	4930555G01Rik	False
5196	Gm3500	False
5197	Gm3383	False
5198	Gm10406	False
5199	Gm3696	False
5200	Gm5797	False
5201	4933406F09Rik	False
5202	Flnb	False
5203	Dnase1l3	False
5204	Abhd6	False
5205	Rpp14	False
5206	Pxk	False
5207	Pdhb	False
5208	Kctd6	False
5209	Acox2	False
5210	Fam107a	False
5211	Oit1	False
5212	4930452B06Rik	False
5213	Fhit	False
5214	Gm3833	False
5215	Ptprg	False
5216	3830406C13Rik	False
5217	Fezf2	False
5218	Cadps	False
5219	Gm5087	False
5220	Synpr	False
5221	Sntn	False
5222	Thoc7	False
5223	Atxn7	False
5224	Psmd6	False
5225	Il3ra	False
5226	Slc4a7	False
5227	Nek10	False
5228	Lrrc3b	False
5229	Oxsm	False
5230	Ngly1	False
5231	Top2b	False
5232	Rarb	False
5233	Thrb	False
5234	Nr1d2	False
5235	Rpl15	False
5236	Nkiras1	False
5237	Ube2e1	False
5238	Ube2e2	False
5239	Gm5458	False
5240	Nid2	False
5241	2700060E02Rik	False
5242	Gng2	False
5243	1810063B07Rik	False
5244	Kcnk5	False
5245	Kcnk16	False
5246	Nudt13	False
5247	Ecd	False
5248	Fam149b	False
5249	Dnajc9	False
5250	Mrps16	False
5251	Ttc18	False
5252	Anxa7	False
5253	Zmynd17	False
5254	Ppp3cb	False
5255	1810062O18Rik	False
5256	Usp54	False
5257	Myoz1	False
5258	Synpo2l	False
5259	Sec24c	False
5260	Fut11	False
5261	6230400D17Rik	False
5262	Chchd1	False
5263	2310021P13Rik	False
5264	Ndst2	False
5265	Camk2g	False
5266	Plau	False
5267	Vcl	False
5268	Ap3m1	False
5269	Adk	False
5270	Myst4	False
5271	Dupd1	False
5272	Dusp13	False
5273	Samd8	False
5274	Vdac2	False
5275	Comtd1	False
5276	Zfp503	False
5277	1700112E06Rik	False
5278	Gm10248	False
5279	Kcnma1	False
5280	Dlg5	False
5281	E330034G19Rik	False
5282	Polr3a	False
5283	Rps24	False
5284	4930572O13Rik	False
5285	Zmiz1	False
5286	4931406H21Rik	False
5287	Ppif	False
5288	Ppifos	False
5289	Zcchc24	False
5290	Anxa11	False
5291	Plac9	False
5292	D14Ertd449e	False
5293	Cphx	False
5294	4933413J09Rik	False
5295	Slmap	False
5296	Fam116a	False
5297	Arf4	False
5298	Pde12	False
5299	Asb14	False
5300	Appl1	False
5301	Hesx1	False
5302	Il17rd	False
5303	Arhgef3	False
5304	D14Abb1e	False
5305	Ccdc66	False
5306	Erc2	False
5307	Wnt5a	False
5308	Cacna2d3	False
5309	Lrtm1	False
5310	Selk	False
5311	Actr8	False
5312	Il17rb	False
5313	Chdh	False
5314	Cacna1d	False
5315	Dcp1a	False
5316	Tkt	False
5317	Prkcd	False
5318	Rft1	False
5319	Sfmbt1	False
5320	Tmem110	False
5321	Mustn1	False
5322	Itih4	False
5323	Itih3	False
5324	Itih1	False
5325	Nek4	False
5326	Spcs1	False
5327	Glt8d1	False
5328	Gnl3	False
5329	Pbrm1	False
5330	2010107H07Rik	False
5331	Nt5dc2	False
5332	Stab1	False
5333	Nisch	False
5334	Tnnc1	False
5335	Sema3g	False
5336	Phf7	False
5337	Bap1	False
5338	Dnahc1	False
5339	Capn7	False
5340	Sh3bp5	False
5341	Mettl6	False
5342	Eaf1	False
5343	Colq	False
5344	Hacl1	False
5345	Btd	False
5346	Ankrd28	False
5347	Galntl2	False
5348	Dph3	False
5349	Oxnad1	False
5350	Msmb	False
5351	Ncoa4	False
5352	Timm23	False
5353	Parg	False
5354	Ogdhl	False
5355	1700024G13Rik	False
5356	Chat	False
5357	Slc18a3	False
5358	Ercc6	False
5359	Prrxl1	False
5360	3425401B19Rik	False
5361	1810011H11Rik	False
5362	Fam170b	False
5363	E130203B14Rik	False
5364	Wdfy4	False
5365	Lrrc18	False
5366	Arhgap22	False
5367	Mapk8	False
5368	Ptpn20	False
5369	Gdf10	False
5370	Gdf2	False
5371	Rbp3	False
5372	Zfp488	False
5373	Gm5460	False
5374	A630023A22Rik	False
5375	Anxa8	False
5376	Gprin2	False
5377	Syt15	False
5378	Fam35a	False
5379	Glud1	False
5380	Gm3219	False
5381	Fam25c	False
5382	Sncg	False
5383	Mmrn2	False
5384	Bmpr1a	False
5385	9230112D13Rik	False
5386	Ldb3	False
5387	Opn4	False
5388	Wapal	False
5389	Grid1	False
5390	Gcap14	False
5391	Rgr	False
5392	Lrit1	False
5393	Lrit2	False
5394	Cdhr1	False
5395	2610528A11Rik	False
5396	Ghitm	False
5397	Nrg3	False
5398	Sh2d4b	False
5399	Tspan14	False
5400	5730469M10Rik	False
5401	Dydc2	False
5402	Dydc1	False
5403	Mat1a	False
5404	Sftpa1	False
5405	Mbl1	False
5406	Sftpd	False
5407	1700001F09Rik	False
5408	Ear1	False
5409	Ear10	False
5410	Ear2	False
5411	4930503E14Rik	False
5412	Gm8267	False
5413	Ptgdr	False
5414	4930431P03Rik	False
5415	Ptger2	False
5416	Txndc16	False
5417	Gpr137c	False
5418	Ero1l	False
5419	Psmc6	False
5420	Styx	False
5421	Gnpnat1	False
5422	Fermt2	False
5423	4930527F14Rik	False
5424	Ddhd1	False
5425	Gm15217	False
5426	Bmp4	False
5427	Rubie	False
5428	4933425B07Rik	False
5429	Cdkn3	False
5430	Cnih	False
5431	Gmfb	False
5432	Cgrrf1	False
5433	Samd4	False
5434	Gch1	False
5435	Wdhd1	False
5436	Socs4	False
5437	Mapk1ip1l	False
5438	Lgals3	False
5439	Dlgap5	False
5440	Fbxo34	False
5441	Atg14	False
5442	Ktn1	False
5443	4930447J18Rik	False
5444	Peli2	False
5445	Gm6498	False
5446	6720456H20Rik	False
5447	Otx2	False
5448	Otx2os1	False
5449	4933429O19Rik	False
5450	Exoc5	False
5451	Mudeng	False
5452	Naa30	False
5453	1700011H14Rik	False
5454	Slc35f4	False
5455	3632451O06Rik	False
5456	Tlr11	False
5457	Ttc5	False
5458	Ccnb1ip1	False
5459	Rpph1	False
5460	Parp2	False
5461	Tep1	False
5462	Klhl33	False
5463	Osgep	False
5464	Apex1	False
5465	Tmem55b	False
5466	Pnp	False
5467	Pnp2	False
5468	Rnase10	False
5469	Rnase9	False
5470	Rnase12	False
5471	Olfr750	False
5472	Rnase4	False
5473	Ang	False
5474	Eddm3b	False
5475	Rnase6	False
5476	Rnase1	False
5477	Ear5	False
5478	Ang2	False
5479	Ear11	False
5480	Gm5622	False
5481	Ang4	False
5482	AY358078	False
5483	Ear6	False
5484	Mettl17	False
5485	Slc39a2	False
5486	Ndrg2	False
5487	Tppp2	False
5488	Arhgef40	False
5489	Gm16617	False
5490	Zfp219	False
5491	G630016D24Rik	False
5492	Hnrnpc	False
5493	Rpgrip1	False
5494	Supt16h	False
5495	Chd8	False
5496	Snord8	False
5497	Rab2b	False
5498	Tox4	False
5499	Mettl3	False
5500	Sall2	False
5501	Olfr1507	False
5502	A430107P09Rik	False
5503	Dad1	False
5504	Abhd4	False
5505	Oxa1l	False
5506	Slc7a7	False
5507	Mrpl52	False
5508	Mmp14	False
5509	Lrp10	False
5510	Rem2	False
5511	Prmt5	False
5512	Haus4	False
5513	Jub	False
5514	4931414P19Rik	False
5515	Psmb5	False
5516	Psmb11	False
5517	Cdh24	False
5518	Acin1	False
5519	4930579G18Rik	False
5520	1700123O20Rik	False
5521	Cebpe	False
5522	Slc7a8	False
5523	Homez	False
5524	Ppp1r3e	False
5525	Bcl2l2	False
5526	Pabpn1	False
5527	Slc22a17	False
5528	Efs	False
5529	Il25	False
5530	Cmtm5	False
5531	Myh6	False
5532	D830015G02Rik	False
5533	Myh7	False
5534	Ngdn	False
5535	Zfhx2	False
5536	Zfhx2as	False
5537	Thtpa	False
5538	Ap1g2	False
5539	Jph4	False
5540	Dhrs2	False
5541	Dhrs4	False
5542	Lrrc16b	False
5543	Cpne6	False
5544	Nrl	False
5545	Pck2	False
5546	Dcaf11	False
5547	Fitm1	False
5548	Psme1	False
5549	Fam158a	False
5550	Psme2	False
5551	Rnf31	False
5552	Irf9	False
5553	Rec8	False
5554	Ipo4	False
5555	Tm9sf1	False
5556	Tssk4	False
5557	Mdp1	False
5558	Nedd8	False
5559	Gmpr2	False
5560	Tinf2	False
5561	Tgm1	False
5562	Rabggta	False
5563	Dhrs1	False
5564	2610027L16Rik	False
5565	Cideb	False
5566	Ltb4r2	False
5567	Ltb4r1	False
5568	Adcy4	False
5569	Ripk3	False
5570	Nfatc4	False
5571	Nynrin	False
5572	Cbln3	False
5573	Khnyn	False
5574	Sdr39u1	False
5575	Cma1	False
5576	Mcpt-ps1	False
5577	Cma2	False
5578	Gm5801	False
5579	Mcpt1	False
5580	Mcpt2	False
5581	Mcpt4	False
5582	Mcpt8	False
5583	Ctsg	False
5584	Gzmd	False
5585	Gzmg	False
5586	Gzmn	False
5587	Gzmf	False
5588	Gzmc	False
5589	Gzmb	False
5590	Atp12a	False
5591	Rnf17	False
5592	Cenpj	False
5593	Parp4	False
5594	Mphosph8	False
5595	Gm16973	False
5596	Pspc1	False
5597	Zmym5	False
5598	Zmym2	False
5599	B020004C17Rik	False
5600	Gja3	False
5601	Gjb2	False
5602	Gjb6	False
5603	Cryl1	False
5604	Ift88	False
5605	Il17d	False
5606	N6amt2	False
5607	Xpo4	False
5608	Lats2	False
5609	Sap18	False
5610	Mir3077	False
5611	F630043A04Rik	False
5612	Mrp63	False
5613	Zdhhc20	False
5614	Efha1	False
5615	Fgf9	False
5616	Gm5142	False
5617	Rcbtb1	False
5618	Gm6904	False
5619	Phf11	False
5620	Gm4902	False
5621	D14Ertd668e	False
5622	Gm6907	False
5623	Setdb2	False
5624	Cab39l	False
5625	Cdadc1	False
5626	Shisa2	False
5627	Atp8a2	False
5628	Nupl1	False
5629	Mir719	False
5630	Mtmr6	False
5631	Fam123a	False
5632	Spata13	False
5633	C1qtnf9	False
5634	Mipep	False
5635	Tnfrsf19	False
5636	Sacs	False
5637	Sgcg	False
5638	1700109G14Rik	False
5639	Arl11	False
5640	Ebpl	False
5641	Kpna3	False
5642	4930556J02Rik	False
5643	6330409N04Rik	False
5644	Trim13	False
5645	Dleu2	False
5646	Kcnrg	False
5647	Mir16-1	False
5648	Mir15a	False
5649	Dleu7	False
5650	Rnaseh2b	False
5651	Gucy1b2	False
5652	Fam124a	False
5653	Serpine3	False
5654	Ints6	False
5655	4931440J10Rik	False
5656	Wdfy2	False
5657	Defb47	False
5658	Defb43	False
5659	Defb30	False
5660	Defb42	False
5661	2700070H01Rik	False
5662	Ctsb	False
5663	Fdft1	False
5664	Neil2	False
5665	Gata4	False
5666	Blk	False
5667	Fam167a	False
5668	Tdh	False
5669	Mtmr9	False
5670	Xkr6	False
5671	Pinx1	False
5672	Sox7	False
5673	4930578I06Rik	False
5674	Rp1l1	False
5675	Prss55	False
5676	4930471C04Rik	False
5677	Prss52	False
5678	Msra	False
5679	A930011O12Rik	False
5680	Kif13b	False
5681	Hmbox1	False
5682	Ints9	False
5683	Extl3	False
5684	Fzd3	False
5685	Fbxo16	False
5686	Zfp395	False
5687	Pnoc	False
5688	Elp3	False
5689	Gm600	False
5690	Scara5	False
5691	Pbk	False
5692	Esco2	False
5693	Ccdc25	False
5694	Scara3	False
5695	Clu	False
5696	Gulo	False
5697	Adam2	False
5698	Ephx2	False
5699	Chrna2	False
5700	Ptk2b	False
5701	1700001G11Rik	False
5702	Trim35	False
5703	Stmn4	False
5704	Adra1a	False
5705	Dpysl2	False
5706	Gm5464	False
5707	Pnma2	False
5708	Bnip3l	False
5709	Ppp2r2a	False
5710	Ebf2	False
5711	Gm6878	False
5712	Cdca2	False
5713	Kctd9	False
5714	Gnrh1	False
5715	Dock5	False
5716	Nefl	False
5717	Nefm	False
5718	A230070E04Rik	False
5719	Adam7	False
5720	Adamdec1	False
5721	Adam28	False
5722	Stc1	False
5723	1700092C10Rik	False
5724	Nkx2-6	False
5725	Nkx3-1	False
5726	Slc25a37	False
5727	Synb	False
5728	Gm16677	False
5729	Entpd4	False
5730	Loxl2	False
5731	R3hcc1	False
5732	Chmp7	False
5733	Tnfrsf10b	False
5734	Rhobtb2	False
5735	Pebp4	False
5736	Egr3	False
5737	Bin3	False
5738	2610301G19Rik	False
5739	9930012K11Rik	False
5740	Pdlim2	False
5741	Sorbs3	False
5742	Ppp3cc	False
5743	Slc39a14	False
5744	Piwil2	False
5745	Polr3d	False
5746	Mir320	False
5747	Phyhip	False
5748	Bmp1	False
5749	Sftpc	False
5750	Lgi3	False
5751	Reep4	False
5752	Hr	False
5753	Nudt18	False
5754	Fam160b2	False
5755	Epb4.9	False
5756	Fgf17	False
5757	Npm2	False
5758	Xpo7	False
5759	Dok2	False
5760	2410012E07Rik	False
5761	Gfra2	False
5762	Fndc3a	False
5763	Gm9199	False
5764	Cysltr2	False
5765	Rcbtb2	False
5766	Rb1	False
5767	Lpar6	False
5768	Itm2b	False
5769	Med4	False
5770	Nudt15	False
5771	Sucla2	False
5772	4933402J15Rik	False
5773	Htr2a	False
5774	Esd	False
5775	Lrch1	False
5776	Gm4278	False
5777	5031414D18Rik	False
5778	Lrrc63	False
5779	Lcp1	False
5780	Cpb2	False
5781	Zc3h13	False
5782	Siah3	False
5783	Cog3	False
5784	Slc25a30	False
5785	Gm4285	False
5786	Tpt1	False
5787	Snora31	False
5788	Gtf2f2	False
5789	Kctd4	False
5790	1200011I18Rik	False
5791	Nufip1	False
5792	Tsc22d1	False
5793	4930444M15Rik	False
5794	Serp2	False
5795	1700108F19Rik	False
5796	9030625A04Rik	False
5797	Ccdc122	False
5798	Enox1	False
5799	Gm6994	False
5800	Gm1587	False
5801	Dnajc15	False
5802	Epsti1	False
5803	AU021034	False
5804	Tnfsf11	False
5805	Akap11	False
5806	Dgkh	False
5807	1300010F03Rik	False
5808	Zfp957	False
5809	1190002H23Rik	False
5810	Naa16	False
5811	Mtrf1	False
5812	Kbtbd7	False
5813	Gm5465	False
5814	Wbp4	False
5815	Elf1	False
5816	Sugt1	False
5817	Lect1	False
5818	4930452G13Rik	False
5819	Pcdh8	False
5820	Gm10845	False
5821	Olfm4	False
5822	Pcdh17	False
5823	9630013A20Rik	False
5824	Diap3	False
5825	Tdrd3	False
5826	Pcdh20	False
5827	Gm5088	False
5828	Pcdh9	False
5829	Klhl1	False
5830	Dach1	False
5831	Mzt1	False
5832	6720463M24Rik	False
5833	Dis3	False
5834	Pibf1	False
5835	Klf5	False
5836	Klf12	False
5837	Tbc1d4	False
5838	Commd6	False
5839	Uchl3	False
5840	Lmo7	False
5841	Kctd12	False
5842	4933432I03Rik	False
5843	Irg1	False
5844	Cln5	False
5845	Fbxl3	False
5846	Mycbp2	False
5847	Scel	False
5848	Slain1	False
5849	4921525B02Rik	False
5850	Ednrb	False
5851	4930432J09Rik	False
5852	Pou4f1	False
5853	Rnf219	False
5854	Gm17066	False
5855	Rbm26	False
5856	Ndfip2	False
5857	5430440P10Rik	False
5858	4930449E01Rik	False
5859	Spry2	False
5860	Trim52	False
5861	1700128A07Rik	False
5862	Slitrk1	False
5863	Slitrk6	False
5864	Slitrk5	False
5865	Mir18	False
5866	Mir20a	False
5867	Mir17hg	False
5868	Gpc5	False
5869	Gpc6	False
5870	Dct	False
5871	Tgds	False
5872	Gpr180	False
5873	Sox21	False
5874	Gm9376	False
5875	Abcc4	False
5876	Cldn10	False
5877	Dzip1	False
5878	Dnajc3	False
5879	Uggt2	False
5880	Hs6st3	False
5881	1700006F04Rik	False
5882	Oxgr1	False
5883	Mbnl2	False
5884	Rap2a	False
5885	Ipo5	False
5886	Farp1	False
5887	Stk24	False
5888	Slc15a1	False
5889	Dock9	False
5890	Ubac2	False
5891	Gpr18	False
5892	Gpr183	False
5893	Timm8a2	False
5894	A330035P11Rik	False
5895	Tm9sf2	False
5896	Clybl	False
5897	Gm5089	False
5898	Zic5	False
5899	2610035F20Rik	False
5900	Zic2	False
5901	Pcca	False
5902	A2ld1	False
5903	Tmtc4	False
5904	AA536875	False
5905	Nalcn	False
5906	Itgbl1	False
5907	Fgf14	False
5908	1700024B18Rik	False
5909	Sepp1	False
5910	Ccdc152	False
5911	Ghr	False
5912	Fbxo4	False
5913	AW549877	False
5914	A630020A06	False
5915	BC037032	False
5916	Oxct1	False
5917	Plcxd3	False
5918	C6	False
5919	C7	False
5920	Card6	False
5921	Rpl37	False
5922	Prkaa1	False
5923	Ttc33	False
5924	Ptger4	False
5925	5430437J10Rik	False
5926	Dab2	False
5927	C9	False
5928	Fyb	False
5929	Rictor	False
5930	Osmr	False
5931	Lifr	False
5932	Egflam	False
5933	Gdnf	False
5934	Wdr70	False
5935	Nup155	False
5936	2410089E03Rik	False
5937	Nipbl	False
5938	Slc1a3	False
5939	Ranbp3l	False
5940	1110020G09Rik	False
5941	Skp2	False
5942	Lmbrd2	False
5943	Ugt3a1	False
5944	Ugt3a2	False
5945	Capsl	False
5946	Il7r	False
5947	Spef2	False
5948	Prlr	False
5949	Agxt2	False
5950	Dnajc21	False
5951	Brix1	False
5952	Rad1	False
5953	Ttc23l	False
5954	Rai14	False
5955	Gm10389	False
5956	4930556M19Rik	False
5957	Gm19276	False
5958	C1qtnf3	False
5959	Amacr	False
5960	Slc45a2	False
5961	Rxfp3	False
5962	Adamts12	False
5963	Tars	False
5964	Npr3	False
5965	1700047G03Rik	False
5966	Sub1	False
5967	Zfr	False
5968	Mtmr12	False
5969	Golph3	False
5970	Pdzd2	False
5971	6030458C11Rik	False
5972	Drosha	False
5973	Cdh6	False
5974	Cdh9	False
5975	4921515E04Rik	False
5976	Cdh10	False
5977	Acot10	False
5978	Cdh12	False
5979	Gm5803	False
5980	Cdh18	False
5981	Basp1	False
5982	Gm5468	False
5983	Myo10	False
5984	Fam134b	False
5985	Zfp622	False
5986	March11	False
5987	Fbxl7	False
5988	Ank	False
5989	Fam105b	False
5990	Fam105a	False
5991	Trio	False
5992	Dnahc5	False
5993	Ctnnd2	False
5994	4930430F21Rik	False
5995	Dap	False
5996	Ankrd33b	False
5997	Ropn1l	False
5998	March6	False
5999	Cmbl	False
6000	Cct5	False
6001	Fam173b	False
6002	0610007N19Rik	False
6003	Snord123	False
6004	Sema5a	False
6005	Sdc2	False
6006	Pgcp	False
6007	1700084J12Rik	False
6008	4930592A05Rik	False
6009	Tspyl5	False
6010	Mtdh	False
6011	Laptm4b	False
6012	Matn2	False
6013	9430069I07Rik	False
6014	Gm12191	False
6015	Rpl30	False
6016	BC030476	False
6017	Hrsp12	False
6018	Pop1	False
6019	Nipal2	False
6020	4930413F20Rik	False
6021	Kcns2	False
6022	Stk3	False
6023	Osr2	False
6024	BC048602	False
6025	Vps13b	False
6026	Cox6c	False
6027	Rgs22	False
6028	Fbxo43	False
6029	Polr2k	False
6030	Spag1	False
6031	Rnf19a	False
6032	Ankrd46	False
6033	Snx31	False
6034	Pabpc1	False
6035	Ywhaz	False
6036	Zfp706	False
6037	Grhl2	False
6038	Ncald	False
6039	Gm15941	False
6040	Rrm2b	False
6041	Ubr5	False
6042	Odf1	False
6043	Klf10	False
6044	Azin1	False
6045	2310043O21Rik	False
6046	Atp6v1c1	False
6047	Baalc	False
6048	Fzd6	False
6049	Cthrc1	False
6050	Slc25a32	False
6051	Dcaf13	False
6052	Rims2	False
6053	Dcstamp	False
6054	Dpys	False
6055	Lrp12	False
6056	AU022793	False
6057	9330182O14Rik	False
6058	Zfpm2	False
6059	Oxr1	False
6060	Abra	False
6061	Angpt1	False
6062	Rspo2	False
6063	Eif3e	False
6064	Gm10373	False
6065	Ttc35	False
6066	Tmem74	False
6067	Trhr	False
6068	Nudcd1	False
6069	Eny2	False
6070	Pkhd1l1	False
6071	Ebag9	False
6072	Sybu	False
6073	2310069G16Rik	False
6074	A930017M01Rik	False
6075	Kcnv1	False
6076	4930548G14Rik	False
6077	Csmd3	False
6078	Trps1	False
6079	Mir1907	False
6080	Gm19303	False
6081	Eif3h	False
6082	Utp23	False
6083	Rad21	False
6084	Aard	False
6085	Slc30a8	False
6086	Med30	False
6087	Ext1	False
6088	Samd12	False
6089	Tnfrsf11b	False
6090	Colec10	False
6091	Mal2	False
6092	Nov	False
6093	Enpp2	False
6094	Taf2	False
6095	Dscc1	False
6096	Gm9920	False
6097	Deptor	False
6098	Col14a1	False
6099	Mrpl13	False
6100	Mtbp	False
6101	Sntb1	False
6102	Has2	False
6103	Has2as	False
6104	Slc22a22	False
6105	Zhx2	False
6106	Derl1	False
6107	Wdr67	False
6108	Fam83a	False
6109	9130401M01Rik	False
6110	Zhx1	False
6111	Atad2	False
6112	Wdyhv1	False
6113	Fbxo32	False
6114	Klhl38	False
6115	Anxa13	False
6116	D15Ertd621e	False
6117	Tmem65	False
6118	Trmt12	False
6119	Rnf139	False
6120	Tatdn1	False
6121	Ndufb9	False
6122	Mtss1	False
6123	Zfp572	False
6124	Sqle	False
6125	E430025E21Rik	False
6126	Nsmce2	False
6127	Trib1	False
6128	Gm19510	False
6129	Fam84b	False
6130	9930014A18Rik	False
6131	A1bg	False
6132	Myc	False
6133	Pvt1	False
6134	H2afy3	False
6135	LOC432958	False
6136	Gsdmc	False
6137	Gsdmc2	False
6138	Gsdmc3	False
6139	Gsdmc4	False
6140	Gsdmcl-ps	False
6141	Fam49b	False
6142	Asap1	False
6143	Adcy8	False
6144	Efr3a	False
6145	Kcnq3	False
6146	Lrrc6	False
6147	Tmem71	False
6148	Phf20l1	False
6149	Tg	False
6150	Sla	False
6151	Wisp1	False
6152	Ndrg1	False
6153	St3gal1	False
6154	1700012I11Rik	False
6155	Zfat	False
6156	Khdrbs3	False
6157	Fam135b	False
6158	Col22a1	False
6159	Trappc9	False
6160	Peg13	False
6161	Chrac1	False
6162	Eif2c2	False
6163	Ptk2	False
6164	Dennd3	False
6165	Slc45a4	False
6166	Gpr20	False
6167	Ptp4a3	False
6168	Gm628	False
6169	Bai1	False
6170	1700016M24Rik	False
6171	Arc	False
6172	Jrk	False
6173	4933427E11Rik	False
6174	Psca	False
6175	4930572J05Rik	False
6176	Slurp1	False
6177	Lypd2	False
6178	2300005B03Rik	False
6179	Lynx1	False
6180	Ly6d	False
6181	D730001G18Rik	False
6182	Ly6k	False
6183	Gml	False
6184	Hemt1	False
6185	Cyp11b1	False
6186	2010109I03Rik	False
6187	Ly6e	False
6188	Ly6i	False
6189	Ly6a	False
6190	Ly6c1	False
6191	Ly6c2	False
6192	Ly6f	False
6193	9030619P08Rik	False
6194	Ly6h	False
6195	Gpihbp1	False
6196	Zfp41	False
6197	Top1mt	False
6198	Rhpn1	False
6199	Mafa	False
6200	Zc3h3	False
6201	Gsdmd	False
6202	Naprt1	False
6203	Eef1d	False
6204	Tigd5	False
6205	Pycrl	False
6206	Tsta3	False
6207	Zfp623	False
6208	Zfp707	False
6209	2410075B13Rik	False
6210	Mapk15	False
6211	Fam83h	False
6212	Scrib	False
6213	Puf60	False
6214	Nrbp2	False
6215	Eppk1	False
6216	BC024139	False
6217	Plec	False
6218	Parp10	False
6219	Grina	False
6220	Gm10872	False
6221	Spatc1	False
6222	Gm10345	False
6223	Oplah	False
6224	Exosc4	False
6225	Gpaa1	False
6226	Cyc1	False
6227	Sharpin	False
6228	Maf1	False
6229	Fam203a	False
6230	Tssk5	False
6231	Heatr7a	False
6232	Bop1	False
6233	Scx	False
6234	Hsf1	False
6235	Dgat1	False
6236	Scrt1	False
6237	Fbxl6	False
6238	Slc52a2	False
6239	Adck5	False
6240	Cpsf1	False
6241	Slc39a4	False
6242	Vps28	False
6243	Tonsl	False
6244	Cyhr1	False
6245	Kifc2	False
6246	Foxh1	False
6247	Ppp1r16a	False
6248	Gpt	False
6249	Mfsd3	False
6250	Recql4	False
6251	Lrrc14	False
6252	Lrrc24	False
6253	C030006K11Rik	False
6254	Arhgap39	False
6255	Zfp251	False
6256	Zfp7	False
6257	Commd5	False
6258	Rpl8	False
6259	Zfp647	False
6260	1110038F14Rik	False
6261	Mb	False
6262	Apol6	False
6263	Rbfox2	False
6264	Apol7a	False
6265	Apol9a	False
6266	Apol7b	False
6267	Apol10a	False
6268	Apol11a	False
6269	Apol7c	False
6270	1700025B11Rik	False
6271	Apol10b	False
6272	Gm8221	False
6273	Apol11b	False
6274	Apol7e	False
6275	Apol9b	False
6276	Apol8	False
6277	Myh9	False
6278	Txn2	False
6279	Foxred2	False
6280	Eif3d	False
6281	Cacng2	False
6282	Ift27	False
6283	Pvalb	False
6284	Ncf4	False
6285	Csf2rb2	False
6286	Csf2rb	False
6287	1700061J05Rik	False
6288	Tst	False
6289	Mpst	False
6290	Kctd17	False
6291	Tmprss6	False
6292	Il2rb	False
6293	C1qtnf6	False
6294	Sstr3	False
6295	Rac2	False
6296	Cyth4	False
6297	Elfn2	False
6298	Mfng	False
6299	Card10	False
6300	Cdc42ep1	False
6301	Lgals2	False
6302	Gga1	False
6303	Sh3bp1	False
6304	Pdxp	False
6305	Lgals1	False
6306	Nol12	False
6307	Triobp	False
6308	Gm10865	False
6309	H1f0	False
6310	Gcat	False
6311	Galr3	False
6312	Ankrd54	False
6313	Eif3l	False
6314	Micall1	False
6315	1700088E04Rik	False
6316	Polr2f	False
6317	Sox10	False
6318	Gm10863	False
6319	Pick1	False
6320	Slc16a8	False
6321	Baiap2l2	False
6322	Pla2g6	False
6323	Maff	False
6324	Tmem184b	False
6325	Csnk1e	False
6326	Kcnj4	False
6327	Kdelr3	False
6328	Ddx17	False
6329	Dmc1	False
6330	4933432B09Rik	False
6331	Cby1	False
6332	Tomm22	False
6333	Josd1	False
6334	Gtpbp1	False
6335	Sun2	False
6336	Gm16576	False
6337	Dnalc4	False
6338	Nptxr	False
6339	Cbx6	False
6340	D730005E14Rik	False
6341	Apobec3	False
6342	Cbx7	False
6343	Pdgfb	False
6344	Rpl3	False
6345	Syngr1	False
6346	Tab1	False
6347	Mgat3	False
6348	Smcr7l	False
6349	Atf4	False
6350	Rps19bp1	False
6351	Cacna1i	False
6352	Enthd1	False
6353	Grap2	False
6354	Fam83f	False
6355	A430088P11Rik	False
6356	Tnrc6b	False
6357	Adsl	False
6358	Sgsm3	False
6359	Mkl1	False
6360	4930483J18Rik	False
6361	Mchr1	False
6362	Slc25a17	False
6363	St13	False
6364	Xpnpep3	False
6365	Dnajb7	False
6366	Rbx1	False
6367	Ep300	False
6368	L3mbtl2	False
6369	Chadl	False
6370	Rangap1	False
6371	Zc3h7b	False
6372	Tef	False
6373	Tob2	False
6374	Phf5a	False
6375	Aco2	False
6376	Polr3h	False
6377	Csdc2	False
6378	Pmm1	False
6379	1700029P11Rik	False
6380	Pppde2	False
6381	Xrcc6	False
6382	Nhp2l1	False
6383	4930407I10Rik	False
6384	Mei1	False
6385	Ccdc134	False
6386	Srebf2	False
6387	AI848285	False
6388	Tnfrsf13c	False
6389	Cenpm	False
6390	1500009C09Rik	False
6391	Sept3	False
6392	Wbp2nl	False
6393	Naga	False
6394	Fam109b	False
6395	1500032L24Rik	False
6396	Ndufa6	False
6397	Cyp2d22	False
6398	Cyp2d11	False
6399	Cyp2d10	False
6400	Cyp2d9	False
6401	Cyp2d12	False
6402	Cyp2d34	False
6403	Cyp2d13	False
6404	Cyp2d37-ps	False
6405	Cyp2d40	False
6406	Cyp2d26	False
6407	Tcf20	False
6408	Tbrg3	False
6409	Gm20324	False
6410	Nfam1	False
6411	Serhl	False
6412	Rrp7a	False
6413	Poldip3	False
6414	Rnu12	False
6415	Cyb5r3	False
6416	A4galt	False
6417	Arfgap3	False
6418	1700001L05Rik	False
6419	Pacsin2	False
6420	Ttll1	False
6421	Bik	False
6422	Mcat	False
6423	Tspo	False
6424	Ttll12	False
6425	Scube1	False
6426	Mpped1	False
6427	Efcab6	False
6428	Sult4a1	False
6429	Pnpla5	False
6430	Pnpla3	False
6431	Samm50	False
6432	Parvb	False
6433	Parvg	False
6434	1810041L15Rik	False
6435	Ldoc1l	False
6436	Prr5	False
6437	Gm20556	False
6438	Arhgap8	False
6439	Phf21b	False
6440	Nup50	False
6441	5031439G07Rik	False
6442	Upk3a	False
6443	Fam118a	False
6444	Smc1b	False
6445	Ribc2	False
6446	Gm19277	False
6447	Fbln1	False
6448	Atxn10	False
6449	7530416G11Rik	False
6450	Wnt7b	False
6451	AU022754	False
6452	Mirlet7b	False
6453	Ppara	False
6454	2210021J22Rik	False
6455	Pkdrej	False
6456	Ttc38	False
6457	Gtse1	False
6458	Trmu	False
6459	Celsr1	False
6460	Gramd4	False
6461	Cerk	False
6462	Tbc1d22a	False
6463	Fam19a5	False
6464	Brd1	False
6465	Zbed4	False
6466	Alg12	False
6467	Creld2	False
6468	Pim3	False
6469	Ttll8	False
6470	Mlc1	False
6471	Mov10l1	False
6472	Panx2	False
6473	1810021B22Rik	False
6474	Trabd	False
6475	1300018J18Rik	False
6476	Tubgcp6	False
6477	Hdac10	False
6478	Mapk12	False
6479	Mapk11	False
6480	Plxnb2	False
6481	Fam116b	False
6482	Ppp6r2	False
6483	Sbf1	False
6484	Adm2	False
6485	Miox	False
6486	Lmf2	False
6487	Ncaph2	False
6488	Sco2	False
6489	Tymp	False
6490	Odf3b	False
6491	Syce3	False
6492	Cpt1b	False
6493	BC090627	False
6494	Chkb	False
6495	Mapk8ip2	False
6496	Arsa	False
6497	Shank3	False
6498	Acr	False
6499	Rabl2	False
6500	Syt10	False
6501	Alg10b	False
6502	Cpne8	False
6503	Kif21a	False
6504	Abcd2	False
6505	Slc2a13	False
6506	Lrrk2	False
6507	Muc19	False
6508	Smgc	False
6509	Cntn1	False
6510	Pdzrn4	False
6511	Gxylt1	False
6512	Yaf2	False
6513	Zcrb1	False
6514	Pphln1	False
6515	Prickle1	False
6516	9430014N10Rik	False
6517	D630010B17Rik	False
6518	Adamts20	False
6519	Pus7l	False
6520	Irak4	False
6521	Twf1	False
6522	Tmem117	False
6523	Nell2	False
6524	Dbx2	False
6525	Ano6	False
6526	D030018L15Rik	False
6527	Gm4371	False
6528	2610037D02Rik	False
6529	E330033B04Rik	False
6530	Arid2	False
6531	Scaf11	False
6532	Slc38a1	False
6533	Slc38a2	False
6534	Slc38a4	False
6535	Amigo2	False
6536	Fam113b	False
6537	Rpap3	False
6538	Endou	False
6539	Rapgef3	False
6540	Slc48a1	False
6541	Hdac7	False
6542	Vdr	False
6543	Tmem106c	False
6544	Col2a1	False
6545	Senp1	False
6546	Pfkm	False
6547	Asb8	False
6548	AI836003	False
6549	Olfr287	False
6550	H1fnt	False
6551	Zfp641	False
6552	Lalba	False
6553	2310037I24Rik	False
6554	Snora2b	False
6555	Ccnt1	False
6556	9330020H09Rik	False
6557	4930415O20Rik	False
6558	Adcy6	False
6559	Cacnb3	False
6560	Ddx23	False
6561	Rnd1	False
6562	Ccdc65	False
6563	Fkbp11	False
6564	Arf3	False
6565	Wnt10b	False
6566	Wnt1	False
6567	Ddn	False
6568	Prkag1	False
6569	Mll2	False
6570	Rhebl1	False
6571	Dhh	False
6572	Lmbr1l	False
6573	Tuba1b	False
6574	Tuba1a	False
6575	4930578M01Rik	False
6576	Tuba1c	False
6577	Prph	False
6578	Troap	False
6579	C1ql4	False
6580	Dnajc22	False
6581	Spats2	False
6582	Kcnh3	False
6583	Mcrs1	False
6584	1700120C14Rik	False
6585	Fam186b	False
6586	Prpf40b	False
6587	Fmnl3	False
6588	Tmbim6	False
6589	Nckap5l	False
6590	Bcdin3d	False
6591	Faim2	False
6592	Aqp2	False
6593	Aqp5	False
6594	Aqp6	False
6595	Racgap1	False
6596	Accn2	False
6597	Smarcd1	False
6598	Gpd1	False
6599	2310016M24Rik	False
6600	Lass5	False
6601	Lima1	False
6602	Larp4	False
6603	2310068J16Rik	False
6604	Dip2b	False
6605	Atf1	False
6606	Tmprss12	False
6607	Mettl7a1	False
6608	Mettl7a3	False
6609	AB099516	False
6610	Mettl7a2	False
6611	Slc11a2	False
6612	Gm5475	False
6613	Letmd1	False
6614	Csrnp2	False
6615	Tfcp2	False
6616	Pou6f1	False
6617	C330013E15Rik	False
6618	Dazap2	False
6619	Smagp	False
6620	Cela1	False
6621	Galnt6	False
6622	I730030J21Rik	False
6623	Slc4a8	False
6624	Scn8a	False
6625	Fignl2	False
6626	Ankrd33	False
6627	Acvrl1	False
6628	Acvr1b	False
6629	A330009N23Rik	False
6630	AU021063	False
6631	Grasp	False
6632	Nr4a1	False
6633	9430023L20Rik	False
6634	6030408B16Rik	False
6635	Krt80	False
6636	Krt7	False
6637	Krt85	False
6638	Krt83	False
6639	1700011A15Rik	False
6640	Krt81	False
6641	Krt86	False
6642	5430421N21Rik	False
6643	Krt84	False
6644	Krt82	False
6645	4732456N10Rik	False
6646	Krt75	False
6647	Gm5478	False
6648	Krt6b	False
6649	Krt6a	False
6650	Krt5	False
6651	Krt71	False
6652	Krt73	False
6653	Krt2	False
6654	Krt1	False
6655	Krt77	False
6656	Krt76	False
6657	Krt4	False
6658	Krt79	False
6659	Krt78	False
6660	Krt8	False
6661	Krt18	False
6662	Eif4b	False
6663	Tenc1	False
6664	Spryd3	False
6665	Igfbp6	False
6666	Soat2	False
6667	Csad	False
6668	Zfp740	False
6669	Itgb7	False
6670	Rarg	False
6671	Mfsd5	False
6672	Espl1	False
6673	Pfdn5	False
6674	Myg1	False
6675	Aaas	False
6676	Sp7	False
6677	Sp1	False
6678	Amhr2	False
6679	Prr13	False
6680	Pcbp2	False
6681	Map3k12	False
6682	Tarbp2	False
6683	Npff	False
6684	Atf7	False
6685	Atp5g2	False
6686	Mir688	False
6687	Calcoco1	False
6688	Hoxc13	False
6689	Hoxc12	False
6690	Hotair	False
6691	Hoxc11	False
6692	Hoxc10	False
6693	Hoxc9	False
6694	Hoxc8	False
6695	Hoxc6	False
6696	Hoxc5	False
6697	Hoxc4	False
6698	D930007P13Rik	False
6699	Smug1	False
6700	Cbx5	False
6701	Hnrnpa1	False
6702	Gm5643	False
6703	Nfe2	False
6704	Copz1	False
6705	Gpr84	False
6706	Zfp385a	False
6707	Itga5	False
6708	Gtsf1	False
6709	BC048502	False
6710	Nckap1l	False
6711	Pde1b	False
6712	Ppp1r1a	False
6713	Glycam1	False
6714	Mucl1	False
6715	Spt1	False
6716	Mefv	False
6717	Zfp263	False
6718	Zfp174	False
6719	Zfp597	False
6720	Nat15	False
6721	1700037C18Rik	False
6722	Cluap1	False
6723	Nlrc3	False
6724	Slx4	False
6725	Dnase1	False
6726	Trap1	False
6727	Crebbp	False
6728	Gm5766	False
6729	Adcy9	False
6730	Srl	False
6731	Tfap4	False
6732	Glis2	False
6733	Pam16	False
6734	Coro7	False
6735	Vasn	False
6736	Dnaja3	False
6737	Nmral1	False
6738	Hmox2	False
6739	5730403B10Rik	False
6740	4930562C15Rik	False
6741	Fam100a	False
6742	Mgrn1	False
6743	Gm16861	False
6744	Nudt16l1	False
6745	Anks3	False
6746	Sept12	False
6747	Gm5480	False
6748	Rogdi	False
6749	Glyr1	False
6750	Ubn1	False
6751	Ppl	False
6752	Sec14l5	False
6753	Nagpa	False
6754	AU021092	False
6755	Alg1	False
6756	Fam86	False
6757	Rbfox1	False
6758	1700123O21Rik	False
6759	Cldn26	False
6760	Mettl22	False
6761	Abat	False
6762	Tmem186	False
6763	Pmm2	False
6764	Carhsp1	False
6765	Usp7	False
6766	1810013L24Rik	False
6767	Grin2a	False
6768	Rpl39l	False
6769	Atf7ip2	False
6770	Emp2	False
6771	Tekt5	False
6772	Nubp1	False
6773	Fam18a	False
6774	Ciita	False
6775	Dexi	False
6776	Clec16a	False
6777	Socs1	False
6778	Tnp2	False
6779	Prm3	False
6780	Prm2	False
6781	Prm1	False
6782	A630055G03Rik	False
6783	Litaf	False
6784	Gm4262	False
6785	Snn	False
6786	Txndc11	False
6787	Zc3h7a	False
6788	Rsl1d1	False
6789	2610020C07Rik	False
6790	Gspt1	False
6791	Tnfrsf17	False
6792	Snx29	False
6793	Cpped1	False
6794	Gm9961	False
6795	Shisa9	False
6796	Ercc4	False
6797	Mkl2	False
6798	2310015D24Rik	False
6799	Parn	False
6800	Bfar	False
6801	3110001I22Rik	False
6802	Pla2g10	False
6803	1810007I06Rik	False
6804	Rrn3	False
6805	Ntan1	False
6806	Pdxdc1	False
6807	Mpv17l	False
6808	Ifitm7	False
6809	2900011O08Rik	False
6810	4921513D23Rik	False
6811	Nde1	False
6812	Myh11	False
6813	0610037P05Rik	False
6814	Abcc1	False
6815	A630010A05Rik	False
6816	Snai2	False
6817	Efcab1	False
6818	Ube2v2	False
6819	Mcm4	False
6820	Prkdc	False
6821	Mzt2	False
6822	Cebpd	False
6823	2310008H04Rik	False
6824	Pkp2	False
6825	Yars2	False
6826	Dnm1l	False
6827	Fgd4	False
6828	4933404G15Rik	False
6829	Spag6	False
6830	Rpl31-ps12	False
6831	Igll1	False
6832	Vpreb1	False
6833	Top3b	False
6834	Ppm1f	False
6835	Mapk1	False
6836	Ypel1	False
6837	Ppil2	False
6838	2610318N02Rik	False
6839	Sdf2l1	False
6840	Ccdc116	False
6841	Ydjc	False
6842	Ube2l3	False
6843	Rimbp3	False
6844	Hic2	False
6845	Tmem191c	False
6846	Pi4ka	False
6847	Serpind1	False
6848	Snap29	False
6849	Crkl	False
6850	Aifm3	False
6851	Lztr1	False
6852	Thap7	False
6853	4930451C15Rik	False
6854	P2rx6	False
6855	Slc7a4	False
6856	Smpd4	False
6857	Ccdc74a	False
6858	Med15	False
6859	Klhl22	False
6860	Scarf2	False
6861	B830017H08Rik	False
6862	Car15	False
6863	Dgcr2	False
6864	Tssk1	False
6865	Tssk2	False
6866	Dgcr14	False
6867	Slc25a1	False
6868	Vpreb2	False
6869	Dgcr6	False
6870	Prodh	False
6871	Rtn4r	False
6872	4933432I09Rik	False
6873	Zdhhc8	False
6874	Ranbp1	False
6875	Trmt2a	False
6876	Dgcr8	False
6877	D16H22S680E	False
6878	Arvcf	False
6879	Comt	False
6880	Txnrd2	False
6881	Gnb1l	False
6882	Tbx1	False
6883	Gp1bb	False
6884	Sept5	False
6885	Cldn5	False
6886	Cdc45	False
6887	Ufd1l	False
6888	2510002D24Rik	False
6889	Mrpl40	False
6890	Hira	False
6891	Olfr164	False
6892	Olfr165	False
6893	Olfr171	False
6894	Lamp3	False
6895	B3gnt5	False
6896	A930003A15Rik	False
6897	Klhl6	False
6898	Klhl24	False
6899	Yeats2	False
6900	Map6d1	False
6901	Parl	False
6902	Cyp2ab1	False
6903	Abcc5	False
6904	Eif2b5	False
6905	Dvl3	False
6906	Ap2m1	False
6907	Gm15760	False
6908	Abcf3	False
6909	Vwa5b2	False
6910	Alg3	False
6911	Ece2	False
6912	Camk2n2	False
6913	Psmd2	False
6914	Eif4g1	False
6915	Fam131a	False
6916	Clcn2	False
6917	Polr2h	False
6918	Thpo	False
6919	Chrd	False
6920	2310042E22Rik	False
6921	Ephb3	False
6922	A830060N17	False
6923	Vps8	False
6924	2510009E07Rik	False
6925	Ehhadh	False
6926	1300002E11Rik	False
6927	Map3k13	False
6928	Tmem41a	False
6929	Liph	False
6930	Senp2	False
6931	Igf2bp2	False
6932	Tra2b	False
6933	Etv5	False
6934	Dgkg	False
6935	Crygs	False
6936	Tbccd1	False
6937	Dnajb11	False
6938	Ahsg	False
6939	Fetub	False
6940	Hrg	False
6941	Kng2	False
6942	Kng1	False
6943	Eif4a2	False
6944	Snord2	False
6945	Snora81	False
6946	Rfc4	False
6947	Adipoq	False
6948	St6gal1	False
6949	Rtp1	False
6950	Masp1	False
6951	Rtp4	False
6952	Sst	False
6953	Bcl6	False
6954	1110054M08Rik	False
6955	Lpp	False
6956	A730098P11Rik	False
6957	A230028O05Rik	False
6958	Tprg	False
6959	Trp63	False
6960	Leprel1	False
6961	Cldn1	False
6962	Cldn16	False
6963	Tmem207	False
6964	Il1rap	False
6965	Gm606	False
6966	Ostn	False
6967	Uts2d	False
6968	Ccdc50	False
6969	Fgf12	False
6970	1600021P15Rik	False
6971	Hrasls	False
6972	Atp13a5	False
6973	Atp13a4	False
6974	Opa1	False
6975	Gm1968	False
6976	4632428C04Rik	False
6977	9030404E10Rik	False
6978	Hes1	False
6979	Cpn2	False
6980	Lrrc15	False
6981	Gp5	False
6982	Atp13a3	False
6983	Tmem44	False
6984	Lsg1	False
6985	Fam43a	False
6986	AI480653	False
6987	Acap2	False
6988	Ppp1r2	False
6989	Apod	False
6990	Bdh1	False
6991	Dlg1	False
6992	Mfi2	False
6993	Pigz	False
6994	0610012G03Rik	False
6995	Ncbp2	False
6996	Senp5	False
6997	Pak2	False
6998	Pigx	False
6999	1500031L02Rik	False
7000	Lrrc33	False
7001	Bex6	False
7002	Fbxo45	False
7003	Wdr53	False
7004	2310010M20Rik	False
7005	Rnf168	False
7006	Ubxn7	False
7007	Tm4sf19	False
7008	Tctex1d2	False
7009	Pcyt1a	False
7010	Osta	False
7011	Zdhhc19	False
7012	Tfrc	False
7013	Tnk2	False
7014	Gm10818	False
7015	Muc4	False
7016	Muc20	False
7017	Gm933	False
7018	1700021K19Rik	False
7019	Fyttd1	False
7020	Lrch3	False
7021	Iqcg	False
7022	Rpl35a	False
7023	Lmln	False
7024	Osbpl11	False
7025	Snx4	False
7026	1700007L15Rik	False
7027	Zfp148	False
7028	Slc12a8	False
7029	Heg1	False
7030	Muc13	False
7031	Itgb5	False
7032	Umps	False
7033	Kalrn	False
7034	Ccdc14	False
7035	Mylk	False
7036	1700119H24Rik	False
7037	E130310I04Rik	False
7038	Ptplb	False
7039	Adcy5	False
7040	Sec22a	False
7041	Pdia5	False
7042	Sema5b	False
7043	Dirc2	False
7044	Hspbap1	False
7045	Parp14	False
7046	Dtx3l	False
7047	Parp9	False
7048	Kpna1	False
7049	Wdr5b	False
7050	Fam162a	False
7051	Ccdc58	False
7052	Csta	False
7053	Stfa2l1	False
7054	Gm5483	False
7055	Gm5416	False
7056	2010005H15Rik	False
7057	Stfa1	False
7058	BC117090	False
7059	BC100530	False
7060	Stfa2	False
7061	Stfa3	False
7062	Casr	False
7063	Cd86	False
7064	Ildr1	False
7065	Slc15a2	False
7066	Eaf2	False
7067	Iqcb1	False
7068	4930565N06Rik	False
7069	Golgb1	False
7070	Hcls1	False
7071	Fbxo40	False
7072	Polq	False
7073	Stxbp5l	False
7074	Gtf2e1	False
7075	Rabl3	False
7076	Hgd	False
7077	Ndufb4	False
7078	Fstl1	False
7079	Lrrc58	False
7080	Gpr156	False
7081	4930542C21Rik	False
7082	BC031361	False
7083	Gsk3b	False
7084	Nr1i2	False
7085	4932425I24Rik	False
7086	Cox17	False
7087	Popdc2	False
7088	Pla1a	False
7089	Adprh	False
7090	Cd80	False
7091	4930455C21Rik	False
7092	Poglut1	False
7093	Tmem39a	False
7094	Arhgap31	False
7095	B4galt4	False
7096	Upk1b	False
7097	Igsf11	False
7098	Lsamp	False
7099	Gap43	False
7100	4932412D23Rik	False
7101	Gm19522	False
7102	BC002163	False
7103	Zbtb20	False
7104	LOC626693	False
7105	Mir568	False
7106	Tigit	False
7107	Drd3	False
7108	Qtrtd1	False
7109	2610015P09Rik	False
7110	Zdhhc23	False
7111	Gramd1c	False
7112	Atp6v1a	False
7113	Naa50	False
7114	Gm608	False
7115	Sidt1	False
7116	Spice1	False
7117	Wdr52	False
7118	Boc	False
7119	BC027231	False
7120	Gtpbp8	False
7121	Cd200r1	False
7122	Cd200r4	False
7123	Cd200r2	False
7124	Cd200r3	False
7125	Ccdc80	False
7126	Slc35a5	False
7127	Atg3	False
7128	Btla	False
7129	Cd200	False
7130	Gm609	False
7131	Slc9a10	False
7132	Gcet2	False
7133	BC016579	False
7134	Tmprss7	False
7135	Tagln3	False
7136	Abhd10	False
7137	Phldb2	False
7138	Plcxd2	False
7139	Cd96	False
7140	Pvrl3	False
7141	Dppa4	False
7142	Dppa2	False
7143	Gm5485	False
7144	Morc1	False
7145	Trat1	False
7146	Retnlb	False
7147	Retnla	False
7148	Retnlg	False
7149	Dzip3	False
7150	C330027C09Rik	False
7151	Myh15	False
7152	Ift57	False
7153	Cd47	False
7154	Gm6936	False
7155	Gm4827	False
7156	Bbx	False
7157	G730013B05Rik	False
7158	Ccdc54	False
7159	4930542D17Rik	False
7160	5330426P16Rik	False
7161	Cblb	False
7162	Alcam	False
7163	Zpld1	False
7164	Nfkbiz	False
7165	Fam55c	False
7166	Cep97	False
7167	Rpl24	False
7168	2310061J03Rik	False
7169	Zbtb11	False
7170	Pcnp	False
7171	Rg9mtd1	False
7172	Senp7	False
7173	Impg2	False
7174	Abi3bp	False
7175	Tfg	False
7176	Gpr128	False
7177	Tmem45a	False
7178	2310005G13Rik	False
7179	Tomm70a	False
7180	Nit2	False
7181	Tbc1d23	False
7182	Tmem30c	False
7183	2610528E23Rik	False
7184	Filip1l	False
7185	Col8a1	False
7186	Dcbld2	False
7187	St3gal6	False
7188	E330017A01Rik	False
7189	Cpox	False
7190	Gpr15	False
7191	Cldn25	False
7192	Olfr183	False
7193	Gabrr3	False
7194	Mina	False
7195	Crybg3	False
7196	Arl6	False
7197	4930547E14Rik	False
7198	Epha6	False
7199	Nsun3	False
7200	Arl13b	False
7201	Stx19	False
7202	Pros1	False
7203	Epha3	False
7204	4930453N24Rik	False
7205	Zfp654	False
7206	Cggbp1	False
7207	Htr1f	False
7208	Pou1f1	False
7209	Chmp2b	False
7210	Vgll3	False
7211	Cadm2	False
7212	1700010K23Rik	False
7213	Speer2	False
7214	Gbe1	False
7215	D16Ertd519e	False
7216	Robo1	False
7217	Robo2	False
7218	Rbm11	False
7219	Hspa13	False
7220	Samsn1	False
7221	Nrip1	False
7222	Usp25	False
7223	2810055G20Rik	False
7224	E330011O21Rik	False
7225	Cxadr	False
7226	Btg3	False
7227	D16Ertd472e	False
7228	4930478L05Rik	False
7229	Chodl	False
7230	Tmprss15	False
7231	Ncam2	False
7232	Mrpl39	False
7233	Jam2	False
7234	Atp5j	False
7235	Gabpa	False
7236	App	False
7237	Gm10791	False
7238	Cyyr1	False
7239	Adamts1	False
7240	4930556C24Rik	False
7241	Adamts5	False
7242	N6amt1	False
7243	Ltn1	False
7244	Rwdd2b	False
7245	Usp16	False
7246	Cct8	False
7247	B130034C11Rik	False
7248	ORF63	False
7249	Bach1	False
7250	Grik1	False
7251	Cldn17	False
7252	Cldn8	False
7253	Krtap24-1	False
7254	2310079G19Rik	False
7255	Krtap26-1	False
7256	Krtap27-1	False
7257	2310061N02Rik	False
7258	Krtap13-1	False
7259	Krtap13	False
7260	2310034C09Rik	False
7261	2310057N15Rik	False
7262	Krtap15	False
7263	Krtap8-1	False
7264	Krtap7-1	False
7265	Krtap11-1	False
7266	Tiam1	False
7267	Gm10789	False
7268	Sod1	False
7269	Scaf4	False
7270	Hunk	False
7271	2610039C10Rik	False
7272	Mrap	False
7273	Urb1	False
7274	4931408A02Rik	False
7275	1110004E09Rik	False
7276	Synj1	False
7277	4930404I05Rik	False
7278	Gcfc1	False
7279	4932438H23Rik	False
7280	Olig2	False
7281	Olig1	False
7282	Ifnar2	False
7283	Il10rb	False
7284	Ifnar1	False
7285	Ifngr2	False
7286	Tmem50b	False
7287	Dnajc28	False
7288	Gart	False
7289	Son	False
7290	Donson	False
7291	Gm10785	False
7292	Cryzl1	False
7293	Itsn1	False
7294	Atp5o	False
7295	Slc5a3	False
7296	Mrps6	False
7297	Kcne2	False
7298	Fam165b	False
7299	4930563D23Rik	False
7300	Kcne1	False
7301	Rcan1	False
7302	2410124H12Rik	False
7303	Clic6	False
7304	Runx1	False
7305	1810053B23Rik	False
7306	1700029J03Rik	False
7307	Setd4	False
7308	Cbr1	False
7309	Cbr3	False
7310	Dopey2	False
7311	Morc3	False
7312	Chaf1b	False
7313	Cldn14	False
7314	Sim2	False
7315	Hlcs	False
7316	Ripply3	False
7317	Pigp	False
7318	Ttc3	False
7319	Dscr3	False
7320	Dyrk1a	False
7321	Kcnj6	False
7322	Kcnj15	False
7323	Erg	False
7324	Ets2	False
7325	1600002D24Rik	False
7326	Psmg1	False
7327	Brwd1	False
7328	Hmgn1	False
7329	Wrb	False
7330	Lca5l	False
7331	Sh3bgr	False
7332	B3galt5	False
7333	Igsf5	False
7334	Itgb2l	False
7335	Pcp4	False
7336	Dscam	False
7337	Bace2	False
7338	Mx1	False
7339	Fam3b	False
7340	Mx2	False
7341	Tmprss2	False
7342	Ripk4	False
7343	Prdm15	False
7344	C2cd2	False
7345	Zfp295	False
7346	A630089N07Rik	False
7347	Pisd-ps2	False
7348	Scaf8	False
7349	Tiam2	False
7350	Tfb1m	False
7351	Cldn20	False
7352	1700102H20Rik	False
7353	4930470H14Rik	False
7354	4930548J01Rik	False
7355	Arid1b	False
7356	5730437N04Rik	False
7357	Ldhal6b	False
7358	Zdhhc14	False
7359	3300005D01Rik	False
7360	Snx9	False
7361	Synj2	False
7362	Serac1	False
7363	Gtf2h5	False
7364	Tulp4	False
7365	Tmem181a	False
7366	Dynlt1a	False
7367	Dynlt1b	False
7368	Tmem181b-ps	False
7369	Dynlt1f	False
7370	Tmem181c-ps	False
7371	Sytl3	False
7372	Ezr	False
7373	Mir692-1	False
7374	Rsph3b	False
7375	Tagap1	False
7376	Rnaset2b	False
7377	Gm1604b	False
7378	Rps6ka2	False
7379	Tcp10a	False
7380	Ttll2	False
7381	Gm9992	False
7382	Fndc1	False
7383	Tagap	False
7384	Rsph3a	False
7385	Fgfr1op	False
7386	Ccr6	False
7387	Brp44l	False
7388	Sft2d1	False
7389	Prr18	False
7390	T2	False
7391	Gm16702	False
7392	T	False
7393	Pde10a	False
7394	1700010I14Rik	False
7395	6530411M01Rik	False
7396	Pabpc6	False
7397	4930452A19Rik	False
7398	Qk	False
7399	B930003M22Rik	False
7400	1700110C19Rik	False
7401	Pacrg	False
7402	Park2	False
7403	Agpat4	False
7404	Map3k4	False
7405	4732491K20Rik	False
7406	Plg	False
7407	Slc22a3	False
7408	Slc22a2	False
7409	Slc22a1	False
7410	Igf2r	False
7411	Airn	False
7412	Mas1	False
7413	Mrgprh	False
7414	Pnldc1	False
7415	Mrpl18	False
7416	Tcp1	False
7417	Acat3	False
7418	Acat2	False
7419	Wtap	False
7420	Sod2	False
7421	Gpr31c	False
7422	Tcp10b	False
7423	Gm11166	False
7424	Unc93a	False
7425	Gm10512	False
7426	Tcp10c	False
7427	2700054A10Rik	False
7428	Smok4a	False
7429	Tcte2	False
7430	Mllt4	False
7431	Gm7168	False
7432	Dact2	False
7433	Smoc2	False
7434	4930474M22Rik	False
7435	Thbs2	False
7436	Wdr27	False
7437	1600012H06Rik	False
7438	Phf10	False
7439	LOC106740	False
7440	Tcte3	False
7441	9030025P20Rik	False
7442	Gm3435	False
7443	2210404J11Rik	False
7444	Gm5091	False
7445	Gm10510	False
7446	Dll1	False
7447	Fam120b	False
7448	Psmb1	False
7449	Tbp	False
7450	Pdcd2	False
7451	Prdm9	False
7452	4933401D09Rik	False
7453	Chd1	False
7454	Rgmb	False
7455	Zfp960	False
7456	Zfp97	False
7457	Riok2	False
7458	Lix1	False
7459	Lnpep	False
7460	Vmn2r90	False
7461	Mirlet7e	False
7462	Ncrna00085	False
7463	Has1	False
7464	Fpr1	False
7465	Fpr2	False
7466	Fpr3	False
7467	Vmn2r95	False
7468	Vmn2r96	False
7469	Vmn2r97	False
7470	Ppp2r1a	False
7471	Zfp160	False
7472	Zfp677	False
7473	Zfp54	False
7474	Zfp51	False
7475	Zfp53	False
7476	Zfp52	False
7477	Zfp948	False
7478	3110052M02Rik	False
7479	Gm10509	False
7480	Zfp760	False
7481	Zfp229	False
7482	Zfp820	False
7483	2210404O09Rik	False
7484	Zfp942	False
7485	Zfp943	False
7486	Zfp947	False
7487	Gm4944	False
7488	Zfp944	False
7489	Zfp758	False
7490	Zfp946	False
7491	Gm16386	False
7492	Zfp945	False
7493	Vmn2r-ps129	False
7494	Zfp40	False
7495	Zfp213	False
7496	Zfp13	False
7497	Zscan10	False
7498	Mmp25	False
7499	Ccdc64b	False
7500	Thoc6	False
7501	Hcfc1r1	False
7502	Tnfrsf12a	False
7503	Cldn6	False
7504	Cldn9	False
7505	Pkmyt1	False
7506	Paqr4	False
7507	Kremen2	False
7508	9530082P21Rik	False
7509	Flywch1	False
7510	Flywch2	False
7511	Srrm2	False
7512	Tceb2	False
7513	Prss33	False
7514	Prss41	False
7515	Prss32	False
7516	Dcpp1	False
7517	Dcpp2	False
7518	Dcpp3	False
7519	Sbp	False
7520	Sbpl	False
7521	Prss30	False
7522	Prss22	False
7523	Prss27	False
7524	Kctd5	False
7525	Pdpk1	False
7526	Amdhd2	False
7527	Atp6v0c-ps2	False
7528	Atp6v0c	False
7529	Tbc1d24	False
7530	Ntn3	False
7531	1600002H07Rik	False
7532	Ccnf	False
7533	Abca17	False
7534	Abca3	False
7535	D330041H03Rik	False
7536	Rnps1	False
7537	Eci1	False
7538	Dnase1l2	False
7539	E4f1	False
7540	Pgp	False
7541	Mlst8	False
7542	9930021D14Rik	False
7543	Caskin1	False
7544	Traf7	False
7545	2610019E17Rik	False
7546	Rab26	False
7547	Pkd1	False
7548	Tsc2	False
7549	Nthl1	False
7550	Slc9a3r2	False
7551	Npw	False
7552	Zfp598	False
7553	Syngr3	False
7554	Gfer	False
7555	Noxo1	False
7556	Tbl3	False
7557	Rnf151	False
7558	Snhg9	False
7559	Snora78	False
7560	Rps2	False
7561	Snora64	False
7562	Ndufb10	False
7563	Rpl3l	False
7564	Sepx1	False
7565	Hs3st6	False
7566	4930528F23Rik	False
7567	Fahd1	False
7568	Hagh	False
7569	Igfals	False
7570	Nubp2	False
7571	Spsb3	False
7572	Eme2	False
7573	Mrps34	False
7574	Nme3	False
7575	Mapk8ip3	False
7576	Hn1l	False
7577	Cramp1l	False
7578	Ift140	False
7579	Tmem204	False
7580	Telo2	False
7581	Ptx4	False
7582	Clcn7	False
7583	Ccdc154	False
7584	BC003965	False
7585	Unkl	False
7586	Gnptg	False
7587	0610007P22Rik	False
7588	Baiap3	False
7589	Ube2i	False
7590	Gm17801	False
7591	Prss34	False
7592	Prss28	False
7593	Prss29	False
7594	Tpsab1	False
7595	Tpsb2	False
7596	Tpsg1	False
7597	Cacna1h	False
7598	Tekt4	False
7599	Sstr5	False
7600	Sox8	False
7601	2810468N07Rik	False
7602	Lmf1	False
7603	Gng13	False
7604	Chtf18	False
7605	Rpusd1	False
7606	Mslnl	False
7607	Msln	False
7608	Narfl	False
7609	Haghl	False
7610	Ccdc78	False
7611	Fam173a	False
7612	Metrn	False
7613	Fbxl16	False
7614	Wdr24	False
7615	Jmjd8	False
7616	Stub1	False
7617	Rhbdl1	False
7618	Rhot2	False
7619	Wdr90	False
7620	Fam195a	False
7621	0610011F06Rik	False
7622	Wfikkn1	False
7623	Rab40c	False
7624	Gm10012	False
7625	Pigq	False
7626	Nhlrc4	False
7627	Solh	False
7628	Rab11fip3	False
7629	Decr2	False
7630	Nme4	False
7631	Tmem8	False
7632	Mrpl28	False
7633	Axin1	False
7634	Pdia2	False
7635	Arhgdig	False
7636	Rgs11	False
7637	Itfg3	False
7638	Luc7l	False
7639	Neurl1b	False
7640	Dusp1	False
7641	Ergic1	False
7642	Atp6v0e	False
7643	A930001N09Rik	False
7644	Bnip1	False
7645	Nkx2-5	False
7646	Kifc5b	False
7647	Phf1	False
7648	Cuta	False
7649	Zbtb9	False
7650	Ggnbp1	False
7651	Bak1	False
7652	Itpr3	False
7653	2900010M23Rik	False
7654	Ip6k3	False
7655	Lemd2	False
7656	Grm4	False
7657	Hmga1	False
7658	AI413582	False
7659	Nudt3	False
7660	Rps10	False
7661	Pacsin1	False
7662	Spdef	False
7663	D17Wsu92e	False
7664	Snrpc	False
7665	Uhrf1bp1	False
7666	Taf11	False
7667	Anks1	False
7668	Tcp11	False
7669	Scube3	False
7670	Zfp523	False
7671	Def6	False
7672	Ppard	False
7673	1810013A23Rik	False
7674	Fance	False
7675	Rpl10a	False
7676	Tead3	False
7677	Tulp1	False
7678	Fkbp5	False
7679	4930511I11Rik	False
7680	Clps	False
7681	Lhfpl5	False
7682	Srpk1	False
7683	Mapk14	False
7684	Mapk13	False
7685	Brpf3	False
7686	Pnpla1	False
7687	4930539E08Rik	False
7688	1700030A11Rik	False
7689	Pxt1	False
7690	Kctd20	False
7691	Stk38	False
7692	Srsf3	False
7693	Gm16197	False
7694	Cdkn1a	False
7695	Rab44	False
7696	Cpne5	False
7697	Ppil1	False
7698	BC004004	False
7699	Pi16	False
7700	Mtch1	False
7701	Fgd2	False
7702	Pim1	False
7703	Tmem217	False
7704	Tbc1d22b	False
7705	0610038L08Rik	False
7706	Rnf8	False
7707	Ftsjd2	False
7708	1110021J02Rik	False
7709	Mdga1	False
7710	Zfand3	False
7711	Btbd9	False
7712	Gm6402	False
7713	Glo1	False
7714	1700097N02Rik	False
7715	Dnahc8	False
7716	Glp1r	False
7717	Umodl1	False
7718	Abcg1	False
7719	Tff3	False
7720	Tff2	False
7721	Tff1	False
7722	Tmprss3	False
7723	Ubash3a	False
7724	Rsph1	False
7725	Slc37a1	False
7726	Pde9a	False
7727	Wdr4	False
7728	Ndufv3	False
7729	Pknox1	False
7730	Cbs	False
7731	U2af1	False
7732	Cryaa	False
7733	Sik1	False
7734	Hsf2bp	False
7735	Rrp1b	False
7736	Pdxk-ps	False
7737	Notch3	False
7738	Ephx3	False
7739	Brd4	False
7740	Akap8	False
7741	Akap8l	False
7742	Wiz	False
7743	Rasal3	False
7744	A530088E08Rik	False
7745	Pglyrp2	False
7746	Cyp4f39	False
7747	Cyp4f17	False
7748	Cyp4f16	False
7749	Gm9705	False
7750	Cyp4f40	False
7751	Cyp4f15	False
7752	Zfp871	False
7753	Zfp811	False
7754	Zfp799	False
7755	Zfp870	False
7756	Cyp4f14	False
7757	Cyp4f13	False
7758	Cyp4f41-ps	False
7759	Zfp472	False
7760	Zfp952	False
7761	Zfp763	False
7762	4921501E09Rik	False
7763	Zfp563	False
7764	Morc2b	False
7765	Zfp955a	False
7766	Zfp955b	False
7767	Zfp81	False
7768	Zfp101	False
7769	Actl9	False
7770	Adamts10	False
7771	Myo1f	False
7772	Zfp414	False
7773	Pram1	False
7774	Hnrnpm	False
7775	March2	False
7776	Rab11b	False
7777	Angptl4	False
7778	Kank3	False
7779	Rps28	False
7780	Ndufa7	False
7781	Cd320	False
7782	Kifc1	False
7783	BC033916	False
7784	BC051226	False
7785	Daxx	False
7786	Zbtb22	False
7787	Tapbp	False
7788	Rgl2	False
7789	H2-Ke2	False
7790	Wdr46	False
7791	B3galt4	False
7792	Rps18	False
7793	Vps52	False
7794	H2-K2	False
7795	AA388235	False
7796	H2-K1	False
7797	Ring1	False
7798	Mir219-1	False
7799	H2-Ke6	False
7800	Slc39a7	False
7801	Rxrb	False
7802	Col11a2	False
7803	BC051537	False
7804	H2-Oa	False
7805	Brd2	False
7806	H2-DMa	False
7807	H2-DMb2	False
7808	H2-DMb1	False
7809	Psmb9	False
7810	Tap1	False
7811	Psmb8	False
7812	Tap2	False
7813	H2-Ob	False
7814	H2-Ab1	False
7815	H2-Aa	False
7816	H2-Eb1	False
7817	H2-Eb2	False
7818	H2-Ea-ps	False
7819	Btnl2	False
7820	Btnl1	False
7821	BC051142	False
7822	Btnl4	False
7823	Btnl5	False
7824	Btnl6	False
7825	Notch4	False
7826	Gpsm3	False
7827	Pbx2	False
7828	Ager	False
7829	Rnf5	False
7830	Agpat1	False
7831	Egfl8	False
7832	Ppt2	False
7833	Prrt1	False
7834	Fkbpl	False
7835	Atf6b	False
7836	Tnxb	False
7837	C4b	False
7838	Cyp21a1	False
7839	C4a	False
7840	Stk19	False
7841	Dom3z	False
7842	Skiv2l	False
7843	Rdbp	False
7844	Cfb	False
7845	C2	False
7846	Zbtb12	False
7847	Ehmt2	False
7848	Slc44a4	False
7849	Neu1	False
7850	1110038B12Rik	False
7851	Hspa1b	False
7852	Hspa1a	False
7853	Hspa1l	False
7854	Lsm2	False
7855	Vars	False
7856	D17H6S56E-3	False
7857	Ng23	False
7858	Msh5	False
7859	Clic1	False
7860	Ddah2	False
7861	AU023871	False
7862	G6b	False
7863	Ly6g6c	False
7864	Ly6g6d	False
7865	Ly6g6e	False
7866	Ly6g6f	False
7867	Abhd16a	False
7868	Ly6g5c	False
7869	Ly6g5b	False
7870	Csnk2b	False
7871	Gpank1	False
7872	D17H6S53E	False
7873	Apom	False
7874	Bag6	False
7875	Prrc2a	False
7876	Aif1	False
7877	Lst1	False
7878	Ltb	False
7879	Tnf	False
7880	Lta	False
7881	Nfkbil1	False
7882	Atp6v1g2	False
7883	Ddx39b	False
7884	H2-D1	False
7885	H2-Q1	False
7886	H2-Q2	False
7887	H2-Q4	False
7888	H2-Q8	False
7889	H2-Q6	False
7890	H2-Q7	False
7891	H2-Q10	False
7892	Pou5f1	False
7893	Tcf19	False
7894	Cchcr1	False
7895	Psors1c2	False
7896	Cdsn	False
7897	2300002M23Rik	False
7898	Gm9573	False
7899	Dpcr1	False
7900	Sfta2	False
7901	Vars2	False
7902	Gtf2h4	False
7903	Ddr1	False
7904	4833427F10Rik	False
7905	Ier3	False
7906	Flot1	False
7907	Tubb5	False
7908	Mdc1	False
7909	Nrm	False
7910	Ppp1r18	False
7911	Dhx16	False
7912	2310061I04Rik	False
7913	Atat1	False
7914	Mrps18b	False
7915	Ppp1r10	False
7916	Gm8801	False
7917	Abcf1	False
7918	Prr3	False
7919	Gnl1	False
7920	A930015D03Rik	False
7921	H2-T24	False
7922	H2-T23	False
7923	H2-T9	False
7924	H2-T22	False
7925	Gm6034	False
7926	Gm11127	False
7927	H2-Bl	False
7928	H2-T10	False
7929	Gm7030	False
7930	2410017I17Rik	False
7931	Gm8909	False
7932	Gm6623	False
7933	H2-T3	False
7934	Rpp21	False
7935	Trim39	False
7936	H2-M10.1	False
7937	H2-M11	False
7938	H2-M9	False
7939	H2-M10.5	False
7940	Trim26	False
7941	Trim15	False
7942	Trim10	False
7943	Trim40	False
7944	Trim31	False
7945	1700031A10Rik	False
7946	Rnf39	False
7947	Ppp1r11	False
7948	Znrd1	False
7949	Znrd1as	False
7950	2410137M14Rik	False
7951	H2-M5	False
7952	Zfp57	False
7953	Mog	False
7954	Gabbr1	False
7955	Ubd	False
7956	Olfr94	False
7957	Olfr98	False
7958	H2-M3	False
7959	Olfr99	False
7960	H2-M2	False
7961	Olfr111	False
7962	Olfr115	False
7963	Gm20579	False
7964	Gm4345	False
7965	Gm9041	False
7966	Rn45s	False
7967	Pgk2	False
7968	Crisp3	False
7969	Crisp1	False
7970	Gm17495	False
7971	Crisp2	False
7972	Rhag	False
7973	9130008F23Rik	False
7974	Cenpq	False
7975	Mut	False
7976	3110082D06Rik	False
7977	Opn5	False
7978	Gpr115	False
7979	Gpr111	False
7980	Cd2ap	False
7981	Tnfrsf21	False
7982	E130008D07Rik	False
7983	Gpr110	False
7984	Gpr116	False
7985	Mep1a	False
7986	D730048J04Rik	False
7987	Pla2g7	False
7988	1700071M16Rik	False
7989	Tdrd6	False
7990	Slc25a27	False
7991	Cyp39a1	False
7992	Rcan2	False
7993	Enpp5	False
7994	Enpp4	False
7995	Clic5	False
7996	Runx2	False
7997	Supt3h	False
7998	Cdc5l	False
7999	Spats1	False
8000	Aars2	False
8001	Tcte1	False
8002	Tmem151b	False
8003	Nfkbie	False
8004	Slc35b2	False
8005	Hsp90ab1	False
8006	Slc29a1	False
8007	Gm7325	False
8008	Capn11	False
8009	Tmem63b	False
8010	Mrpl14	False
8011	1600014C23Rik	False
8012	Vegfa	False
8013	Mrps18a	False
8014	Rsph9	False
8015	Mad2l1bp	False
8016	Gtpbp2	False
8017	Polh	False
8018	Xpo5	False
8019	Polr1c	False
8020	Yipf3	False
8021	Gm88	False
8022	Tjap1	False
8023	Dlk2	False
8024	Abcc10	False
8025	Zfp318	False
8026	Crip3	False
8027	Slc22a7	False
8028	Ttbk1	False
8029	BC048355	False
8030	Cul9	False
8031	Srf	False
8032	Ptk7	False
8033	Klc4	False
8034	Mrpl2	False
8035	Cul7	False
8036	Rrp36	False
8037	Klhdc3	False
8038	Mea1	False
8039	Ppp2r5d	False
8040	Pex6	False
8041	Gnmt	False
8042	Cnpy3	False
8043	Ptcra	False
8044	2310039H08Rik	False
8045	Rpl7l1	False
8046	BC032203	False
8047	Tbcc	False
8048	Prph2	False
8049	Ubr2	False
8050	Trerf1	False
8051	Mrps10	False
8052	Guca1b	False
8053	Guca1a	False
8054	1700001C19Rik	False
8055	AI661453	False
8056	Taf8	False
8057	Ccnd3	False
8058	Bysl	False
8059	Med20	False
8060	Usp49	False
8061	Tomm6	False
8062	Gm14872	False
8063	Frs3	False
8064	Gm14873	False
8065	Pgc	False
8066	Tfeb	False
8067	Mdfi	False
8068	Foxp4	False
8069	9830107B12Rik	False
8070	A530064D06Rik	False
8071	Trem1	False
8072	Trem3	False
8073	Treml4	False
8074	Treml2	False
8075	B430306N03Rik	False
8076	Trem2	False
8077	Treml1	False
8078	Nfya	False
8079	AI314976	False
8080	Apobec2	False
8081	Tspo2	False
8082	Unc5cl	False
8083	Lrfn2	False
8084	Gm17830	False
8085	Mocs1	False
8086	Daam2	False
8087	Kif6	False
8088	Rftn1	False
8089	Dazl	False
8090	Plcl2	False
8091	Tbc1d5	False
8092	C330011F03	False
8093	Satb1	False
8094	Gm20098	False
8095	Kcnh8	False
8096	Efhb	False
8097	Rab5a	False
8098	4921523A10Rik	False
8099	Kat2b	False
8100	Sgol1	False
8101	Sult1c2	False
8102	Sult1c1	False
8103	Slc5a7	False
8104	St6gal2	False
8105	Pot1b	False
8106	Emr4	False
8107	Zfp119a	False
8108	Zfp959	False
8109	Zfp119b	False
8110	Ebi3	False
8111	Ccdc94	False
8112	Shd	False
8113	Fsd1	False
8114	Stap2	False
8115	Mpnd	False
8116	Sh3gl1	False
8117	Chaf1a	False
8118	Ubxn6	False
8119	Hdgfrp2	False
8120	Plin4	False
8121	Plin5	False
8122	Lrg1	False
8123	Sema6b	False
8124	Tnfaip8l1	False
8125	D17Wsu104e	False
8126	Dpp9	False
8127	Fem1a	False
8128	Ticam1	False
8129	Plin3	False
8130	Uhrf1	False
8131	Kdm4b	False
8132	Ptprs	False
8133	Znrf4	False
8134	Safb2	False
8135	Safb	False
8136	2410015M20Rik	False
8137	Rpl36	False
8138	Lonp1	False
8139	Tmem146	False
8140	Ranbp3	False
8141	Vmac	False
8142	Ndufa11	False
8143	Fut4-ps1	False
8144	Nrtn	False
8145	Dus3l	False
8146	Prr22	False
8147	Rfx2	False
8148	Acsbg2	False
8149	1700061G19Rik	False
8150	Mllt1	False
8151	Acer1	False
8152	Clpp	False
8153	Alkbh7	False
8154	Pspn	False
8155	Gtf2f1	False
8156	Khsrp	False
8157	Slc25a41	False
8158	Slc25a23	False
8159	Crb3	False
8160	Dennd1c	False
8161	Tubb4a	False
8162	Gm11110	False
8163	Tnfsf9	False
8164	Cd70	False
8165	Tnfsf14	False
8166	C3	False
8167	Gpr108	False
8168	Trip10	False
8169	Vav1	False
8170	Emr1	False
8171	Cntnap5c	False
8172	2610034M16Rik	False
8173	Nudt12	False
8174	Efna5	False
8175	Fbxl17	False
8176	Fert2	False
8177	Pja2	False
8178	AU016765	False
8179	Man2a1	False
8180	Tmem232	False
8181	Vapa	False
8182	Txndc2	False
8183	Rab31	False
8184	Ppp4r1	False
8185	Ralbp1	False
8186	Twsg1	False
8187	Ankrd12	False
8188	Ndufv2	False
8189	Wash	False
8190	Ddx11	False
8191	1110012J17Rik	False
8192	Rab12	False
8193	9130404H23Rik	False
8194	Ptprm	False
8195	Lrrc30	False
8196	Lama1	False
8197	Arhgap28	False
8198	L3mbtl4	False
8199	Tmem200c	False
8200	Epb4.1l3	False
8201	2410021H03Rik	False
8202	Zfp161	False
8203	C030034I22Rik	False
8204	A330050F15Rik	False
8205	Dlgap1	False
8206	Tgif1	False
8207	Gm9320	False
8208	Myl12b	False
8209	Myl12a	False
8210	Myom1	False
8211	Lpin2	False
8212	Emilin2	False
8213	Gm4566	False
8214	Smchd1	False
8215	Ndc80	False
8216	Spdya	False
8217	Trmt61b	False
8218	Wdr43	False
8219	Snord92	False
8220	Fam179a	False
8221	BC027072	False
8222	Clip4	False
8223	Alk	False
8224	Ypel5	False
8225	Lbh	False
8226	Lclat1	False
8227	Capn13	False
8228	Galnt14	False
8229	Ehd3	False
8230	Xdh	False
8231	Srd5a2	False
8232	Memo1	False
8233	Dpy30	False
8234	Spast	False
8235	Slc30a6	False
8236	Nlrc4	False
8237	Yipf4	False
8238	Birc6	False
8239	Ttc27	False
8240	Ltbp1	False
8241	Rasgrp3	False
8242	Fam98a	False
8243	Crim1	False
8244	Fez2	False
8245	Vit	False
8246	Strn	False
8247	Heatr5b	False
8248	Ccdc75	False
8249	Gm6548	False
8250	Eif2ak2	False
8251	Sult6b1	False
8252	1110001A16Rik	False
8253	Cebpz	False
8254	2410091C18Rik	False
8255	Prkd3	False
8256	Qpct	False
8257	Cdc42ep3	False
8258	Gm10494	False
8259	Fam82a1	False
8260	Cyp1b1	False
8261	Atl2	False
8262	Hnrpll	False
8263	Galm	False
8264	Srsf7	False
8265	Ttc39d	False
8266	Gemin6	False
8267	Dhx57	False
8268	Morn2	False
8269	Arhgef33	False
8270	Gm10190	False
8271	Sos1	False
8272	Cdkl4	False
8273	Map4k3	False
8274	Tmem178	False
8275	Thumpd2	False
8276	Slc8a1	False
8277	Gm19689	False
8278	Pkdcc	False
8279	Eml4	False
8280	Cox7a2l	False
8281	Kcng3	False
8282	Mta3	False
8283	Haao	False
8284	4933433H22Rik	False
8285	Zfp36l2	False
8286	Thada	False
8287	Plekhh2	False
8288	Dync2li1	False
8289	Abcg5	False
8290	Abcg8	False
8291	Lrpprc	False
8292	1110020A21Rik	False
8293	Ppm1b	False
8294	Slc3a1	False
8295	Prepl	False
8296	1700106N22Rik	False
8297	Six3os1	False
8298	Six3	False
8299	Six2	False
8300	Srbd1	False
8301	Prkce	False
8302	2010106C02Rik	False
8303	Epas1	False
8304	1700090G07Rik	False
8305	Atp6v1e2	False
8306	Rhoq	False
8307	Pigf	False
8308	Cript	False
8309	Socs5	False
8310	C330024C12Rik	False
8311	Mcfd2	False
8312	4833418N02Rik	False
8313	Ttc7	False
8314	1700011E24Rik	False
8315	Calm2	False
8316	Epcam	False
8317	Msh2	False
8318	Kcnk12	False
8319	Msh6	False
8320	Fbxo11	False
8321	Gm4832	False
8322	Foxn2	False
8323	Klraq1	False
8324	Ston1	False
8325	Gtf2a1l	False
8326	Lhcgr	False
8327	Fshr	False
8328	Nrxn1	False
8329	4930480K15Rik	False
8330	Adcyap1	False
8331	Mettl4	False
8332	2700099C18Rik	False
8333	Gm1976	False
8334	LOC100044193	False
8335	Crem	False
8336	Gm6225	False
8337	Cul2	False
8338	Bambi	False
8339	Lyzl1	False
8340	Map3k8	False
8341	4833419F23Rik	False
8342	Mtpap	False
8343	9430020K01Rik	False
8344	Gm10556	False
8345	Svil	False
8346	Zfp438	False
8347	Gm10125	False
8348	Zeb1	False
8349	Arhgap12	False
8350	Kif5b	False
8351	Epc1	False
8352	Rab18	False
8353	Mkx	False
8354	Armc4	False
8355	Mpp7	False
8356	Wac	False
8357	Fzd8	False
8358	Gjd4	False
8359	Ccny	False
8360	Cetn1	False
8361	Colec12	False
8362	Thoc1	False
8363	Usp14	False
8364	Rock1	False
8365	Greb1l	False
8366	Esco1	False
8367	Snrpd1	False
8368	Abhd3	False
8369	4930563E18Rik	False
8370	Mib1	False
8371	Gata6	False
8372	Rbbp8	False
8373	Gm6277	False
8374	Cables1	False
8375	6030446N20Rik	False
8376	Riok3	False
8377	3110002H16Rik	False
8378	Npc1	False
8379	Ankrd29	False
8380	Lama3	False
8381	Ttc39c	False
8382	Cabyr	False
8383	Osbpl1a	False
8384	Impact	False
8385	Hrh4	False
8386	Zfp521	False
8387	8430422H06Rik	False
8388	Ss18	False
8389	Psma8	False
8390	Taf4b	False
8391	Kctd1	False
8392	4933424G05Rik	False
8393	Aqp4	False
8394	Chst9	False
8395	Cdh2	False
8396	D830029L11	False
8397	4921533I20Rik	False
8398	Dsc3	False
8399	Dsc2	False
8400	Dsc1	False
8401	Dsg1c	False
8402	Dsg1a	False
8403	Dsg1b	False
8404	Dsg4	False
8405	Dsg3	False
8406	Dsg2	False
8407	Ttr	False
8408	B4galt6	False
8409	Trappc8	False
8410	Rnf125	False
8411	Rnf138	False
8412	Mep1b	False
8413	Fam59a	False
8414	Klhl14	False
8415	4921528I01Rik	False
8416	Asxl3	False
8417	Nol4	False
8418	Dtna	False
8419	Mapre2	False
8420	Zfp397	False
8421	Zfp35	False
8422	Zfp191	False
8423	Ino80c	False
8424	Galnt1	False
8425	2700062C07Rik	False
8426	Rprd1a	False
8427	Slc39a6	False
8428	Elp2	False
8429	Mocos	False
8430	Fhod3	False
8431	5730494M16Rik	False
8432	AW554918	False
8433	Celf4	False
8434	4930474G06Rik	False
8435	4930578E11Rik	False
8436	Pik3c3	False
8437	Rit2	False
8438	Syt4	False
8439	Slc25a46	False
8440	Sap130	False
8441	Ammecr1l	False
8442	Polr2d	False
8443	Wdr33	False
8444	Sft2d3	False
8445	Lims2	False
8446	Gpr17	False
8447	Myo7b	False
8448	Iws1	False
8449	Proc	False
8450	Map3k2	False
8451	Ercc3	False
8452	A830052D11Rik	False
8453	Bin1	False
8454	Gypc	False
8455	4930455D15Rik	False
8456	Tslp	False
8457	Wdr36	False
8458	Camk4	False
8459	Stard4	False
8460	D0H4S114	False
8461	Gm10549	False
8462	2410004N09Rik	False
8463	Epb4.1l4a	False
8464	Gm10548	False
8465	Apc	False
8466	Srp19	False
8467	Reep5	False
8468	Pkd2l2	False
8469	Fam13b	False
8470	Wnt8a	False
8471	Nme5	False
8472	4933408B17Rik	False
8473	Brd8	False
8474	Kif20a	False
8475	Cdc23	False
8476	Gfra3	False
8477	Cdc25c	False
8478	Fam53c	False
8479	Kdm3b	False
8480	Reep2	False
8481	Egr1	False
8482	Etf1	False
8483	Hspa9	False
8484	Ctnna1	False
8485	Lrrtm2	False
8486	Sil1	False
8487	Snhg4	False
8488	Snora74a	False
8489	Matr3	False
8490	Paip2	False
8491	Slc23a1	False
8492	2010001M09Rik	False
8493	Spata24	False
8494	Dnajc18	False
8495	Ecscr	False
8496	1700066B19Rik	False
8497	Tmem173	False
8498	Ube2d2	False
8499	Cxxc5	False
8500	Psd2	False
8501	Nrg2	False
8502	4930471G03Rik	False
8503	Pura	False
8504	0610010O12Rik	False
8505	Pfdn1	False
8506	Hbegf	False
8507	Slc4a9	False
8508	Ankhd1	False
8509	Eif4ebp3	False
8510	Sra1	False
8511	Apbb3	False
8512	Slc35a4	False
8513	E230025N22Rik	False
8514	Cd14	False
8515	Tmco6	False
8516	Ndufa2	False
8517	Ik	False
8518	Wdr55	False
8519	Dnd1	False
8520	Hars	False
8521	Hars2	False
8522	Zmat2	False
8523	Vaultrc5	False
8524	Pcdha1	False
8525	Pcdha2	False
8526	Pcdha3	False
8527	Pcdha4	False
8528	Pcdha5	False
8529	Pcdha6	False
8530	Pcdha7	False
8531	Pcdha8	False
8532	Pcdha9	False
8533	Pcdha10	False
8534	Pcdha11	False
8535	Pcdha12	False
8536	Pcdhac1	False
8537	Pcdhac2	False
8538	Pcdhb1	False
8539	Pcdhb2	False
8540	Pcdhb3	False
8541	Pcdhb4	False
8542	Pcdhb5	False
8543	Pcdhb6	False
8544	Pcdhb7	False
8545	Pcdhb8	False
8546	Pcdhb9	False
8547	Pcdhb10	False
8548	Pcdhb11	False
8549	Pcdhb12	False
8550	Pcdhb13	False
8551	Pcdhb14	False
8552	Pcdhb15	False
8553	Pcdhb16	False
8554	Pcdhb17	False
8555	Pcdhb18	False
8556	Pcdhb19	False
8557	Pcdhb20	False
8558	Pcdhb21	False
8559	Pcdhb22	False
8560	Slc25a2	False
8561	Taf7	False
8562	Pcdhga1	False
8563	Pcdhga2	False
8564	Pcdhga3	False
8565	Pcdhgb1	False
8566	Pcdhga4	False
8567	Pcdhgb2	False
8568	Pcdhga5	False
8569	Pcdhga6	False
8570	Pcdhga7	False
8571	Pcdhgb4	False
8572	Pcdhga8	False
8573	Pcdhgb5	False
8574	Pcdhga9	False
8575	Pcdhgb6	False
8576	Pcdhga10	False
8577	Pcdhgb7	False
8578	Pcdhga11	False
8579	Pcdhgb8	False
8580	Pcdhga12	False
8581	Pcdhgc3	False
8582	Pcdhgc4	False
8583	Pcdhgc5	False
8584	Diap1	False
8585	Hdac3	False
8586	Rell2	False
8587	Fchsd1	False
8588	Arap3	False
8589	Pcdh1	False
8590	1700086O06Rik	False
8591	0610009O20Rik	False
8592	Pcdh12	False
8593	Rnf14	False
8594	Gnpda1	False
8595	Ndfip1	False
8596	Spry4	False
8597	Fgf1	False
8598	Gm5820	False
8599	Arhgap26	False
8600	Nr3c1	False
8601	Pabpc2	False
8602	Yipf5	False
8603	2900055J20Rik	False
8604	Kctd16	False
8605	Prelid2	False
8606	Sh3rf2	False
8607	Plac8l1	False
8608	Lars	False
8609	Gm4013	False
8610	Rbm27	False
8611	Tcerg1	False
8612	Gpr151	False
8613	Ppp2r2b	False
8614	Stk32a	False
8615	Dpysl3	False
8616	Jakmip2	False
8617	Spink3	False
8618	Scgb3a2	False
8619	Gm94	False
8620	Spink5	False
8621	Spink14	False
8622	Spink6	False
8623	Spink12	False
8624	Spinkl	False
8625	Spink11	False
8626	Npy6r	False
8627	Myot	False
8628	Dcp2	False
8629	Mcc	False
8630	A930012L18Rik	False
8631	Ythdc2	False
8632	Kcnn2	False
8633	A330093E20Rik	False
8634	Trim36	False
8635	Pggt1b	False
8636	Ccdc112	False
8637	Mospd4	False
8638	Fem1c	False
8639	Ticam2	False
8640	Tmed7	False
8641	Eif1a	False
8642	Cdo1	False
8643	Atg12	False
8644	Ap3s1	False
8645	4833403I15Rik	False
8646	Gm949	False
8647	Commd10	False
8648	Sema6a	False
8649	9130209A04Rik	False
8650	Gm5095	False
8651	G630055G22Rik	False
8652	Gm5506	False
8653	Dtwd2	False
8654	1700065O20Rik	False
8655	Dmxl1	False
8656	Tnfaip8	False
8657	Hsd17b4	False
8658	Fam170a	False
8659	Prr16	False
8660	Srfbp1	False
8661	Lox	False
8662	Zfp474	False
8663	1700034E13Rik	False
8664	Gykl1	False
8665	Sncaip	False
8666	Snx2	False
8667	Snx24	False
8668	Ppic	False
8669	Prdm6	False
8670	Gm19466	False
8671	Cep120	False
8672	Csnk1g3	False
8673	9430076G02Rik	False
8674	9330117O12	False
8675	Zfp608	False
8676	Gramd3	False
8677	Aldh7a1	False
8678	Phax	False
8679	1700065I17Rik	False
8680	Lmnb1	False
8681	March3	False
8682	Gm10536	False
8683	C330018D20Rik	False
8684	Megf10	False
8685	Prrc1	False
8686	Ctxn3	False
8687	1700066O22Rik	False
8688	1700011I03Rik	False
8689	4930511M06Rik	False
8690	2210409D07Rik	False
8691	Slc12a2	False
8692	Fbn2	False
8693	Slc27a6	False
8694	Isoc1	False
8695	Adamts19	False
8696	A730017C20Rik	False
8697	Chsy3	False
8698	Gm4951	False
8699	Gm4841	False
8700	F830016B08Rik	False
8701	Iigp1	False
8702	2010002N04Rik	False
8703	Dctn4	False
8704	Rbm22	False
8705	Myoz3	False
8706	Synpo	False
8707	G630071F17	False
8708	Ndst1	False
8709	Rps14	False
8710	Cd74	False
8711	Mir5107	False
8712	Tcof1	False
8713	Arsi	False
8714	Camk2a	False
8715	Slc6a7	False
8716	Cdx1	False
8717	Pdgfrb	False
8718	Csf1r	False
8719	Hmgxb3	False
8720	Slc26a2	False
8721	Pde6a	False
8722	Ppargc1b	False
8723	A530050N04Rik	False
8724	Arhgef37	False
8725	Csnk1a1	False
8726	LOC545261	False
8727	E330013P06	False
8728	Il17b	False
8729	Pcyox1l	False
8730	Grpel2	False
8731	1500015A07Rik	False
8732	Afap1l1	False
8733	Ablim3	False
8734	Sh3tc2	False
8735	Adrb2	False
8736	Htr4	False
8737	Fbxo38	False
8738	Spink10	False
8739	Spink7	False
8740	Spink13	False
8741	2700046A07Rik	False
8742	Apcdd1	False
8743	Napg	False
8744	Fam38b	False
8745	Txnl1	False
8746	Wdr7	False
8747	St8sia3	False
8748	Onecut2	False
8749	Fech	False
8750	Nars	False
8751	Atp8b1	False
8752	Nedd4l	False
8753	Mir122a	False
8754	Alpk2	False
8755	Malt1	False
8756	Zfp532	False
8757	5330437I02Rik	False
8758	Sec11c	False
8759	Grp	False
8760	Rax	False
8761	Cplx4	False
8762	Lman1	False
8763	Ccbe1	False
8764	Pmaip1	False
8765	Gm9926	False
8766	Mc4r	False
8767	Gnal	False
8768	Chmp1b	False
8769	Mppe1	False
8770	Impa2	False
8771	B430212C06Rik	False
8772	Cidea	False
8773	Tubb6	False
8774	Afg3l2	False
8775	Slmo1	False
8776	Spire1	False
8777	Cep76	False
8778	Psmg2	False
8779	Ptpn2	False
8780	Seh1l	False
8781	4930549G23Rik	False
8782	Cep192	False
8783	D18Ertd653e	False
8784	4933403F05Rik	False
8785	Rnmt	False
8786	Mc5r	False
8787	Mc2r	False
8788	4930546C10Rik	False
8789	Tcf4	False
8790	Ccdc68	False
8791	Rab27b	False
8792	2310002L13Rik	False
8793	4930503L19Rik	False
8794	Stard6	False
8795	Poli	False
8796	Mbd2	False
8797	Dcc	False
8798	Mex3c	False
8799	Smad4	False
8800	Elac1	False
8801	Me2	False
8802	Mro	False
8803	Mapk4	False
8804	D730045A05Rik	False
8805	Ska1	False
8806	Cxxc1	False
8807	Mbd1	False
8808	Ccdc11	False
8809	Myo5b	False
8810	1700120E14Rik	False
8811	Acaa2	False
8812	Lipg	False
8813	Rpl17	False
8814	BC031181	False
8815	Dym	False
8816	2010010A06Rik	False
8817	Smad7	False
8818	Ctif	False
8819	Gm10532	False
8820	Zbtb7c	False
8821	2900057B20Rik	False
8822	Smad2	False
8823	Ier3ip1	False
8824	Hdhd2	False
8825	Katnal2	False
8826	Pias2	False
8827	St8sia5	False
8828	Loxhd1	False
8829	Rnf165	False
8830	8030462N17Rik	False
8831	4930465K10Rik	False
8832	Haus1	False
8833	Atp5a1	False
8834	Pstpip2	False
8835	5430411K18Rik	False
8836	Siglec15	False
8837	Slc14a1	False
8838	Slc14a2	False
8839	Setbp1	False
8840	Pard6g	False
8841	Adnp2	False
8842	Rbfa	False
8843	Txnl4a	False
8844	Hsbp1l1	False
8845	Pqlc1	False
8846	Kcng2	False
8847	Ctdp1	False
8848	Gm2176	False
8849	Nfatc1	False
8850	Atp9b	False
8851	Sall3	False
8852	Galr1	False
8853	Mbp	False
8854	Zfp236	False
8855	2210420H20Rik	False
8856	Zfp516	False
8857	4930592I03Rik	False
8858	Tshz1	False
8859	Zadh2	False
8860	Zfp407	False
8861	Cndp1	False
8862	Cndp2	False
8863	Fam69c	False
8864	Cyb5	False
8865	Fbxo15	False
8866	1700034H14Rik	False
8867	Neto1	False
8868	Cbln2	False
8869	Socs6	False
8870	Rttn	False
8871	Cd226	False
8872	Dok6	False
8873	Tmx3	False
8874	1700030N03Rik	False
8875	Ighmbp2	False
8876	Mrpl21	False
8877	Cpt1a	False
8878	Mtl5	False
8879	Gal	False
8880	Ppp6r3	False
8881	Lrp5	False
8882	1810055G02Rik	False
8883	Suv420h1	False
8884	Chka	False
8885	Tcirg1	False
8886	Ndufs8	False
8887	Aldh3b1	False
8888	Unc93b1	False
8889	1700055N04Rik	False
8890	Aldh3b2	False
8891	Acy3	False
8892	Tbx10	False
8893	Nudt8	False
8894	Doc2g	False
8895	Ndufv1	False
8896	Gstp1	False
8897	Gstp2	False
8898	BC021614	False
8899	Cabp2	False
8900	Cdk2ap2	False
8901	Pitpnm1	False
8902	Aip	False
8903	Tmem134	False
8904	Cabp4	False
8905	Gpr152	False
8906	Coro1b	False
8907	Ptprcap	False
8908	Rps6kb2	False
8909	Carns1	False
8910	Tbc1d10c	False
8911	Ppp1ca	False
8912	Rad9	False
8913	Clcf1	False
8914	Pold4	False
8915	Ssh3	False
8916	Ankrd13d	False
8917	Adrbk1	False
8918	Kdm2a	False
8919	Rhod	False
8920	A930001C03Rik	False
8921	Syt12	False
8922	2010003K11Rik	False
8923	Pcx	False
8924	Lrfn4	False
8925	Rce1	False
8926	Gm960	False
8927	Spnb3	False
8928	Rbm4b	False
8929	Rbm4	False
8930	Rbm14	False
8931	Ccs	False
8932	Ccdc87	False
8933	Ctsf	False
8934	Actn3	False
8935	Zdhhc24	False
8936	Bbs1	False
8937	Dpp3	False
8938	Peli3	False
8939	Mrpl11	False
8940	Npas4	False
8941	Slc29a2	False
8942	B3gnt1	False
8943	Brms1	False
8944	Rin1	False
8945	Cd248	False
8946	Tmem151a	False
8947	Yif1a	False
8948	Cnih2	False
8949	Rab1b	False
8950	Klc2	False
8951	Pacs1	False
8952	Sf3b2	False
8953	Gal3st3	False
8954	Catsper1	False
8955	Cst6	False
8956	Banf1	False
8957	Eif1ad	False
8958	Sart1	False
8959	D330050I16Rik	False
8960	4930481A15Rik	False
8961	Drap1	False
8962	AI837181	False
8963	Fosl1	False
8964	Ccdc85b	False
8965	Fibp	False
8966	Ctsw	False
8967	Efemp2	False
8968	Mus81	False
8969	Cfl1	False
8970	Snx32	False
8971	1700020D05Rik	False
8972	Ovol1	False
8973	Gm962	False
8974	Rnaseh2c	False
8975	Kat5	False
8976	Rela	False
8977	Sipa1	False
8978	Pcnxl3	False
8979	Map3k11	False
8980	Kcnk7	False
8981	Ehbp1l1	False
8982	Fam89b	False
8983	Sssca1	False
8984	Ltbp3	False
8985	Scyl1	False
8986	Malat1	False
8987	Neat1	False
8988	Frmd8	False
8989	Slc25a45	False
8990	Tigd3	False
8991	Dpf2	False
8992	Cdc42ep2	False
8993	Pola2	False
8994	Slc22a20	False
8995	Capn1	False
8996	Gm10814	False
8997	Syvn1	False
8998	Mrpl49	False
8999	Fau	False
9000	Znhit2-ps	False
9001	Tm7sf2	False
9002	1110014N23Rik	False
9003	BC048609	False
9004	Zfpl1	False
9005	Cdca5	False
9006	Naaladl1	False
9007	Sac3d1	False
9008	Snx15	False
9009	Arl2	False
9010	Batf2	False
9011	1700123I01Rik	False
9012	Gpha2	False
9013	Ppp2r5b	False
9014	Atg2a	False
9015	Ehd1	False
9016	Cdc42bpg	False
9017	Men1	False
9018	Map4k2	False
9019	Sf1	False
9020	Pygm	False
9021	Rasgrp2	False
9022	Nrxn2	False
9023	Slc22a12	False
9024	Rps6ka4	False
9025	Ccdc88b	False
9026	Prdx5	False
9027	Trmt112	False
9028	Esrra	False
9029	1700019N12Rik	False
9030	Kcnk4	False
9031	Gpr137	False
9032	Bad	False
9033	Plcb3	False
9034	Ppp1r14b	False
9035	Fkbp2	False
9036	Vegfb	False
9037	Dnajc4	False
9038	Nudt22	False
9039	Trpt1	False
9040	Fermt3	False
9041	Stip1	False
9042	Macrod1	False
9043	Flrt1	False
9044	Otub1	False
9045	Cox8a	False
9046	Naa40	False
9047	Rcor2	False
9048	Mark2	False
9049	AI846148	False
9050	1700105P06Rik	False
9051	2700081O15Rik	False
9052	Rtn3	False
9053	Atl3	False
9054	Pla2g16	False
9055	Lgals12	False
9056	Hrasls5	False
9057	Slc22a19	False
9058	Slc22a26	False
9059	Slc22a27	False
9060	Slc22a28	False
9061	Slc22a29	False
9062	Slc22a30	False
9063	Slc22a8	False
9064	Slc22a6	False
9065	9830166K06Rik	False
9066	Chrm1	False
9067	Slc3a2	False
9068	Snhg1	False
9069	Snord22	False
9070	Wdr74	False
9071	1700092M07Rik	False
9072	Stx5a	False
9073	Nxf1	False
9074	Tmem223	False
9075	Tmem179b	False
9076	Taf6l	False
9077	Gm2518	False
9078	Polr2g	False
9079	Zbtb3	False
9080	Ttc9c	False
9081	Hnrnpul2	False
9082	Gng3	False
9083	Bscl2	False
9084	Lrrn4cl	False
9085	Ubxn1	False
9086	AI462493	False
9087	5730408K05Rik	False
9088	Mir5136	False
9089	1810009A15Rik	False
9090	Ints5	False
9091	Ganab	False
9092	B3gat3	False
9093	Rom1	False
9094	Eml3	False
9095	Mta2	False
9096	Tut1	False
9097	Eef1g	False
9098	Ahnak	False
9099	Scgb1a1	False
9100	Asrgl1	False
9101	Incenp	False
9102	Fth1	False
9103	Best1	False
9104	Rab3il1	False
9105	Fads3	False
9106	Fads2	False
9107	Fads1	False
9108	Fen1	False
9109	1810006K21Rik	False
9110	Gm98	False
9111	Dagla	False
9112	Syt7	False
9113	Lrrc10b	False
9114	Ppp1r32	False
9115	Sdhaf2	False
9116	Cpsf7	False
9117	Tmem216	False
9118	Tmem138	False
9119	Cybasc3	False
9120	Dak	False
9121	Ddb1	False
9122	Vwce	False
9123	4930524O05Rik	False
9124	Pga5	False
9125	Vps37c	False
9126	Cd5	False
9127	A430093F15Rik	False
9128	Cd6	False
9129	Slc15a3	False
9130	Tmem132a	False
9131	Tmem109	False
9132	Prpf19	False
9133	Zp1	False
9134	Gpr44	False
9135	Ccdc86	False
9136	Ms4a10	False
9137	Ms4a15	False
9138	Ms4a18	False
9139	AW112010	False
9140	Ms4a8a	False
9141	1700017D01Rik	False
9142	4930526L06Rik	False
9143	Ms4a1	False
9144	Ms4a5	False
9145	Ms4a7	False
9146	Ms4a4c	False
9147	Ms4a4b	False
9148	Ms4a6c	False
9149	Gm8369	False
9150	Ms4a6b	False
9151	Ms4a4d	False
9152	Ms4a6d	False
9153	Ms4a2	False
9154	Ms4a3	False
9155	Plac1l	False
9156	Oosp1	False
9157	Gif	False
9158	Mrpl16	False
9159	Stx3	False
9160	Patl1	False
9161	Osbp	False
9162	Pfpl	False
9163	Mpeg1	False
9164	Dtx4	False
9165	Fam111a	False
9166	A330040F15Rik	False
9167	Gm4952	False
9168	Glyat	False
9169	Olfr1443	False
9170	Keg1	False
9171	Cntf	False
9172	U05342	False
9173	Zfp91	False
9174	Lpxn	False
9175	Olfr1444	False
9176	Tle4	False
9177	Psat1	False
9178	Cep78	False
9179	C130060C02Rik	False
9180	Gnaq	False
9181	E030024N20Rik	False
9182	Gna14	False
9183	Vps13a	False
9184	Prune2	False
9185	Gcnt1	False
9186	Rfk	False
9187	Pcsk5	False
9188	Ostf1	False
9189	BC016495	False
9190	2410127L17Rik	False
9191	D030056L22Rik	False
9192	Trpm6	False
9193	Rorb	False
9194	Anxa1	False
9195	1500015L24Rik	False
9196	E030003E18Rik	False
9197	C730002L08Rik	False
9198	Aldh1a1	False
9199	Aldh1a7	False
9200	Tmc1	False
9201	Zfand5	False
9202	Gda	False
9203	1110059E24Rik	False
9204	Fam108b	False
9205	Tmem2	False
9206	Trpm3	False
9207	Klf9	False
9208	Mir1192	False
9209	Smc5	False
9210	Mamdc2	False
9211	1700028P14Rik	False
9212	Ptar1	False
9213	Apba1	False
9214	Fam189a2	False
9215	Tjp2	False
9216	Fxn	False
9217	Pip5k1b	False
9218	Fam122a	False
9219	E030010A14Rik	False
9220	Pgm5	False
9221	Foxd4	False
9222	Cbwd1	False
9223	Dock8	False
9224	Kank1	False
9225	Dmrt1	False
9226	Dmrt3	False
9227	2610016A17Rik	False
9228	Dmrt2	False
9229	Smarca2	False
9230	4931403E22Rik	False
9231	Gm815	False
9232	Vldlr	False
9233	Kcnv2	False
9234	D19Bwg1357e	False
9235	C030016D13Rik	False
9236	Rfx3	False
9237	Glis3	False
9238	D930032P07Rik	False
9239	Slc1a1	False
9240	4430402I18Rik	False
9241	Ppapdc2	False
9242	Cdc37l1	False
9243	Ak3	False
9244	1700018L02Rik	False
9245	Gm9895	False
9246	Rcl1	False
9247	Jak2	False
9248	Insl6	False
9249	Rln1	False
9250	5033414D02Rik	False
9251	Cd274	False
9252	Pdcd1lg2	False
9253	A930007I19Rik	False
9254	C030046E11Rik	False
9255	Ermp1	False
9256	Mlana	False
9257	9930021J03Rik	False
9258	Ranbp6	False
9259	Il33	False
9260	Trpd52l3	False
9261	Uhrf2	False
9262	Gldc	False
9263	Mbl2	False
9264	Ppp1r2-ps3	False
9265	Dkk1	False
9266	Prkg1	False
9267	Gm6642	False
9268	Cstf2t	False
9269	8430431K14Rik	False
9270	A1cf	False
9271	Asah2	False
9272	Sgms1	False
9273	2700046G09Rik	False
9274	Minpp1	False
9275	Papss2	False
9276	Atad1	False
9277	Pten	False
9278	Rnls	False
9279	Lipo1	False
9280	Lipf	False
9281	Lipk	False
9282	Lipn	False
9283	Lipm	False
9284	Ankrd22	False
9285	Stambpl1	False
9286	Acta2	False
9287	Fas	False
9288	Ch25h	False
9289	Lipa	False
9290	Ifit2	False
9291	Ifit3	False
9292	Gm14446	False
9293	I830012O16Rik	False
9294	2010002M12Rik	False
9295	Ifit1	False
9296	Slc16a12	False
9297	Pank1	False
9298	Kif20b	False
9299	Htr7	False
9300	Rpp30	False
9301	Ankrd1	False
9302	Pcgf5	False
9303	Hectd2	False
9304	1500017E21Rik	False
9305	Ppp1r3c	False
9306	Tnks2	False
9307	Fgfbp3	False
9308	Btaf1	False
9309	Cpeb3	False
9310	A330032B11Rik	False
9311	March5	False
9312	4931408D14Rik	False
9313	Ide	False
9314	Kif11	False
9315	Hhex	False
9316	Exoc6	False
9317	Cyp26c1	False
9318	Cyp26a1	False
9319	Myof	False
9320	Cep55	False
9321	O3far1	False
9322	Rbp4	False
9323	Pde6c	False
9324	5730455O13Rik	False
9325	Lgi1	False
9326	Tmem20	False
9327	Plce1	False
9328	Noc3l	False
9329	Tbc1d12	False
9330	Hells	False
9331	Cyp2c55	False
9332	Cyp2c65	False
9333	Cyp2c66	False
9334	Cyp2c53-ps	False
9335	Cyp2c29	False
9336	Cyp2c38	False
9337	Cyp2c39	False
9338	Cyp2c67	False
9339	Cyp2c68	False
9340	Cyp2c40	False
9341	Cyp2c69	False
9342	Cyp2c37	False
9343	Cyp2c54	False
9344	Cyp2c50	False
9345	Cyp2c70	False
9346	Pdlim1	False
9347	Sorbs1	False
9348	Aldh18a1	False
9349	Tctn3	False
9350	Entpd1	False
9351	Ccnj	False
9352	E030044B06Rik	False
9353	Zfp518a	False
9354	Blnk	False
9355	Dntt	False
9356	Opalin	False
9357	Tll2	False
9358	Tm9sf3	False
9359	Pik3ap1	False
9360	Lcor	False
9361	Slit1	False
9362	Gm19424	False
9363	Arhgap19	False
9364	Frat1	False
9365	Frat2	False
9366	Rrp12	False
9367	Pgam1	False
9368	Exosc1	False
9369	Zdhhc16	False
9370	Mms19	False
9371	Ubtd1	False
9372	Ankrd2	False
9373	Hoga1	False
9374	4933411K16Rik	False
9375	Morn4	False
9376	Pi4k2a	False
9377	Avpi1	False
9378	Marveld1	False
9379	Zfyve27	False
9380	Sfrp5	False
9381	Golga7b	False
9382	Crtac1	False
9383	D19Ertd386e	False
9384	Loxl4	False
9385	Pyroxd2	False
9386	Hps1	False
9387	Hpse2	False
9388	Cnnm1	False
9389	Got1	False
9390	Nkx2-3	False
9391	Slc25a28	False
9392	BC037704	False
9393	Entpd7	False
9394	Cox15	False
9395	Cutc	False
9396	Abcc2	False
9397	Gm10768	False
9398	Dnmbp	False
9399	Cpn1	False
9400	Cyp2c44	False
9401	Erlin1	False
9402	Chuk	False
9403	Cwf19l1	False
9404	Bloc1s2	False
9405	Pkd2l1	False
9406	Scd3	False
9407	Scd2	False
9408	Scd4	False
9409	Scd1	False
9410	Wnt8b	False
9411	Sec31b	False
9412	Ndufb8	False
9413	Hif1an	False
9414	Pax2	False
9415	Fam178a	False
9416	4930414N06Rik	False
9417	Sema4g	False
9418	Mrpl43	False
9419	Peo1	False
9420	Lzts2	False
9421	Pdzd7	False
9422	Sfxn3	False
9423	Kazald1	False
9424	Tlx1	False
9425	Lbx1	False
9426	Btrc	False
9427	Poll	False
9428	Dpcd	False
9429	Fbxw4	False
9430	Fgf8	False
9431	Npm3	False
9432	Mgea5	False
9433	Kcnip2	False
9434	9130011E15Rik	False
9435	Hps6	False
9436	Ldb1	False
9437	Pprc1	False
9438	Nolc1	False
9439	Elovl3	False
9440	Pitx3	False
9441	Gbf1	False
9442	Nfkb2	False
9443	Psd	False
9444	Fbxl15	False
9445	Cuedc2	False
9446	2310034G01Rik	False
9447	Tmem180	False
9448	Actr1a	False
9449	Sufu	False
9450	Trim8	False
9451	Arl3	False
9452	Sfxn2	False
9453	D19Wsu162e	False
9454	Cyp17a1	False
9455	2010012O05Rik	False
9456	As3mt	False
9457	Cnnm2	False
9458	Nt5c2	False
9459	Ina	False
9460	Pcgf6	False
9461	Taf5	False
9462	Usmg5	False
9463	Pdcd11	False
9464	Calhm2	False
9465	Neurl1a	False
9466	Sh3pxd2a	False
9467	Obfc1	False
9468	Gm19557	False
9469	Slk	False
9470	Col17a1	False
9471	Sfr1	False
9472	Wdr96	False
9473	Gsto1	False
9474	Gsto2	False
9475	Itprip	False
9476	Ccdc147	False
9477	Sorcs3	False
9478	Sorcs1	False
9479	Ins1	False
9480	AA387883	False
9481	Xpnpep1	False
9482	1700054A03Rik	False
9483	Add3	False
9484	1700001K23Rik	False
9485	Mxi1	False
9486	Smndc1	False
9487	5830416P10Rik	False
9488	Dusp5	False
9489	Smc3	False
9490	Rbm20	False
9491	Pdcd4	False
9492	Bbip1	False
9493	Shoc2	False
9494	Adra2a	False
9495	Gpam	False
9496	Tectb	False
9497	Gucy2g	False
9498	Acsl5	False
9499	Zdhhc6	False
9500	Vti1a	False
9501	4930552P12Rik	False
9502	Tcf7l2	False
9503	Habp2	False
9504	Nrap	False
9505	Casp7	False
9506	9930023K05Rik	False
9507	Dclre1a	False
9508	Nhlrc2	False
9509	Adrb1	False
9510	A630007B06Rik	False
9511	Tdrd1	False
9512	Vwa2	False
9513	Afap1l2	False
9514	Ablim1	False
9515	4930449E18Rik	False
9516	B230217O12Rik	False
9517	Fam160b1	False
9518	Trub1	False
9519	6720468P15Rik	False
9520	Atrnl1	False
9521	Gfra1	False
9522	Gm10007	False
9523	1700011F14Rik	False
9524	1810007D17Rik	False
9525	Pnlip	False
9526	1810018F18Rik	False
9527	Pnliprp1	False
9528	Pnliprp2	False
9529	1700019N19Rik	False
9530	Hspa12a	False
9531	Eno4	False
9532	4930506M07Rik	False
9533	Vax1	False
9534	Slc18a2	False
9535	Pdzd8	False
9536	Emx2os	False
9537	Emx2	False
9538	2700089I24Rik	False
9539	Rab11fip2	False
9540	E330013P04Rik	False
9541	D19Ertd737e	False
9542	Prlhr	False
9543	2700078E11Rik	False
9544	Nanos1	False
9545	Eif3a	False
9546	Fam45a	False
9547	Sfxn4	False
9548	Prdx3	False
9549	Grk5	False
9550	Gm7102	False
9551	Csf2ra	False
9552	Csprs	False
9553	Fam171a1	False
9554	Nmt2	False
9555	Rpp38	False
9556	Acbd7	False
9557	Olah	False
9558	Meig1	False
9559	Dclre1c	False
9560	Suv39h2	False
9561	Hspa14	False
9562	Cdnf	False
9563	Fam107b	False
9564	Frmd4a	False
9565	Prpf18	False
9566	Bend7	False
9567	Sephs1	False
9568	Phyh	False
9569	Ucma	False
9570	Mcm10	False
9571	Optn	False
9572	Ccdc3	False
9573	Camk1d	False
9574	Cdc123	False
9575	Nudt5	False
9576	Sec61a2	False
9577	Dhtkd1	False
9578	Upf2	False
9579	5430407P10Rik	False
9580	Gm10857	False
9581	Echdc3	False
9582	A230108P19Rik	False
9583	Usp6nl	False
9584	Celf2	False
9585	5031426D15Rik	False
9586	1700061F12Rik	False
9587	Gata3	False
9588	4930412O13Rik	False
9589	9230102O04Rik	False
9590	Taf3	False
9591	Atp5c1	False
9592	Kin	False
9593	Itih2	False
9594	Itih5	False
9595	Sfmbt2	False
9596	Prkcq	False
9597	8030442B05Rik	False
9598	Gm13293	False
9599	Pfkfb3	False
9600	Rbm17	False
9601	Il2ra	False
9602	Il15ra	False
9603	Fbxo18	False
9604	Ankrd16	False
9605	Itga8	False
9606	E030013I19Rik	False
9607	Fam188a	False
9608	Pter	False
9609	C1ql3	False
9610	Rsu1	False
9611	Cubn	False
9612	Trdmt1	False
9613	Vim	False
9614	St8sia6	False
9615	Ptpla	False
9616	4921530L18Rik	False
9617	Stam	False
9618	Fam23a	False
9619	Mrc1	False
9620	Slc39a12	False
9621	Cacnb2	False
9622	Gm13315	False
9623	Nsun6	False
9624	Arl5b	False
9625	Plxdc2	False
9626	Nebl	False
9627	H2afb1	False
9628	A930004D18Rik	False
9629	Gm17762	False
9630	2810030E01Rik	False
9631	Mllt10	False
9632	Dnajc1	False
9633	Commd3	False
9634	Bmi1	False
9635	BC061194	False
9636	Pip4k2a	False
9637	4930426L09Rik	False
9638	Armc3	False
9639	Msrb2	False
9640	Ptf1a	False
9641	4921504E06Rik	False
9642	Gm3230	False
9643	Otud1	False
9644	Etl4	False
9645	Arhgap21	False
9646	Gm13375	False
9647	Enkur	False
9648	Thnsl1	False
9649	Gpr158	False
9650	Myo3a	False
9651	Gad2	False
9652	Apbb1ip	False
9653	Pdss1	False
9654	Abi1	False
9655	Acbd5	False
9656	Mastl	False
9657	Yme1l1	False
9658	4931423N10Rik	False
9659	Nxph2	False
9660	Spopl	False
9661	Hnmt	False
9662	Tbpl2	False
9663	Il1f8	False
9664	Il1f9	False
9665	Il1f6	False
9666	Il1f5	False
9667	Il1f10	False
9668	Il1rn	False
9669	Psd4	False
9670	Pax8	False
9671	Cacna1b	False
9672	Ehmt1	False
9673	Arrdc1	False
9674	Zmynd19	False
9675	Wdr85	False
9676	Mrpl41	False
9677	Pnpla7	False
9678	Nelf	False
9679	Entpd8	False
9680	Noxa1	False
9681	Nrarp	False
9682	A830007P12Rik	False
9683	Cobra1	False
9684	4933433C11Rik	False
9685	Fam166a	False
9686	Tubb4b	False
9687	Slc34a3	False
9688	Gm757	False
9689	2310002J15Rik	False
9690	Rnf208	False
9691	Ndor1	False
9692	Tmem203	False
9693	Tprn	False
9694	Ssna1	False
9695	Anapc2	False
9696	Tmem210	False
9697	Lrrc26	False
9698	Grin1	False
9699	E130003G02Rik	False
9700	AA543186	False
9701	Man1b1	False
9702	Dpp7	False
9703	Uap1l1	False
9704	2010317E24Rik	False
9705	Entpd2	False
9706	Npdc1	False
9707	Fut7	False
9708	Abca2	False
9709	Clic3	False
9710	BC029214	False
9711	Ptgds	False
9712	Lcn12	False
9713	C8g	False
9714	Fbxw5	False
9715	Traf2	False
9716	Edf1	False
9717	Mamdc4	False
9718	Phpt1	False
9719	Gm996	False
9720	B230208H17Rik	False
9721	4921530D09Rik	False
9722	Tmem141	False
9723	Fcna	False
9724	Lcn8	False
9725	Lcn6	False
9726	Lcn10	False
9727	Lcn13	False
9728	Bmyc	False
9729	Lcn14	False
9730	Lcn11	False
9731	Gm13539	False
9732	Sohlh1	False
9733	Kcnt1	False
9734	Camsap1	False
9735	Ubac1	False
9736	Nacc2	False
9737	C330006A16Rik	False
9738	Lhx3	False
9739	Qsox2	False
9740	4932418E24Rik	False
9741	Gpsm1	False
9742	Dnlz	False
9743	Card9	False
9744	Snapc4	False
9745	Sdccag3	False
9746	Pmpca	False
9747	Inpp5e	False
9748	Sec16a	False
9749	Notch1	False
9750	Egfl7	False
9751	Agpat2	False
9752	Fam69b	False
9753	Snhg7	False
9754	Snora43	False
9755	Snora17	False
9756	Lcn4	False
9757	Abo	False
9758	Surf6	False
9759	Med22	False
9760	Rpl7a	False
9761	Surf1	False
9762	Surf2	False
9763	Surf4	False
9764	Gm711	False
9765	Rexo4	False
9766	Adamts13	False
9767	5930434B04Rik	False
9768	Slc2a6	False
9769	Tmem8c	False
9770	Adamtsl2	False
9771	Fam163b	False
9772	6430548G04	False
9773	Dbh	False
9774	Sardh	False
9775	Vav2	False
9776	Brd3	False
9777	Wdr5	False
9778	Rxra	False
9779	Col5a1	False
9780	Fcnb	False
9781	Olfm1	False
9782	Ppp1r26	False
9783	1700007K13Rik	False
9784	Mrps2	False
9785	Gbgt1	False
9786	Ralgds	False
9787	Cel	False
9788	Gtf3c5	False
9789	Gfi1b	False
9790	Tsc1	False
9791	1700026L06Rik	False
9792	Ak8	False
9793	Gtf3c4	False
9794	Ddx31	False
9795	Barhl1	False
9796	1700101E01Rik	False
9797	Ttf1	False
9798	Setx	False
9799	Ntng2	False
9800	6530402F18Rik	False
9801	Med27	False
9802	Rapgef1	False
9803	Gm13547	False
9804	Trub2	False
9805	Coq4	False
9806	Slc27a4	False
9807	Urm1	False
9808	Cercam	False
9809	Odf2	False
9810	Gle1	False
9811	Spna2	False
9812	Wdr34	False
9813	Set	False
9814	Pkn3	False
9815	Zdhhc12	False
9816	Zer1	False
9817	Tbc1d13	False
9818	Endog	False
9819	D2Wsu81e	False
9820	Ccbl1	False
9821	1700084E18Rik	False
9822	Lrrc8a	False
9823	Phyhd1	False
9824	Dolk	False
9825	Nup188	False
9826	Sh3glb2	False
9827	Fam73b	False
9828	Dolpp1	False
9829	Crat	False
9830	Ppp2r4	False
9831	Ier5l	False
9832	Cstad	False
9833	1700001O22Rik	False
9834	Mettl11a	False
9835	Asb6	False
9836	Prrx2	False
9837	Ptges	False
9838	Tor1b	False
9839	Tor1a	False
9840	BC005624	False
9841	Usp20	False
9842	Fnbp1	False
9843	D330023K18Rik	False
9844	Gpr107	False
9845	Ncs1	False
9846	Ass1	False
9847	Fubp3	False
9848	Exosc2	False
9849	Abl1	False
9850	Qrfp	False
9851	Fibcd1	False
9852	Lamc3	False
9853	Aif1l	False
9854	Nup214	False
9855	Fam78a	False
9856	Ppapdc3	False
9857	Prrc2b	False
9858	Pomt1	False
9859	Uck1	False
9860	Swi5	False
9861	Golga2	False
9862	Dnm1	False
9863	Ciz1	False
9864	1110008P14Rik	False
9865	Lcn2	False
9866	Ptges2	False
9867	Slc25a25	False
9868	Naif1	False
9869	Fam102a	False
9870	Dpm2	False
9871	Pip5kl1	False
9872	St6galnac4	False
9873	St6galnac6	False
9874	Ak1	False
9875	Eng	False
9876	Fpgs	False
9877	Cdk9	False
9878	Sh2d3c	False
9879	6330409D20Rik	False
9880	Tor2a	False
9881	Ttc16	False
9882	Ptrh1	False
9883	1700019L03Rik	False
9884	Stxbp1	False
9885	Fam129b	False
9886	Lrsam1	False
9887	Rpl12	False
9888	Snora65	False
9889	Slc2a8	False
9890	Garnl3	False
9891	Ralgps1	False
9892	Angptl2	False
9893	Zbtb34	False
9894	Zbtb43	False
9895	Lmx1b	False
9896	C130021I20Rik	False
9897	Fam125b	False
9898	Nron	False
9899	Pbx3	False
9900	Mapkap1	False
9901	Gapvd1	False
9902	Hspa5	False
9903	Rabepk	False
9904	Fbxw2	False
9905	Psmd5	False
9906	D730039F16Rik	False
9907	Phf19	False
9908	Traf1	False
9909	Hc	False
9910	AI182371	False
9911	Cep110	False
9912	Rab14	False
9913	Gsn	False
9914	Stom	False
9915	4930568D16Rik	False
9916	4930402F06Rik	False
9917	Ggta1	False
9918	Gm13446	False
9919	Dab2ip	False
9920	Ttll11	False
9921	9030204H09Rik	False
9922	Ndufa8	False
9923	Morn5	False
9924	Lhx6	False
9925	Rbm18	False
9926	Mrrf	False
9927	Ptgs1	False
9928	Pdcl	False
9929	Rc3h2	False
9930	Zbtb6	False
9931	Zbtb26	False
9932	Rabgap1	False
9933	Gpr21	False
9934	Strbp	False
9935	Crb2	False
9936	Dennd1a	False
9937	Lhx2	False
9938	Nek6	False
9939	Psmb7	False
9940	Nr5a1	False
9941	Nr6a1	False
9942	Olfml2a	False
9943	Wdr38	False
9944	Rpl35	False
9945	Arpc5l	False
9946	Golga1	False
9947	Scai	False
9948	Gm16523	False
9949	Ppp6c	False
9950	Lrp1b	False
9951	Kynu	False
9952	Arhgap15	False
9953	A430092G05Rik	False
9954	Gtdc1	False
9955	Zeb2	False
9956	Mir5129	False
9957	Gm13476	False
9958	Acvr2a	False
9959	Orc4	False
9960	Mbd5	False
9961	Epc2	False
9962	Kif5c	False
9963	Lypd6b	False
9964	Lypd6	False
9965	Mmadhc	False
9966	Gm13483	False
9967	Gm13498	False
9968	Rnd3	False
9969	A730015I17	False
9970	Gm13490	False
9971	Rbm43	False
9972	Nmi	False
9973	Tnfaip6	False
9974	Rif1	False
9975	Neb	False
9976	4930573O16Rik	False
9977	Arl5a	False
9978	Cacnb4	False
9979	Stam2	False
9980	Fmnl2	False
9981	Prpf40a	False
9982	Arl6ip6	False
9983	Rprm	False
9984	Galnt13	False
9985	Kcnj3	False
9986	Nr4a2	False
9987	BB557941	False
9988	4930555B11Rik	False
9989	Gpd2	False
9990	Galnt5	False
9991	Ermn	False
9992	Cytip	False
9993	Gm13546	False
9994	Acvr1c	False
9995	Gm13544	False
9996	Acvr1	False
9997	Upp2	False
9998	Ccdc148	False
9999	Pkp4	False
10000	5330411J11Rik	False
10001	Dapl1	False
10002	Tanc1	False
10003	Wdsub1	False
10004	Baz2b	False
10005	March7	False
10006	Cd302	False
10007	Ly75	False
10008	Gm13580	False
10009	Pla2r1	False
10010	Itgb6	False
10011	Rbms1	False
10012	Gm13582	False
10013	Tank	False
10014	Psmd14	False
10015	Tbr1	False
10016	Slc4a10	False
10017	Dpp4	False
10018	Gcg	False
10019	Fap	False
10020	Ifih1	False
10021	Gca	False
10022	Kcnh7	False
10023	Fign	False
10024	Grb14	False
10025	Cobll1	False
10026	Slc38a11	False
10027	Scn3a	False
10028	Scn2a1	False
10029	Csrnp3	False
10030	Galnt3	False
10031	Ttc21b	False
10032	Scn1a	False
10033	Gm13629	False
10034	Scn9a	False
10035	Scn7a	False
10036	Gm1322	False
10037	Xirp2	False
10038	B3galt1	False
10039	Stk39	False
10040	Lass6	False
10041	Nostrin	False
10042	Spc25	False
10043	G6pc2	False
10044	Abcb11	False
10045	Dhrs9	False
10046	Lrp2	False
10047	Bbs5	False
10048	Kbtbd10	False
10049	Fastkd1	False
10050	Ppig	False
10051	4930578N16Rik	False
10052	Phospho2	False
10053	Klhl23	False
10054	Ssb	False
10055	Mettl5	False
10056	Ubr3	False
10057	Myo3b	False
10058	Sp5	False
10059	1500002O10Rik	False
10060	4933404M02Rik	False
10061	Gad1	False
10062	Gorasp2	False
10063	Tlk1	False
10064	Mettl8	False
10065	Dcaf17	False
10066	Cybrd1	False
10067	Dync1i2	False
10068	Slc25a12	False
10069	Hat1	False
10070	Metap1d	False
10071	Dlx1	False
10072	Dlx1as	False
10073	Dlx2	False
10074	Gm1631	False
10075	Itga6	False
10076	Pdk1	False
10077	Rapgef4	False
10078	B230120H23Rik	False
10079	Cdca7	False
10080	Sp3	False
10081	1700011J10Rik	False
10082	Ola1	False
10083	Sp9	False
10084	Cir1	False
10085	Scrn3	False
10086	Gpr155	False
10087	Wipf1	False
10088	Chrna1	False
10089	LOC329427	False
10090	Chn1	False
10091	Atf2	False
10092	Atp5g3	False
10093	4930441J16Rik	False
10094	Lnp	False
10095	Hoxd13	False
10096	Hoxd12	False
10097	Hoxd11	False
10098	Hoxd10	False
10099	Hoxd9	False
10100	Hoxd8	False
10101	1700109F18Rik	False
10102	Hoxd3	False
10103	Hoxd4	False
10104	Hoxd1	False
10105	Mtx2	False
10106	Hnrnpa3	False
10107	Gm6793	False
10108	Nfe2l2	False
10109	Agps	False
10110	Ttc30b	False
10111	Ttc30a2	False
10112	Ttc30a1	False
10113	Pde11a	False
10114	Cyct	False
10115	Rbm45	False
10116	Osbpl6	False
10117	Prkra	False
10118	Dfnb59	False
10119	Fkbp7	False
10120	Plekha3	False
10121	Ttn	False
10122	Ccdc141	False
10123	Sestd1	False
10124	Zfp385b	False
10125	Gm13944	False
10126	Cwc22	False
10127	Gm14461	False
10128	Ube2e3	False
10129	Itga4	False
10130	Cerkl	False
10131	Neurod1	False
10132	Ssfa2	False
10133	Ppp1r1c	False
10134	Pde1a	False
10135	Prdx6b	False
10136	Dnajc10	False
10137	Gm13752	False
10138	Frzb	False
10139	Nckap1	False
10140	Dusp19	False
10141	Nup35	False
10142	Zfp804a	False
10143	Zc3h15	False
10144	Itgav	False
10145	Fam171b	False
10146	Zswim2	False
10147	Calcrl	False
10148	Tfpi	False
10149	Gm13710	False
10150	Ctnnd1	False
10151	Gm13718	False
10152	2700094K13Rik	False
10153	Tmx2	False
10154	Med19	False
10155	Zdhhc5	False
10156	Clp1	False
10157	Ypel4	False
10158	Serping1	False
10159	Ube2l6	False
10160	Smtnl1	False
10161	Timm10	False
10162	Slc43a1	False
10163	Rtn4rl2	False
10164	Slc43a3	False
10165	Prg2	False
10166	Prg3	False
10167	P2rx3	False
10168	Ssrp1	False
10169	Tnks1bp1	False
10170	4930443O20Rik	False
10171	Aplnr	False
10172	Lrrc55	False
10173	Olfr995	False
10174	4833423E24Rik	False
10175	Olfr996	False
10176	Olfr1029	False
10177	Olfr1030	False
10178	Olfr1033	False
10179	Olfr1034	False
10180	Olfr1259	False
10181	Olfr1506	False
10182	Ptprj	False
10183	Nup160	False
10184	Fnbp4	False
10185	Agbl2	False
10186	Mtch2	False
10187	C1qtnf4	False
10188	Ndufs3	False
10189	Kbtbd4	False
10190	Ptpmt1	False
10191	Celf1	False
10192	Rapsn	False
10193	Psmc3	False
10194	Slc39a13	False
10195	Sfpi1	False
10196	Mybpc3	False
10197	Madd	False
10198	Nr1h3	False
10199	Acp2	False
10200	Ddb2	False
10201	A330069E16Rik	False
10202	Pacsin3	False
10203	Arfgap2	False
10204	1110051M20Rik	False
10205	Lrp4	False
10206	Ckap5	False
10207	F2	False
10208	Zfp408	False
10209	Arhgap1	False
10210	Atg13	False
10211	Harbi1	False
10212	Ambra1	False
10213	Chrm4	False
10214	Mdk	False
10215	Dgkz	False
10216	Creb3l1	False
10217	Phf21a	False
10218	Mir1955	False
10219	Gyltl1b	False
10220	Pex16	False
10221	1700029I15Rik	False
10222	Mapk8ip1	False
10223	Cry2	False
10224	D930015M05Rik	False
10225	Slc35c1	False
10226	Chst1	False
10227	Syt13	False
10228	Prdm11	False
10229	Trp53i11	False
10230	Tspan18	False
10231	Gm13807	False
10232	Cd82	False
10233	Gm10804	False
10234	Alx4	False
10235	Ext2	False
10236	Accs	False
10237	Accsl	False
10238	Gm13889	False
10239	4921507L20Rik	False
10240	Alkbh3	False
10241	Hsd17b12	False
10242	Mir670	False
10243	Ttc17	False
10244	2810002D19Rik	False
10245	Api5	False
10246	Lrrc4c	False
10247	B230118H07Rik	False
10248	Rag2	False
10249	Rag1	False
10250	Traf6	False
10251	Prr5l	False
10252	Commd9	False
10253	Ldlrad3	False
10254	Trim44	False
10255	Fjx1	False
10256	Pamr1	False
10257	Slc1a2	False
10258	Cd44	False
10259	Pdhx	False
10260	Apip	False
10261	Ehf	False
10262	A930006I01Rik	False
10263	Elf5	False
10264	Cat	False
10265	Abtb2	False
10266	Nat10	False
10267	Caprin1	False
10268	Lmo2	False
10269	Fbxo3	False
10270	Cd59b	False
10271	Cd59a	False
10272	A930018P22Rik	False
10273	D430041D05Rik	False
10274	Hipk3	False
10275	4930500J02Rik	False
10276	Cstf3	False
10277	Tcp11l1	False
10278	Pin1-ps1	False
10279	Depdc7	False
10280	Qser1	False
10281	Prrg4	False
10282	Ccdc73	False
10283	Eif3m	False
10284	AI314831	False
10285	Wt1	False
10286	0610012H03Rik	False
10287	Rcn1	False
10288	Pax6os1	False
10289	Pax6	False
10290	Elp4	False
10291	Immp1l	False
10292	Dnajc24	False
10293	Mpped2	False
10294	2700007P21Rik	False
10295	Kcna4	False
10296	Mettl15	False
10297	Kif18a	False
10298	Bdnf	False
10299	Lin7c	False
10300	Lgr4	False
10301	Ccdc34	False
10302	Bbox1	False
10303	Fibin	False
10304	Slc5a12	False
10305	Ano3	False
10306	Muc15	False
10307	Lpcat4	False
10308	BC125332	False
10309	Nop10	False
10310	Slc12a6	False
10311	Tmem85	False
10312	2410042D21Rik	False
10313	2900064A13Rik	False
10314	Chrm5	False
10315	Aven	False
10316	Ryr3	False
10317	Fmn1	False
10318	Grem1	False
10319	Scg5	False
10320	Arhgap11a	False
10321	Gjd2	False
10322	A530058N18Rik	False
10323	Actc1	False
10324	C130080G10Rik	False
10325	Aqr	False
10326	Zfp770	False
10327	Atpbd4	False
10328	4930528P14Rik	False
10329	3110099E03Rik	False
10330	BC052040	False
10331	Meis2	False
10332	2810405F15Rik	False
10333	Tmco5	False
10334	D330050G23Rik	False
10335	Spred1	False
10336	Fam98b	False
10337	Rasgrp1	False
10338	4930412B13Rik	False
10339	Thbs1	False
10340	Fsip1	False
10341	Gpr176	False
10342	1700054M17Rik	False
10343	Eif2ak4	False
10344	Srp14	False
10345	Bmf	False
10346	Bub1b	False
10347	Pak6	False
10348	Gm1337	False
10349	Plcb2	False
10350	5430417L22Rik	False
10351	A430105I19Rik	False
10352	Phgr1	False
10353	Disp2	False
10354	D2Ertd750e	False
10355	Ivd	False
10356	Bahd1	False
10357	Chst14	False
10358	Ccdc32	False
10359	Rpusd2	False
10360	Casc5	False
10361	Rad51	False
10362	Fam82a2	False
10363	Gchfr	False
10364	Dnajc17	False
10365	Gm14137	False
10366	Zfyve19	False
10367	Ppp1r14d	False
10368	Spint1	False
10369	Rhov	False
10370	Vps18	False
10371	Gm14207	False
10372	Dll4	False
10373	Chac1	False
10374	Ino80	False
10375	Exd1	False
10376	1500003O03Rik	False
10377	1700020I14Rik	False
10378	Oip5	False
10379	Nusap1	False
10380	Ndufaf1	False
10381	Rtf1	False
10382	Itpka	False
10383	Ltk	False
10384	Rpap1	False
10385	Tyro3	False
10386	Mga	False
10387	Mapkbp1	False
10388	Jmjd7	False
10389	Pla2g4b	False
10390	Ehd4	False
10391	Pla2g4e	False
10392	Pla2g4d	False
10393	Pla2g4f	False
10394	Vps39	False
10395	Tmem87a	False
10396	Ganc	False
10397	4931402G19Rik	False
10398	Capn3	False
10399	Zfp106	False
10400	Snap23	False
10401	Lrrc57	False
10402	Haus2	False
10403	Cdan1	False
10404	Ttbk2	False
10405	AV039307	False
10406	Ubr1	False
10407	Tmem62	False
10408	Ccndbp1	False
10409	Epb4.2	False
10410	Tgm5	False
10411	Tgm7	False
10412	Lcmt2	False
10413	Adal	False
10414	Zscan29	False
10415	Tubgcp4	False
10416	Trp53bp1	False
10417	Mtap1a	False
10418	Ppip5k1	False
10419	Ckmt1	False
10420	Strc	False
10421	Catsper2	False
10422	Pdia3	False
10423	Ell3	False
10424	Serf2	False
10425	Serinc4	False
10426	2310003F16Rik	False
10427	Mfap1b	False
10428	Mfap1a	False
10429	Wdr76	False
10430	Frmd5	False
10431	Casc4	False
10432	Mageb3	False
10433	Ctdspl2	False
10434	Gm9781	False
10435	Spg11	False
10436	Patl2	False
10437	B2m	False
10438	Trim69	False
10439	4933406J08Rik	False
10440	Sord	False
10441	Duox2	False
10442	Duoxa2	False
10443	Duoxa1	False
10444	Duox1	False
10445	Shf	False
10446	Slc28a2	False
10447	Bambi-ps1	False
10448	Gm14085	False
10449	Gatm	False
10450	Spata5l1	False
10451	AA467197	False
10452	Slc30a4	False
10453	Pldn	False
10454	Sqrdl	False
10455	4930517E11Rik	False
10456	4930583P06Rik	False
10457	Sema6d	False
10458	Slc24a5	False
10459	Myef2	False
10460	Ctxn2	False
10461	Slc12a1	False
10462	Dut	False
10463	Fbn1	False
10464	Cep152	False
10465	Shc4	False
10466	Eid1	False
10467	Secisbp2l	False
10468	Cops2	False
10469	Galk2	False
10470	4930525F21Rik	False
10471	Fgf7	False
10472	Dtwd1	False
10473	Atp8b4	False
10474	Slc27a2	False
10475	Hdc	False
10476	Gabpb1	False
10477	Usp8	False
10478	Usp50	False
10479	Trpm7	False
10480	2010106G01Rik	False
10481	Ap4e1	False
10482	Blvra	False
10483	Ncaph	False
10484	Itpripl1	False
10485	1810024B03Rik	False
10486	Snrnp200	False
10487	Ciao1	False
10488	Tmem127	False
10489	Stard7	False
10490	Dusp2	False
10491	Astl	False
10492	Adra2b	False
10493	Gpat2	False
10494	Fahd2a	False
10495	Kcnip3	False
10496	Prom2	False
10497	Zfp661	False
10498	Mrps5	False
10499	Mal	False
10500	Mall	False
10501	Nphp1	False
10502	1500011K16Rik	False
10503	Bub1	False
10504	Acoxl	False
10505	Bcl2l11	False
10506	Gm14005	False
10507	Anapc1	False
10508	Mertk	False
10509	Tmem87b	False
10510	Fbln7	False
10511	Zc3h8	False
10512	Zc3h6	False
10513	Ttl	False
10514	Polr1b	False
10515	Chchd5	False
10516	AI847159	False
10517	Slc20a1	False
10518	A730036I17Rik	False
10519	Ckap2l	False
10520	Gm14023	False
10521	Il1a	False
10522	Il1b	False
10523	Gm14047	False
10524	Sirpa	False
10525	Pdyn	False
10526	4932416H05Rik	False
10527	Stk35	False
10528	Tgm3	False
10529	AU015228	False
10530	Tgm6	False
10531	Snrpb	False
10532	Tmc2	False
10533	Nop56	False
10534	Idh3b	False
10535	Ebf4	False
10536	Cpxm1	False
10537	1700020A23Rik	False
10538	4933425O20Rik	False
10539	Fam113a	False
10540	Vps16	False
10541	Ptpra	False
10542	4930473A02Rik	False
10543	Mrps26	False
10544	Oxt	False
10545	Avp	False
10546	Ubox5	False
10547	Fastkd5	False
10548	Prosapip1	False
10549	Ddrgk1	False
10550	Itpa	False
10551	Slc4a11	False
10552	4930402H24Rik	False
10553	Gm14057	False
10554	A730017L22Rik	False
10555	Atrn	False
10556	Gfra4	False
10557	Adam33	False
10558	Siglec1	False
10559	Hspa12b	False
10560	1700037H04Rik	False
10561	Spef1	False
10562	Cenpb	False
10563	Cdc25b	False
10564	2310035K24Rik	False
10565	Mavs	False
10566	Pank2	False
10567	Rnf24	False
10568	Smox	False
10569	Adra1d	False
10570	5330413P13Rik	False
10571	Erv3	False
10572	Prnp	False
10573	Prnd	False
10574	Rassf2	False
10575	Slc23a2	False
10576	5730494N06Rik	False
10577	Pcna	False
10578	Cds2	False
10579	Prokr2	False
10580	1700026D11Rik	False
10581	Gpcpd1	False
10582	AU019990	False
10583	1110034G24Rik	False
10584	Chgb	False
10585	Trmt6	False
10586	Mcm8	False
10587	Crls1	False
10588	Lrrn4	False
10589	Fermt1	False
10590	Bmp2	False
10591	Hao1	False
10592	Tmx4	False
10593	Plcb1	False
10594	4930545L23Rik	False
10595	9630028H03Rik	False
10596	Plcb4	False
10597	6330527O06Rik	False
10598	Pak7	False
10599	Ankrd5	False
10600	Snap25	False
10601	Mkks	False
10602	2210009G21Rik	False
10603	Jag1	False
10604	Btbd3	False
10605	Sptlc3	False
10606	Ism1	False
10607	Tasp1	False
10608	Esf1	False
10609	2310003L22Rik	False
10610	Sel1l2	False
10611	Macrod2	False
10612	Flrt3	False
10613	Kif16b	False
10614	Snrpb2	False
10615	Otor	False
10616	C630020P19Rik	False
10617	Pcsk2	False
10618	Bfsp1	False
10619	Dstn	False
10620	Rrbp1	False
10621	Banf2	False
10622	Gm5535	False
10623	Snx5	False
10624	Snord17	False
10625	8430406I07Rik	False
10626	Ovol2	False
10627	Gm20571	False
10628	Csrp2bp	False
10629	Zfp133-ps	False
10630	LOC171588	False
10631	6330439K17Rik	False
10632	Polr3f	False
10633	Rbbp9	False
10634	Sec23b	False
10635	Gm561	False
10636	Dtd1	False
10637	Slc24a3	False
10638	BC039771	False
10639	Rin2	False
10640	Naa20	False
10641	Crnkl1	False
10642	4930529M08Rik	False
10643	Insm1	False
10644	Ralgapa2	False
10645	A930019D19Rik	False
10646	Plk1s1	False
10647	Xrn2	False
10648	Nkx2-2	False
10649	Nkx2-2as	False
10650	AI646519	False
10651	Pax1	False
10652	Foxa2	False
10653	Sstr4	False
10654	Thbd	False
10655	Cd93	False
10656	Nxt1	False
10657	Gzf1	False
10658	Napb	False
10659	Cst11	False
10660	8030411F24Rik	False
10661	Cst12	False
10662	Cst8	False
10663	Cst13	False
10664	Cst9	False
10665	9230104L09Rik	False
10666	Cst3	False
10667	Tmem90b	False
10668	Zfp120	False
10669	Gm14139	False
10670	Zfp937	False
10671	Gm14124	False
10672	3300002I08Rik	False
10673	Zfp442	False
10674	Zfp345	False
10675	Cst7	False
10676	2310001A20Rik	False
10677	Acss1	False
10678	E130215H24Rik	False
10679	Vsx1	False
10680	Entpd6	False
10681	Pygb	False
10682	Abhd12	False
10683	Gins1	False
10684	Ninl	False
10685	Nanp	False
10686	Nsfl1c	False
10687	Fkbp1a	False
10688	Sdcbp2	False
10689	Snph	False
10690	5430405G05Rik	False
10691	Psmf1	False
10692	Rspo4	False
10693	Angpt4	False
10694	Fam110a	False
10695	Slc52a3	False
10696	Scrt2	False
10697	Srxn1	False
10698	Tcf15	False
10699	Csnk2a1	False
10700	Tbc1d20	False
10701	Rbck1	False
10702	Trib3	False
10703	Gm14164	False
10704	Nrsn2	False
10705	Sox12	False
10706	Zcchc3	False
10707	6820408C15Rik	False
10708	Defb20	False
10709	Defb22	False
10710	Defb26	False
10711	Defb28	False
10712	Defb29	False
10713	Defb21	False
10714	Defb19	False
10715	Defb45	False
10716	Defb36	False
10717	Defb25	False
10718	Rem1	False
10719	H13	False
10720	Mcts2	False
10721	Id1	False
10722	Cox4i2	False
10723	Bcl2l1	False
10724	Tpx2	False
10725	Mylk2	False
10726	Foxs1	False
10727	Dusp15	False
10728	Ttll9	False
10729	Pdrg1	False
10730	Xkr7	False
10731	BC020535	False
10732	Hck	False
10733	Tm9sf4	False
10734	Tspyl3	False
10735	Plagl2	False
10736	Pofut1	False
10737	Kif3b	False
10738	2500004C02Rik	False
10739	Asxl1	False
10740	8430427H17Rik	False
10741	Commd7	False
10742	Dnmt3b	False
10743	Mapre1	False
10744	Efcab8	False
10745	Bpifb2	False
10746	Bpifb6	False
10747	Bpifb3	False
10748	Bpifb4	False
10749	Bpifa6	False
10750	Bpifa2	False
10751	Bpifa1	False
10752	Bpifa5	False
10753	Bpifb1	False
10754	Bpifb5	False
10755	Cdk5rap1	False
10756	Snta1	False
10757	Cbfa2t2	False
10758	Necab3	False
10759	1700003F12Rik	False
10760	1700007I08Rik	False
10761	E2f1	False
10762	Pxmp4	False
10763	Zfp341	False
10764	Chmp4b	False
10765	Raly	False
10766	Eif2s2	False
10767	a	False
10768	Ahcy	False
10769	2310005A03Rik	False
10770	Itch	False
10771	Dynlrb1	False
10772	Map1lc3a	False
10773	Pigu	False
10774	Trp53inp2	False
10775	Ncoa6	False
10776	Ggt7	False
10777	Acss2	False
10778	4930471I20Rik	False
10779	Gss	False
10780	Myh7b	False
10781	Trpc4ap	False
10782	Edem2	False
10783	Procr	False
10784	Mmp24	False
10785	BC029722	False
10786	Eif6	False
10787	Fam83c	False
10788	Uqcc	False
10789	Gdf5	False
10790	Cep250	False
10791	6430550D23Rik	False
10792	Ergic3	False
10793	Fer1l4	False
10794	Spag4	False
10795	Cpne1	False
10796	Rbm12	False
10797	Nfs1	False
10798	Romo1	False
10799	Rbm39	False
10800	Phf20	False
10801	Scand1	False
10802	4921517L17Rik	False
10803	2900097C17Rik	False
10804	Epb4.1l1	False
10805	0610011L14Rik	False
10806	Gm14169	False
10807	Dlgap4	False
10808	4930405A21Rik	False
10809	Myl9	False
10810	Tgif2	False
10811	5430405H02Rik	False
10812	1110008F13Rik	False
10813	Sla2	False
10814	Ndrg3	False
10815	Dsn1	False
10816	9830001H06Rik	False
10817	Gm1332	False
10818	Samhd1	False
10819	Rbl1	False
10820	4922505G16Rik	False
10821	Rpn2	False
10822	Ghrh	False
10823	Manbal	False
10824	Src	False
10825	Blcap	False
10826	Nnat	False
10827	Ctnnbl1	False
10828	Vstm2l	False
10829	Tti1	False
10830	Rprd1b	False
10831	2010009K17Rik	False
10832	Tgm2	False
10833	D630003M21Rik	False
10834	1700060C20Rik	False
10835	Bpi	False
10836	Lbp	False
10837	9430008C03Rik	False
10838	Snhg11	False
10839	Ralgapb	False
10840	Adig	False
10841	Arhgap40	False
10842	Gm14204	False
10843	Slc32a1	False
10844	Actr5	False
10845	Ppp1r16b	False
10846	Fam83d	False
10847	Dhx35	False
10848	4933416E03Rik	False
10849	9130015L21Rik	False
10850	Gm826	False
10851	Mafb	False
10852	Top1	False
10853	Plcg1	False
10854	Zhx3	False
10855	Lpin3	False
10856	Emilin3	False
10857	Chd6	False
10858	Ptprt	False
10859	9430021M05Rik	False
10860	Srsf6	False
10861	L3mbtl1	False
10862	Sgk2	False
10863	Ift52	False
10864	Mybl2	False
10865	Gtsf1l	False
10866	Tox2	False
10867	Jph2	False
10868	3230401D17Rik	False
10869	Gdap1l1	False
10870	Fitm2	False
10871	2310001K24Rik	False
10872	R3hdml	False
10873	0610008F07Rik	False
10874	Hnf4a	False
10875	Ttpal	False
10876	Serinc3	False
10877	0610039K10Rik	False
10878	Pkig	False
10879	Ada	False
10880	Wisp2	False
10881	Ywhab	False
10882	Pabpc1l	False
10883	Tomm34	False
10884	Stk4	False
10885	Kcns1	False
10886	Wfdc5	False
10887	Wfdc12	False
10888	Wfdc15a	False
10889	Wfdc15b	False
10890	Svs2	False
10891	Svs3b	False
10892	Svs4	False
10893	Svs6	False
10894	Svs5	False
10895	Slpi	False
10896	Matn4	False
10897	Rbpjl	False
10898	Sdc4	False
10899	Sys1	False
10900	Dbndd2	False
10901	Pigt	False
10902	Wfdc2	False
10903	Spint3	False
10904	Wfdc6a	False
10905	Spinlw1	False
10906	Wfdc8	False
10907	Wfdc6b	False
10908	Wfdc16	False
10909	Wfdc9	False
10910	Wfdc10	False
10911	Wfdc11	False
10912	Wfdc13	False
10913	Spint4	False
10914	Wfdc3	False
10915	Dnttip1	False
10916	Ube2c	False
10917	Tnnc2	False
10918	Snx21	False
10919	Acot8	False
10920	Zswim3	False
10921	Zswim1	False
10922	Spata25	False
10923	Neurl2	False
10924	Ctsa	False
10925	Pltp	False
10926	Pcif1	False
10927	Zfp335	False
10928	Mmp9	False
10929	Slc12a5	False
10930	Ncoa5	False
10931	Cd40	False
10932	Cdh22	False
10933	Slc35c2	False
10934	Elmo2	False
10935	Zfp663	False
10936	Zfp334	False
10937	Ocstamp	False
10938	Slc13a3	False
10939	2810408M09Rik	False
10940	Slc2a10	False
10941	Eya2	False
10942	Zmynd8	False
10943	Ncoa3	False
10944	Sulf2	False
10945	Gm11468	False
10946	5031425F14Rik	False
10947	Prex1	False
10948	Trp53rk	False
10949	Arfgef2	False
10950	Cse1l	False
10951	Stau1	False
10952	Ddx27	False
10953	Znfx1	False
10954	1500012F01Rik	False
10955	Snord12	False
10956	Kcnb1	False
10957	Ptgis	False
10958	B4galt5	False
10959	Slc9a8	False
10960	Spata2	False
10961	Rnf114	False
10962	Snai1	False
10963	Ube2v1	False
10964	Tmem189	False
10965	Cebpb	False
10966	A530013C23Rik	False
10967	Ptpn1	False
10968	Fam65c	False
10969	Pard6b	False
10970	E130018N17Rik	False
10971	Adnp	False
10972	Dpm1	False
10973	Mocs3	False
10974	Kcng1	False
10975	Nfatc2	False
10976	Atp9a	False
10977	Sall4	False
10978	Zfp64	False
10979	1700017J07Rik	False
10980	Tshz2	False
10981	A630075F10Rik	False
10982	Zfp217	False
10983	Bcas1	False
10984	1700040N02Rik	False
10985	Cyp24a1	False
10986	Pfdn4	False
10987	Gm16796	False
10988	4930470P17Rik	False
10989	Dok5	False
10990	Cbln4	False
10991	2010011I20Rik	False
10992	Aurka	False
10993	Cstf1	False
10994	Cass4	False
10995	2410001C21Rik	False
10996	Gcnt7	False
10997	1700029J11Rik	False
10998	Tfap2c	False
10999	Bmp7	False
11000	Spo11	False
11001	Rae1	False
11002	Rbm38	False
11003	Ctcfl	False
11004	1300015D01Rik	False
11005	Pck1	False
11006	Zbp1	False
11007	Pmepa1	False
11008	Ankrd60	False
11009	Ppp4r1l-ps	False
11010	Rab22a	False
11011	1700010B08Rik	False
11012	Vapb	False
11013	Stx16	False
11014	Npepl1	False
11015	Gm10714	False
11016	Nespas	False
11017	Gnas	False
11018	Th1l	False
11019	Ctsz	False
11020	Tubb1	False
11021	Atp5e	False
11022	Slmo2	False
11023	Zfp831	False
11024	Edn3	False
11025	Gm14393	False
11026	Gm14391	False
11027	0610010B08Rik	False
11028	Gm6710	False
11029	Gm14288	False
11030	Gm14435	False
11031	Gm14308	False
11032	Gm14306	False
11033	Gm14436	False
11034	Gm14405	False
11035	100043387	False
11036	Gm14295	False
11037	Gm14420	False
11038	Gm14403	False
11039	Gm14322	False
11040	Gm14325	False
11041	Gm14327	False
11042	Gm14326	False
11043	Etohi1	False
11044	Zfp931	False
11045	Phactr3	False
11046	Sycp2	False
11047	Ppp1r3d	False
11048	9030418K01Rik	False
11049	Cdh26	False
11050	Cdh4	False
11051	Taf4a	False
11052	4921531C22Rik	False
11053	Lsm14b	False
11054	Psma7	False
11055	Ss18l1	False
11056	Gtpbp5	False
11057	Hrh3	False
11058	Osbpl2	False
11059	Adrm1	False
11060	Lama5	False
11061	Rps21	False
11062	Mir3091	False
11063	Cables2	False
11064	BC066135	False
11065	Gata5	False
11066	Gm14318	False
11067	B230312C02Rik	False
11068	Gm6307	False
11069	Slco4a1	False
11070	Ntsr1	False
11071	1600027N09Rik	False
11072	Ogfr	False
11073	Col9a3	False
11074	Tcfl5	False
11075	Dido1	False
11076	2310003C23Rik	False
11077	Slc17a9	False
11078	Ythdf1	False
11079	Birc7	False
11080	Nkain4	False
11081	Arfgap1	False
11082	Col20a1	False
11083	Chrna4	False
11084	Kcnq2	False
11085	Eef1a2	False
11086	Ppdpf	False
11087	Ptk6	False
11088	Srms	False
11089	BC051628	False
11090	BC006779	False
11091	Gmeb2	False
11092	Stmn3	False
11093	Rtel1	False
11094	Arfrp1	False
11095	Zgpat	False
11096	Lime1	False
11097	Slc2a4rg-ps	False
11098	Zbtb46	False
11099	Abhd16b	False
11100	Tpd52l2	False
11101	Dnajc5	False
11102	Uckl1	False
11103	Gm16119	False
11104	Znf512b	False
11105	Samd10	False
11106	Prpf6	False
11107	Sox18	False
11108	Tcea2	False
11109	Rgs19	False
11110	Oprl1	False
11111	Myt1	False
11112	Pcmtd2	False
11113	Polr3k	False
11114	Hnf4g	False
11115	1110015O18Rik	False
11116	2700069I18Rik	False
11117	Zfhx4	False
11118	Pxmp3	False
11119	1700008P02Rik	False
11120	Pkia	False
11121	Fam164a	False
11122	Il7	False
11123	1700010I02Rik	False
11124	Gm6194	False
11125	Stmn2	False
11126	Hey1	False
11127	Mrps28	False
11128	Tpd52	False
11129	Zbtb10	False
11130	C030034L19Rik	False
11131	Zfp704	False
11132	Pag1	False
11133	Fabp5	False
11134	Gm9833	False
11135	Pmp2	False
11136	Fabp9	False
11137	Fabp4	False
11138	Fabp12	False
11139	Impa1	False
11140	Slc10a5	False
11141	Zfand1	False
11142	Chmp4c	False
11143	Snx16	False
11144	Gm10745	False
11145	Ralyl	False
11146	Gm6300	False
11147	Slc7a12	False
11148	Lrrcc1	False
11149	E2f5	False
11150	1810022K09Rik	False
11151	Car13	False
11152	Car1	False
11153	Car3	False
11154	Car2	False
11155	A930001A20Rik	False
11156	Gm9733	False
11157	Sirpb1a	False
11158	Sirpb1b	False
11159	LOC100038947	False
11160	Gm5150	False
11161	Ythdf3	False
11162	2610100L16Rik	False
11163	Bhlhe22	False
11164	Cyp7b1	False
11165	Armc1	False
11166	Mtfr1	False
11167	Pde7a	False
11168	Dnajc5b	False
11169	Trim55	False
11170	Crh	False
11171	4632415L05Rik	False
11172	Cp	False
11173	Hps3	False
11174	Hltf	False
11175	Gyg	False
11176	Cpa3	False
11177	Cpb1	False
11178	Agtr1b	False
11179	Tbl1xr1	False
11180	Rprl2	False
11181	Nlgn1	False
11182	Ect2	False
11183	1700125G22Rik	False
11184	Nceh1	False
11185	Tnfsf10	False
11186	Ghsr	False
11187	Fndc3b	False
11188	Mir3092	False
11189	Tmem212	False
11190	Pld1	False
11191	Tnik	False
11192	Slc2a2	False
11193	Eif5a2	False
11194	Rpl22l1	False
11195	Gm1527	False
11196	Egfem1	False
11197	Mecom	False
11198	Arpm1	False
11199	Mynn	False
11200	Lrrc34	False
11201	Lrriq4	False
11202	Samd7	False
11203	Sec62	False
11204	Gpr160	False
11205	Phc3	False
11206	Prkci	False
11207	Skil	False
11208	Cldn11	False
11209	Slc7a14	False
11210	Kcnmb2	False
11211	Zmat3	False
11212	4930429B21Rik	False
11213	Pik3ca	False
11214	Kcnmb3	False
11215	Zfp639	False
11216	Mfn1	False
11217	Gnb4	False
11218	Actl6a	False
11219	Mrpl47	False
11220	Ndufb5	False
11221	Usp13	False
11222	Pex5l	False
11223	4930419G24Rik	False
11224	Ttc14	False
11225	Ccdc39	False
11226	Fxr1	False
11227	Dnajc19	False
11228	Sox2ot	False
11229	Sox2	False
11230	Gm6639	False
11231	Atp11b	False
11232	Dcun1d1	False
11233	Mccc1	False
11234	A330050B17Rik	False
11235	Ccdc144b	False
11236	Acad9	False
11237	D3Ertd254e	False
11238	Qrfpr	False
11239	Anxa5	False
11240	1810062G17Rik	False
11241	Gm11549	False
11242	Exosc9	False
11243	Ccna2	False
11244	Bbs7	False
11245	Trpc3	False
11246	4932438A13Rik	False
11247	Adad1	False
11248	Il2	False
11249	Il21	False
11250	Cetn4	False
11251	Bbs12	False
11252	Fgf2	False
11253	Nudt6	False
11254	Spata5	False
11255	Spry1	False
11256	Gm5148	False
11257	LOC626410	False
11258	5430434I15Rik	False
11259	Ankrd50	False
11260	Fat4	False
11261	1700017G19Rik	False
11262	Intu	False
11263	Slc25a31	False
11264	Hspa4l	False
11265	Plk4	False
11266	Mfsd8	False
11267	Gm2011	False
11268	Gm10731	False
11269	3110057O12Rik	False
11270	1700034I23Rik	False
11271	Larp1b	False
11272	Pgrmc2	False
11273	C430002E04Rik	False
11274	Phf17	False
11275	Sclt1	False
11276	D3Ertd751e	False
11277	2610316D01Rik	False
11278	Pcdh10	False
11279	Pabpc4l	False
11280	Gm7977	False
11281	1700018B24Rik	False
11282	Pcdh18	False
11283	Slc7a11	False
11284	Ccrn4l	False
11285	Elf2	False
11286	4930583H14Rik	False
11287	Ndufc1	False
11288	Naa15	False
11289	Rab33b	False
11290	Setd7	False
11291	5031434O11Rik	False
11292	Mgst2	False
11293	Maml3	False
11294	Foxo1	False
11295	Gm2447	False
11296	LOC622124	False
11297	Cog6	False
11298	Lhfp	False
11299	Nhlrc3	False
11300	2810046L04Rik	False
11301	Stoml3	False
11302	Frem2	False
11303	Ufm1	False
11304	Trpc4	False
11305	Postn	False
11306	Fam48a	False
11307	Exosc8	False
11308	Alg5	False
11309	Smad9	False
11310	Rfxap	False
11311	6030405A18Rik	False
11312	Ccna1	False
11313	4931419H13Rik	False
11314	Spg20	False
11315	A730037C10Rik	False
11316	Sohlh2	False
11317	Dclk1	False
11318	Nbea	False
11319	Mab21l1	False
11320	4933417G07Rik	False
11321	Tm4sf1	False
11322	Tm4sf4	False
11323	Wwtr1	False
11324	Commd2	False
11325	Gm410	False
11326	Rnf13	False
11327	Pfn2	False
11328	1700007F19Rik	False
11329	Tsc22d2	False
11330	Serp1	False
11331	Eif2a	False
11332	2810407C02Rik	False
11333	Fam194a	False
11334	Gm8234	False
11335	Siah2	False
11336	4930593A02Rik	False
11337	Clrn1	False
11338	Med12l	False
11339	Gpr171	False
11340	P2ry14	False
11341	F630111L10Rik	False
11342	Gpr87	False
11343	P2ry13	False
11344	P2ry12	False
11345	Igsf10	False
11346	Gm5538	False
11347	C130079G13Rik	False
11348	Gm9696	False
11349	Aadacl2	False
11350	Aadac	False
11351	Sucnr1	False
11352	Mbnl1	False
11353	P2ry1	False
11354	Rap2b	False
11355	Arhgef26	False
11356	Dhx36	False
11357	Gpr149	False
11358	Mme	False
11359	Plch1	False
11360	E130311K13Rik	False
11361	Slc33a1	False
11362	Gmps	False
11363	Vmn2r1	False
11364	Kcnab1	False
11365	A730090N16Rik	False
11366	Ssr3	False
11367	4931440P22Rik	False
11368	Tiparp	False
11369	Lekr1	False
11370	Ccnl1	False
11371	Veph1	False
11372	Ptx3	False
11373	Shox2	False
11374	Rsrc1	False
11375	Mlf1	False
11376	Gfm1	False
11377	Lxn	False
11378	Rarres1	False
11379	Mfsd1	False
11380	Iqcj	False
11381	Schip1	False
11382	Il12a	False
11383	1110032F04Rik	False
11384	Ift80	False
11385	Smc4	False
11386	Trim59	False
11387	Kpna4	False
11388	Gm1647	False
11389	Arl14	False
11390	Ppm1l	False
11391	B3galnt1	False
11392	Nmd3	False
11393	1110032A04Rik	False
11394	Gm6634	False
11395	Sis	False
11396	Slitrk3	False
11397	LOC626082	False
11398	Bche	False
11399	Zbbx	False
11400	Serpini2	False
11401	Pdcd10	False
11402	Serpini1	False
11403	2410007B07Rik	False
11404	Golim4	False
11405	Fstl5	False
11406	Rapgef2	False
11407	4921511C10Rik	False
11408	Gm17359	False
11409	Fnip2	False
11410	Ppid	False
11411	Etfdh	False
11412	4930579G24Rik	False
11413	Rxfp1	False
11414	Tmem144	False
11415	Fam198b	False
11416	Gria2	False
11417	Glrb	False
11418	Pdgfc	False
11419	Ctso	False
11420	Tdo2	False
11421	Accn5	False
11422	Gucy1b3	False
11423	Gucy1a3	False
11424	Mtap9	False
11425	Npy2r	False
11426	Rbm46	False
11427	4930564K09Rik	False
11428	Lrat	False
11429	Fgg	False
11430	Fga	False
11431	Fgb	False
11432	Plrg1	False
11433	Sfrp2	False
11434	Tlr2	False
11435	D930015E06Rik	False
11436	Mnd1	False
11437	Trim2	False
11438	Gm6525	False
11439	4930565D16Rik	False
11440	Fhdc1	False
11441	Arfip1	False
11442	Tigd4	False
11443	Tmem154	False
11444	Fbxw7	False
11445	Dear1	False
11446	1700036G14Rik	False
11447	Pet112l	False
11448	Fam160a1	False
11449	Glt28d2	False
11450	Prss48	False
11451	Sh3d19	False
11452	Rps3a	False
11453	Lrba	False
11454	Mab21l2	False
11455	Dclk2	False
11456	Cd1d2	False
11457	Cd1d1	False
11458	Kirrel	False
11459	Fcrls	False
11460	Cd5l	False
11461	Fcrl1	False
11462	Fcrl5	False
11463	Etv3	False
11464	Arhgef11	False
11465	4933430H15Rik	False
11466	Pear1	False
11467	Ntrk1	False
11468	Insrr	False
11469	Sh2d2a	False
11470	Prcc	False
11471	Hdgf	False
11472	Mrpl24	False
11473	Rrnad1	False
11474	Isg20l2	False
11475	Crabp2	False
11476	Nes	False
11477	Bcan	False
11478	Hapln2	False
11479	Gpatch4	False
11480	Apoa1bp	False
11481	Ttc24	False
11482	Iqgap3	False
11483	Mef2d	False
11484	1700113A16Rik	False
11485	Rhbg	False
11486	1700021C14Rik	False
11487	Cct3	False
11488	0610031J06Rik	False
11489	Tmem79	False
11490	Smg5	False
11491	Paqr6	False
11492	Bglap-rs1	False
11493	Bglap2	False
11494	Bglap	False
11495	Pmf1	False
11496	Slc25a44	False
11497	Sema4a	False
11498	Lmna	False
11499	Mex3a	False
11500	Rab25	False
11501	Lamtor2	False
11502	Ubqln4	False
11503	Ssr2	False
11504	Arhgef2	False
11505	Rxfp4	False
11506	2810403A07Rik	False
11507	Rit1	False
11508	Syt11	False
11509	5830417I10Rik	False
11510	1500004A13Rik	False
11511	Gon4l	False
11512	Msto1	False
11513	Dap3	False
11514	Ash1l	False
11515	Rusc1	False
11516	Fdps	False
11517	Pklr	False
11518	Hcn3	False
11519	Clk2	False
11520	Scamp3	False
11521	Fam189b	False
11522	Gba	False
11523	Mtx1	False
11524	Thbs3	False
11525	Muc1	False
11526	Trim46	False
11527	Krtcap2	False
11528	Dpm3	False
11529	Slc50a1	False
11530	Efna1	False
11531	Efna3	False
11532	Efna4	False
11533	Adam15	False
11534	Dcst1	False
11535	Zbtb7b	False
11536	Gm15417	False
11537	Lenep	False
11538	Flad1	False
11539	Cks1b	False
11540	Shc1	False
11541	Pygo2	False
11542	Pbxip1	False
11543	Pmvk	False
11544	Kcnn3	False
11545	Adar	False
11546	Chrnb2	False
11547	Ube2q1	False
11548	She	False
11549	Il6ra	False
11550	Atp8b2	False
11551	Hax1	False
11552	Gm19710	False
11553	Ubap2l	False
11554	4933434E20Rik	False
11555	1700094D03Rik	False
11556	Tpm3	False
11557	Nup210l	False
11558	Rps27	False
11559	Rab13	False
11560	Jtb	False
11561	Creb3l4	False
11562	Slc39a1	False
11563	Crtc2	False
11564	Dennd4b	False
11565	Gatad2b	False
11566	Slc27a3	False
11567	Ints3	False
11568	Npr1	False
11569	Ilf2	False
11570	Snapin	False
11571	2500003M10Rik	False
11572	S100a1	False
11573	S100a13	False
11574	S100a14	False
11575	S100a16	False
11576	S100a2	False
11577	S100a3	False
11578	S100a4	False
11579	S100a5	False
11580	S100a6	False
11581	S100a7a	False
11582	S100a8	False
11583	S100a9	False
11584	Pglyrp4	False
11585	4930529C04Rik	False
11586	9130204L05Rik	False
11587	Pglyrp3	False
11588	Lor	False
11589	Prr9	False
11590	Sprr2b	False
11591	Sprr2d	False
11592	Sprr2e	False
11593	Sprr2f	False
11594	Sprr2g	False
11595	Sprr2h	False
11596	Sprr2i	False
11597	Sprr2j-ps	False
11598	Sprr2k	False
11599	Sprr1b	False
11600	Sprr3	False
11601	Sprr1a	False
11602	Sprr4	False
11603	Ivl	False
11604	Smcp	False
11605	Lce6a	False
11606	Lce1a1	False
11607	Lce1b	False
11608	Lce1a2	False
11609	Lce1c	False
11610	Lce1d	False
11611	Lce1e	False
11612	Lce1f	False
11613	Lce1g	False
11614	Lce1h	False
11615	Lce1i	False
11616	Lce1k	False
11617	Kprp	False
11618	Lce1l	False
11619	2310050C09Rik	False
11620	Lce3a	False
11621	Lce3b	False
11622	Lce3c	False
11623	2310001H18Rik	False
11624	Lce3f	False
11625	Crct1	False
11626	Lce1m	False
11627	Gm4858	False
11628	Crnn	False
11629	Flg2	False
11630	Hrnr	False
11631	Rptn	False
11632	Tchh	False
11633	Tchhl1	False
11634	S100a11	False
11635	S100a10	False
11636	Gm9125	False
11637	Them4	False
11638	Them5	False
11639	C2cd4d	False
11640	Rorc	False
11641	Lingo4	False
11642	Tdrkh	False
11643	Oaz3	False
11644	Mrpl9	False
11645	Riiad1	False
11646	Celf3	False
11647	Snx27	False
11648	Tuft1	False
11649	BC021767	False
11650	Selenbp2	False
11651	Cgn	False
11652	Pogz	False
11653	Psmb4	False
11654	Selenbp1	False
11655	Rfx5	False
11656	Pi4kb	False
11657	Zfp687	False
11658	Psmd4	False
11659	Pip5k1a	False
11660	Vps72	False
11661	Tmod4	False
11662	Scnm1	False
11663	Lysmd1	False
11664	Tnfaip8l2	False
11665	Sema6c	False
11666	Gabpb2	False
11667	Mllt11	False
11668	Cdc42se1	False
11669	Gm128	False
11670	Bnipl	False
11671	Prune	False
11672	Fam63a	False
11673	Anxa9	False
11674	Lass2	False
11675	Setdb1	False
11676	4930558C23Rik	False
11677	Gm4349	False
11678	Arnt	False
11679	Ctsk	False
11680	Ctss	False
11681	Hormad1	False
11682	Golph3l	False
11683	Ensa	False
11684	Mcl1	False
11685	Adamtsl4	False
11686	Ecm1	False
11687	Tars2	False
11688	Rprd2	False
11689	Prpf3	False
11690	Mrps21	False
11691	C920021L13Rik	False
11692	Gm129	False
11693	BC028528	False
11694	Aph1a	False
11695	Car14	False
11696	Anp32e	False
11697	Gm9054	False
11698	Plekho1	False
11699	Vps45	False
11700	Otud7b	False
11701	Mtmr11	False
11702	Sf3b4	False
11703	Sv2a	False
11704	Bola1	False
11705	Hist2h2ab	False
11706	Hist2h2ac	False
11707	Hist2h2be	False
11708	Hist2h3c2	False
11709	Hist2h2aa1	False
11710	Hist2h3c1	False
11711	Hist2h4	False
11712	Hist2h3b	False
11713	Hist2h2bb	False
11714	Fcgr1	False
11715	Terc	False
11716	BC107364	False
11717	Hfe2	False
11718	Gm15441	False
11719	Txnip	False
11720	Polr3gl	False
11721	Ankrd34a	False
11722	Lix1l	False
11723	6330549D23Rik	False
11724	Rbm8a	False
11725	Pex11b	False
11726	Itga10	False
11727	Ankrd35	False
11728	Pias3	False
11729	Nudt17	False
11730	Polr3c	False
11731	Rnf115	False
11732	Cd160	False
11733	4930442L01Rik	False
11734	Pdzk1	False
11735	Gpr89	False
11736	Gja5	False
11737	Acp6	False
11738	Bcl9	False
11739	Chd1l	False
11740	Fmo5	False
11741	Prkab2	False
11742	Pde4dip	False
11743	Sec22b	False
11744	Gm5544	False
11745	Notch2	False
11746	Adam30	False
11747	Reg4	False
11748	Hmgcs2	False
11749	Phgdh	False
11750	Zfp697	False
11751	Hsd3b4	False
11752	Hsd3b5	False
11753	Hsd3b2	False
11754	Hsd3b3	False
11755	Hsd3b6	False
11756	Hsd3b1	False
11757	Hao2	False
11758	Wars2	False
11759	Tbx15	False
11760	Spag17	False
11761	Wdr3	False
11762	Gdap2	False
11763	4930406D18Rik	False
11764	Fam46c	False
11765	Man1a2	False
11766	Vtcn1	False
11767	Trim45	False
11768	Ttf2	False
11769	Cd101	False
11770	Ptgfrn	False
11771	Cd2	False
11772	Igsf3	False
11773	Atp1a1	False
11774	Mab21l3	False
11775	Slc22a15	False
11776	Nhlh2	False
11777	Casq2	False
11778	Vangl1	False
11779	A230001M10Rik	False
11780	Ngf	False
11781	2410057H14Rik	False
11782	Tspan2	False
11783	Tshb	False
11784	Sycp1	False
11785	Nr1h5	False
11786	Sike1	False
11787	Csde1	False
11788	Nras	False
11789	Ampd1	False
11790	Dennd2c	False
11791	Bcas2	False
11792	Trim33	False
11793	Syt6	False
11794	Atg4a	False
11795	Olfml3	False
11796	Hipk1	False
11797	Dclre1b	False
11798	Gm15471	False
11799	Ap4b1	False
11800	Bcl2l15	False
11801	Ptpn22	False
11802	Rsbn1	False
11803	A130049A11Rik	False
11804	Phtf1	False
11805	Magi3	False
11806	Lrig2	False
11807	Slc16a1	False
11808	Fam19a3	False
11809	Ppm1j	False
11810	Rhoc	False
11811	Mov10	False
11812	Capza1	False
11813	St7l	False
11814	Wnt2b	False
11815	Cttnbp2nl	False
11816	1700095B22Rik	False
11817	Kcnd3	False
11818	Ddx20	False
11819	6530418L21Rik	False
11820	Rap1a	False
11821	Gm5547	False
11822	Adora3	False
11823	I830077J02Rik	False
11824	Atp5f1	False
11825	Wdr77	False
11826	Ovgp1	False
11827	1700027A23Rik	False
11828	Chia	False
11829	Chi3l3	False
11830	Chi3l4	False
11831	BC051070	False
11832	2010016I18Rik	False
11833	Dennd2d	False
11834	Cept1	False
11835	Dram2	False
11836	4933421E11Rik	False
11837	Cd53	False
11838	Olfr266	False
11839	Kcna3	False
11840	AI504432	False
11841	Kcna2	False
11842	Cym	False
11843	A630076J17Rik	False
11844	Prok1	False
11845	Hbxip	False
11846	Slc16a4	False
11847	Rbm15	False
11848	Kcnc4	False
11849	Slc6a17	False
11850	Alx3	False
11851	Fam40a	False
11852	Ahcyl1	False
11853	Csf1	False
11854	Eps8l3	False
11855	4933431E20Rik	False
11856	Gstm5	False
11857	Gstm7	False
11858	Gstm6	False
11859	Gstm3	False
11860	Gstm2	False
11861	Gstm1	False
11862	Gstm4	False
11863	Ampd2	False
11864	Gnat2	False
11865	Gnai3	False
11866	Gpr61	False
11867	Amigo1	False
11868	Cyb561d1	False
11869	Atxn7l2	False
11870	Sypl2	False
11871	Psma5	False
11872	Sort1	False
11873	Mybphl	False
11874	Gm12522	False
11875	Psrc1	False
11876	Celsr2	False
11877	Sars	False
11878	5330417C22Rik	False
11879	1700013F07Rik	False
11880	Tmem167b	False
11881	Taf13	False
11882	Wdr47	False
11883	Clcc1	False
11884	Gpsm2	False
11885	Aknad1	False
11886	Stxbp3a	False
11887	Fndc7	False
11888	Prpf38b	False
11889	4921515J06Rik	False
11890	Fam102b	False
11891	Slc25a24	False
11892	Vav3	False
11893	Ntng1	False
11894	Prmt6	False
11895	Amy2b	False
11896	Amy2a5	False
11897	Amy1	False
11898	Rnpc3	False
11899	Col11a1	False
11900	Olfm3	False
11901	S1pr1	False
11902	A930005H10Rik	False
11903	Dph5	False
11904	Slc30a7	False
11905	Extl2	False
11906	Vcam1	False
11907	Gpr88	False
11908	Cdc14a	False
11909	Rtcd1	False
11910	Dbt	False
11911	Lrrc39	False
11912	Ccdc76	False
11913	Sass6	False
11914	Hiat1	False
11915	Slc35a3	False
11916	Agl	False
11917	Frrs1	False
11918	Palmd	False
11919	4930455H04Rik	False
11920	1700061I17Rik	False
11921	D3Bwg0562e	False
11922	4833424O15Rik	False
11923	Snx7	False
11924	Dpyd	False
11925	Ptbp2	False
11926	Rwdd3	False
11927	Tmem56	False
11928	Alg14	False
11929	Cnn3	False
11930	Slc44a3	False
11931	A730020M07Rik	False
11932	F3	False
11933	Abcd3	False
11934	Arhgap29	False
11935	Abca4	False
11936	Gclm	False
11937	Dnttip2	False
11938	Mir760	False
11939	Bcar3	False
11940	Fnbp1l	False
11941	Pde5a	False
11942	4930447N08Rik	False
11943	4933405D12Rik	False
11944	Fabp2	False
11945	1810037I17Rik	False
11946	Usp53	False
11947	Myoz2	False
11948	Synpo2	False
11949	Sec24d	False
11950	Mettl14	False
11951	Prss12	False
11952	Snhg8	False
11953	Ndst3	False
11954	Tram1l1	False
11955	Ndst4	False
11956	Ugt8a	False
11957	Arsj	False
11958	Camk2d	False
11959	Ank2	False
11960	Larp7	False
11961	4930422G04Rik	False
11962	Neurog2	False
11963	Alpk1	False
11964	Tifa	False
11965	Ap1ar	False
11966	5730508B09Rik	False
11967	9830132P13	False
11968	D030025E07Rik	False
11969	Pitx2	False
11970	Enpep	False
11971	Elovl6	False
11972	Egf	False
11973	6330410L21Rik	False
11974	Lrit3	False
11975	Rrh	False
11976	Gar1	False
11977	Cfi	False
11978	Pla2g12a	False
11979	Casp6	False
11980	Ccdc109b	False
11981	Sec24b	False
11982	Col25a1	False
11983	Agxt2l1	False
11984	Ostc	False
11985	Rpl34	False
11986	Rpl34-ps1	False
11987	Lef1	False
11988	Hadh	False
11989	Cyp2u1	False
11990	Sgms2	False
11991	Papss1	False
11992	Dkk2	False
11993	Aimp1	False
11994	Tbck	False
11995	Npnt	False
11996	Gstcd	False
11997	Ints12	False
11998	Arhgef38	False
11999	Ppa2	False
12000	Tet2	False
12001	Cxxc4	False
12002	Tacr3	False
12003	Cenpe	False
12004	Bdh2	False
12005	Nhedc2	False
12006	Nhedc1	False
12007	Cisd2	False
12008	4930539J05Rik	False
12009	Ube2d3	False
12010	Manba	False
12011	Nfkb1	False
12012	Slc39a8	False
12013	4933401H06Rik	False
12014	Bank1	False
12015	1700030L20Rik	False
12016	Ppp3ca	False
12017	Emcn	False
12018	Gm4861	False
12019	Ddit4l	False
12020	H2afz	False
12021	Dnajb14	False
12022	Lamtor3	False
12023	Dapp1	False
12024	Gm5105	False
12025	Mttp	False
12026	Rg9mtd2	False
12027	4930579F01Rik	False
12028	0610031O16Rik	False
12029	Adh7	False
12030	Adh1	False
12031	Adh6a	False
12032	Adh6-ps1	False
12033	Adh4	False
12034	Adh5	False
12035	Metap1	False
12036	Eif4e	False
12037	Mir1956	False
12038	4930425O10Rik	False
12039	Tspan5	False
12040	Rap1gds1	False
12041	B930007M17Rik	False
12042	Unc5c	False
12043	Bmpr1b	False
12044	Pdlim5	False
12045	Gbp5	False
12046	Gbp7	False
12047	Gbp3	False
12048	Gbp1	False
12049	Gbp2	False
12050	Ccbl2	False
12051	Gtf2b	False
12052	Pkn2	False
12053	A830019L24Rik	False
12054	Gm6260	False
12055	Lmo4	False
12056	Hs2st1	False
12057	Sep15	False
12058	Sh3glb1	False
12059	Clca1	False
12060	Clca2	False
12061	Clca4	False
12062	Gm6289	False
12063	AI747448	False
12064	Clca6	False
12065	Clca3	False
12066	Clca5	False
12067	Odf2l	False
12068	Col24a1	False
12069	Znhit6	False
12070	Cyr61	False
12071	Ddah1	False
12072	Bcl10	False
12073	2410004B18Rik	False
12074	Syde2	False
12075	Wdr63	False
12076	Mcoln3	False
12077	Mcoln2	False
12078	Lpar3	False
12079	Gm10636	False
12080	Ssx2ip	False
12081	Ctbs	False
12082	Spata1	False
12083	Gng5	False
12084	Rpf1	False
12085	Dnase2b	False
12086	Uox	False
12087	Gm16325	False
12088	4930503B20Rik	False
12089	Prkacb	False
12090	Ttll7	False
12091	Lphn2	False
12092	Gm1653	False
12093	Eltd1	False
12094	Ifi44	False
12095	H28	False
12096	Ptgfr	False
12097	Gipc2	False
12098	Dnajb4	False
12099	Fubp1	False
12100	Nexn	False
12101	Fam73a	False
12102	Usp33	False
12103	Zzz3	False
12104	Ak5	False
12105	AI115009	False
12106	Pigk	False
12107	St6galnac5	False
12108	St6galnac3	False
12109	5730460C07Rik	False
12110	Asb17	False
12111	2510003D18Rik	False
12112	Msh4	False
12113	Rabggtb	False
12114	Acadm	False
12115	Slc44a5	False
12116	Lhx8	False
12117	AI606473	False
12118	Tyw3	False
12119	Cryz	False
12120	4922501L14Rik	False
12121	Tnni3k	False
12122	Fpgt	False
12123	Lrriq3	False
12124	4930570G19Rik	False
12125	Negr1	False
12126	Zranb2	False
12127	Ptger3	False
12128	Cth	False
12129	Ankrd13c	False
12130	Srsf11	False
12131	Lrrc40	False
12132	Lrrc7	False
12133	LOC624759	False
12134	Depdc1a	False
12135	Rpe65	False
12136	Wls	False
12137	Tmem68	False
12138	Tgs1	False
12139	2210414B05Rik	False
12140	Lyn	False
12141	6330407A03Rik	False
12142	Rps20	False
12143	Mos	False
12144	Plag1	False
12145	Chchd7	False
12146	Sdr16c5	False
12147	Sdr16c6	False
12148	Penk	False
12149	Impad1	False
12150	Fam110b	False
12151	Ubxn2b	False
12152	Cyp7a1	False
12153	Sdcbp	False
12154	Nsmaf	False
12155	Tox	False
12156	8430436N08Rik	False
12157	Car8	False
12158	Rab2a	False
12159	Chd7	False
12160	Clvs1	False
12161	Asph	False
12162	4930412C18Rik	False
12163	Gdf6	False
12164	4930448K20Rik	False
12165	1700123O12Rik	False
12166	2610301B20Rik	False
12167	Plekhf2	False
12168	2310030N02Rik	False
12169	Trp53inp1	False
12170	Ccne2	False
12171	Ints8	False
12172	Dpy19l4	False
12173	Esrp1	False
12174	1110037F02Rik	False
12175	Rad54b	False
12176	Fsbp	False
12177	Gem	False
12178	Cdh17	False
12179	Pdp1	False
12180	1700123M08Rik	False
12181	Tmem67	False
12182	C430048L16Rik	False
12183	Rbm12b	False
12184	Fam92a	False
12185	Gm11818	False
12186	Runx1t1	False
12187	Slc26a7	False
12188	Lrrc69	False
12189	Otud6b	False
12190	Tmem55a	False
12191	Gm11837	False
12192	Necab1	False
12193	Tmem64	False
12194	Calb1	False
12195	Decr1	False
12196	Nbn	False
12197	Osgin2	False
12198	Ripk2	False
12199	A530072M11Rik	False
12200	Mmp16	False
12201	Cngb3	False
12202	Cpne3	False
12203	Fam82b	False
12204	Wwp1	False
12205	Slc7a13	False
12206	Atp6v0d2	False
12207	4930480G23Rik	False
12208	Ttpa	False
12209	Ggh	False
12210	Nkain3	False
12211	Prdm13	False
12212	Ccnc	False
12213	2610029I01Rik	False
12214	Usp45	False
12215	4930528A17Rik	False
12216	Sfrs18	False
12217	Coq3	False
12218	6230409E13Rik	False
12219	Fbxl4	False
12220	Pou3f2	False
12221	Mms22l	False
12222	Klhl32	False
12223	Ndufaf4	False
12224	Gpr63	False
12225	Fhl5	False
12226	1810074P20Rik	False
12227	Fut9	False
12228	Manea	False
12229	Epha7	False
12230	Map3k7	False
12231	Bach2	False
12232	BC024582	False
12233	Gja10	False
12234	Casp8ap2	False
12235	Mdn1	False
12236	Lyrm2	False
12237	Ankrd6	False
12238	Rragd	False
12239	4933421O10Rik	False
12240	Ube2j1	False
12241	Gabrr2	False
12242	Gabrr1	False
12243	Pm20d2	False
12244	Srsf12	False
12245	Pnrc1	False
12246	Rngtt	False
12247	Cnr1	False
12248	Spaca1	False
12249	Akirin2	False
12250	Orc3	False
12251	Rars2	False
12252	Slc35a1	False
12253	1700003M02Rik	False
12254	Gm136	False
12255	1810030N24Rik	False
12256	Zfp292	False
12257	Cga	False
12258	Mob3b	False
12259	Ifnk	False
12260	3110043O21Rik	False
12261	Lingo2	False
12262	1700009N14Rik	False
12263	Aco1	False
12264	Ddx58	False
12265	Topors	False
12266	2010003O02Rik	False
12267	Ndufb6	False
12268	4930509K18Rik	False
12269	Tmem215	False
12270	4933428C19Rik	False
12271	Aptx	False
12272	Dnaja1	False
12273	Mir207	False
12274	Smu1	False
12275	B4galt1	False
12276	Spink4	False
12277	Bag1	False
12278	Chmp5	False
12279	Nfx1	False
12280	Aqp7	False
12281	Aqp3	False
12282	Nol6	False
12283	Ube2r2	False
12284	Ubap2	False
12285	Dcaf12	False
12286	Ubap1	False
12287	Kif24	False
12288	Nudt2	False
12289	AI464131	False
12290	1110017D15Rik	False
12291	1700066J24Rik	False
12292	2310028H24Rik	False
12293	Dnaic1	False
12294	Enho	False
12295	Cntfr	False
12296	2810432D09Rik	False
12297	Dctn3	False
12298	Arid3c	False
12299	Sigmar1	False
12300	Galt	False
12301	Il11ra1	False
12302	Ccl27a	False
12303	Gm3893	False
12304	Gm13308	False
12305	Gm13298	False
12306	4933409K07Rik	False
12307	Ccl19	False
12308	Gm1987	False
12309	BC049635	False
12310	N28178	False
12311	Dnajb5	False
12312	1700022I11Rik	False
12313	Vcp	False
12314	Fancg	False
12315	Pigo	False
12316	Stoml2	False
12317	B230312A22Rik	False
12318	Unc13b	False
12319	Atp8b5	False
12320	Rusc2	False
12321	Fam166b	False
12322	Tesk1	False
12323	Cd72	False
12324	Sit1	False
12325	Rmrp	False
12326	Ccdc107	False
12327	E130306D19Rik	False
12328	Car9	False
12329	Tpm2	False
12330	Tln1	False
12331	Creb3	False
12332	Gba2	False
12333	Rgp1	False
12334	Msmp	False
12335	Npr2	False
12336	Spag8	False
12337	Hint2	False
12338	4930412F15Rik	False
12339	Tmem8b	False
12340	Olfr70	False
12341	Hrct1	False
12342	5430416O09Rik	False
12343	A630077J23Rik	False
12344	Olfr156	False
12345	Olfr157	False
12346	Reck	False
12347	Glipr2	False
12348	Ccin	False
12349	Clta	False
12350	Gne	False
12351	Gm12504	False
12352	Rnf38	False
12353	Melk	False
12354	Pax5	False
12355	Zcchc7	False
12356	Grhpr	False
12357	Zbtb5	False
12358	Polr1e	False
12359	Fbxo10	False
12360	Tomm5	False
12361	Frmpd1	False
12362	2900093L17Rik	False
12363	Rg9mtd3	False
12364	Exosc3	False
12365	Dcaf10	False
12366	Mcart1	False
12367	Shb	False
12368	Gm829	False
12369	Gm12409	False
12370	Aldh1b1	False
12371	Igfbpl1	False
12372	1300002K09Rik	False
12373	E230008N13Rik	False
12374	Tdrd7	False
12375	Tmod1	False
12376	Tstd2	False
12377	Ncbp1	False
12378	Xpa	False
12379	Foxe1	False
12380	5830415F09Rik	False
12381	Hemgn	False
12382	Anp32b	False
12383	Nans	False
12384	Trim14	False
12385	Coro2a	False
12386	Tbc1d2	False
12387	Gabbr2	False
12388	Anks6	False
12389	Galnt12	False
12390	Col15a1	False
12391	Tgfbr1	False
12392	Alg2	False
12393	Sec61b	False
12394	Nr4a3	False
12395	Stx17	False
12396	Erp44	False
12397	Invs	False
12398	Tex10	False
12399	5730528L13Rik	False
12400	Tmeff1	False
12401	Murc	False
12402	E130309F12Rik	False
12403	Acnat2	False
12404	Acnat1	False
12405	Baat	False
12406	Mrpl50	False
12407	Zfp189	False
12408	Aldob	False
12409	2810432L12Rik	False
12410	Rnf20	False
12411	Grin3a	False
12412	Ppp3r2	False
12413	C630028M04Rik	False
12414	2700081L22Rik	False
12415	Smc2	False
12416	Nipsnap3b	False
12417	Abca1	False
12418	4930522O17Rik	False
12419	AI427809	False
12420	Slc44a1	False
12421	Fsd1l	False
12422	Fktn	False
12423	Tal2	False
12424	Tmem38b	False
12425	Zfp462	False
12426	Rad23b	False
12427	Gm12505	False
12428	Klf4	False
12429	Actl7b	False
12430	Ikbkap	False
12431	BC026590	False
12432	Ctnnal1	False
12433	D730040F13Rik	False
12434	6430704M03Rik	False
12435	Epb4.1l4b	False
12436	Gm12530	False
12437	Ptpn3	False
12438	1700042G15Rik	False
12439	Palm2	False
12440	Akap2	False
12441	D630039A03Rik	False
12442	Txn1	False
12443	Txndc8	False
12444	Svep1	False
12445	Musk	False
12446	Lpar1	False
12447	Olfr267	False
12448	AI314180	False
12449	Zkscan16	False
12450	Ptgr1	False
12451	Dnajc25	False
12452	Gng10	False
12453	Ugcg	False
12454	Susd1	False
12455	Rod1	False
12456	Hsdl2	False
12457	E130308A19Rik	False
12458	1110054O05Rik	False
12459	Snx30	False
12460	Slc46a2	False
12461	Mup4	False
12462	Mup6	False
12463	Mup7	False
12464	Mup15	False
12465	Mup2	False
12466	Mup8	False
12467	Mup9	False
12468	Mup1	False
12469	Mup10	False
12470	Gm2083	False
12471	Mup12	False
12472	Mup13	False
12473	Mup14	False
12474	Mup5	False
12475	Mup20	False
12476	Mup3	False
12477	Mup21	False
12478	Zfp37	False
12479	Slc31a2	False
12480	Fkbp15	False
12481	Slc31a1	False
12482	Cdc26	False
12483	Prpf4	False
12484	Rnf183	False
12485	Wdr31	False
12486	Bspry	False
12487	Hdhd3	False
12488	Alad	False
12489	Pole3	False
12490	4933430I17Rik	False
12491	Rgs3	False
12492	Zfp618	False
12493	Ambp	False
12494	Kif12	False
12495	Col27a1	False
12496	Orm1	False
12497	Orm3	False
12498	Orm2	False
12499	Akna	False
12500	Whrn	False
12501	Atp6v1g1	False
12502	6330416G13Rik	False
12503	Gm11213	False
12504	Tnfsf15	False
12505	Tnfsf8	False
12506	Tnc	False
12507	Pappa	False
12508	Astn2	False
12509	Trim32	False
12510	Tlr4	False
12511	Dbc1	False
12512	Cdk5rap2	False
12513	Megf9	False
12514	Tle1	False
12515	C630043F03Rik	False
12516	Aldoart1	False
12517	Rasef	False
12518	Gm11240	False
12519	2310002L09Rik	False
12520	Frmd3	False
12521	Kdm4c	False
12522	3110001D03Rik	False
12523	Ptprd	False
12524	Tyrp1	False
12525	D4Bwg0951e	False
12526	Mpdz	False
12527	Gm5860	False
12528	Nfib	False
12529	Zdhhc21	False
12530	Cer1	False
12531	Frem1	False
12532	Ttc39b	False
12533	Gm11413	False
12534	Snapc3	False
12535	Psip1	False
12536	4930473A06Rik	False
12537	Bnc2	False
12538	Cntln	False
12539	Sh3gl2	False
12540	Adamtsl1	False
12541	Fam154a	False
12542	Rraga	False
12543	Haus6	False
12544	Plin2	False
12545	Dennd4c	False
12546	Rps6	False
12547	Acer2	False
12548	Slc24a2	False
12549	Mllt3	False
12550	BC057079	False
12551	Ptplad2	False
12552	Ifnb1	False
12553	Ifna13	False
12554	Ifnab	False
12555	Klhl9	False
12556	Gm13286	False
12557	Gm13283	False
12558	Gm13272	False
12559	Ifnz	False
12560	Gm13276	False
12561	Gm13277	False
12562	Gm13275	False
12563	Gm13288	False
12564	Ifne	False
12565	Gm12603	False
12566	Mtap	False
12567	Cdkn2a	False
12568	Cdkn2b	False
12569	Dmrta1	False
12570	Zfp352	False
12571	Elavl2	False
12572	Tusc1	False
12573	5830433M19Rik	False
12574	Plaa	False
12575	Gm12657	False
12576	Ift74	False
12577	Lrrc19	False
12578	Tek	False
12579	4930579C15Rik	False
12580	Mysm1	False
12581	Jun	False
12582	Fggy	False
12583	9530080O11Rik	False
12584	Hook1	False
12585	Cyp2j13	False
12586	Cyp2j12	False
12587	Cyp2j11	False
12588	Cyp2j8	False
12589	Cyp2j6	False
12590	Cyp2j9	False
12591	Cyp2j5	False
12592	Gm12695	False
12593	E130114P18Rik	False
12594	Nfia	False
12595	Tm2d1	False
12596	Inadl	False
12597	L1td1	False
12598	Kank4	False
12599	A730085A09Rik	False
12600	Usp1	False
12601	Dock7	False
12602	Angptl3	False
12603	Atg4c	False
12604	Foxd3	False
12605	Alg6	False
12606	Itgb3bp	False
12607	Efcab7	False
12608	Pgm2	False
12609	Ror1	False
12610	Ube2u	False
12611	Cachd1	False
12612	Raver2	False
12613	Jak1	False
12614	E130102H24Rik	False
12615	0610043K17Rik	False
12616	Ak4	False
12617	Dnajc6	False
12618	Leprot	False
12619	Lepr	False
12620	Pde4b	False
12621	Sgip1	False
12622	Gm12709	False
12623	Tctex1d1	False
12624	BB031773	False
12625	Insl5	False
12626	Wdr78	False
12627	Mier1	False
12628	Slc35d1	False
12629	4921539E11Rik	False
12630	4930456L15Rik	False
12631	Oma1	False
12632	LOC622167	False
12633	Dab1	False
12634	C8b	False
12635	C8a	False
12636	1700024P16Rik	False
12637	Prkaa2	False
12638	Ppap2b	False
12639	Usp24	False
12640	Pcsk9	False
12641	Bsnd	False
12642	Dhcr24	False
12643	BC055111	False
12644	Ttc22	False
12645	Pars2	False
12646	Ttc4	False
12647	Heatr8	False
12648	Fam151a	False
12649	Acot11	False
12650	Ssbp3	False
12651	Mrpl37	False
12652	Cyb5rl	False
12653	2210012G02Rik	False
12654	Tmem59	False
12655	Ldlrad1	False
12656	Lrrc42	False
12657	Hspb11	False
12658	Dio1	False
12659	Yipf1	False
12660	Tmem48	False
12661	Glis1	False
12662	Dmrtb1	False
12663	Lrp8	False
12664	Magoh	False
12665	0610037L13Rik	False
12666	Cpt2	False
12667	Slc1a7	False
12668	Podn	False
12669	Scp2	False
12670	Echdc2	False
12671	Zyg11a	False
12672	Zyg11b	False
12673	2010305A19Rik	False
12674	Fam159a	False
12675	Gpx7	False
12676	Zcchc11	False
12677	Prpf38a	False
12678	Orc1	False
12679	Cc2d1b	False
12680	Zfyve9	False
12681	3110021N24Rik	False
12682	Btf3l4	False
12683	Txndc12	False
12684	Kti12	False
12685	Rab3b	False
12686	8030443G20Rik	False
12687	Nrd1	False
12688	Osbpl9	False
12689	Calr4	False
12690	Eps15	False
12691	Ttc39a	False
12692	Rnf11	False
12693	Cdkn2c	False
12694	Faf1	False
12695	Dmrta2	False
12696	Elavl4	False
12697	Agbl4	False
12698	Bend5	False
12699	Spata6	False
12700	Slc5a9	False
12701	Skint8	False
12702	Skint7	False
12703	Skint1	False
12704	Skint4	False
12705	Skint3	False
12706	Skint9	False
12707	Skint2	False
12708	Skint10	False
12709	Skint6	False
12710	Skint5	False
12711	Skint11	False
12712	Gm12824	False
12713	Gm12830	False
12714	Foxd2	False
12715	9130206I24Rik	False
12716	Cmpk1	False
12717	Stil	False
12718	Tal1	False
12719	Pdzk1ip1	False
12720	Cyp4a12a	False
12721	Cyp4a12b	False
12722	Cyp4a14	False
12723	Cyp4a10	False
12724	Cyp4a31	False
12725	Gm12839	False
12726	Cyp4a32	False
12727	Cyp4b1	False
12728	4732418C07Rik	False
12729	4930544O15Rik	False
12730	Atpaf1	False
12731	Mob3c	False
12732	Mknk1	False
12733	Kncn	False
12734	Dmbx1	False
12735	Faah	False
12736	Nsun4	False
12737	Uqcrh	False
12738	Lrrc41	False
12739	Rad54l	False
12740	1520402A15Rik	False
12741	Pomgnt1	False
12742	Tspan1	False
12743	1700042G07Rik	False
12744	Pik3r3	False
12745	Mast2	False
12746	Ipp	False
12747	Tmem69	False
12748	Gpbp1l1	False
12749	C530005A16Rik	False
12750	Ccdc17	False
12751	Nasp	False
12752	Akr1a1	False
12753	AV051173	False
12754	Prdx1	False
12755	Mmachc	False
12756	Ccdc163	False
12757	Tesk2	False
12758	Toe1	False
12759	Mutyh	False
12760	Hpdl	False
12761	Zswim5	False
12762	Urod	False
12763	Hectd3	False
12764	Eif2b3	False
12765	Ptch2	False
12766	Btbd19	False
12767	Tctex1d4	False
12768	Plk3	False
12769	Rps8	False
12770	Snord55	False
12771	Kif2c	False
12772	Gm1661	False
12773	Tmem53	False
12774	Rnf220	False
12775	Eri3	False
12776	Dmap1	False
12777	Klf17	False
12778	Slc6a9	False
12779	Ccdc24	False
12780	B4galt2	False
12781	Atp6v0b	False
12782	Dph2	False
12783	Ipo13	False
12784	Artn	False
12785	St3gal3	False
12786	Kdm4a	False
12787	Ptprf	False
12788	Hyi	False
12789	Szt2	False
12790	Med8	False
12791	Elovl1	False
12792	Cdc20	False
12793	Mpl	False
12794	Tie1	False
12795	2610528J11Rik	False
12796	Tmem125	False
12797	Wdr65	False
12798	Ebna1bp2	False
12799	D4Ertd617e	False
12800	Lao1	False
12801	Slc2a1	False
12802	Zfp691	False
12803	Ermap	False
12804	Ccdc23	False
12805	4930538K18Rik	False
12806	AU022252	False
12807	Lepre1	False
12808	Cldn19	False
12809	Ybx1	False
12810	Ppih	False
12811	Ccdc30	False
12812	Ppcs	False
12813	Zmynd12	False
12814	Rimkla	False
12815	AA415398	False
12816	Foxj3	False
12817	Guca2a	False
12818	Guca2b	False
12819	Hivep3	False
12820	Edn2	False
12821	Foxo6	False
12822	Scmh1	False
12823	Slfnl1	False
12824	Ctps	False
12825	Gm8439	False
12826	Cited4	False
12827	Kcnq4	False
12828	Nfyc	False
12829	Rims3	False
12830	Dem1	False
12831	Zfp69	False
12832	Smap2	False
12833	Col9a2	False
12834	Zmpste24	False
12835	Tmco2	False
12836	Rlf	False
12837	Gm12888	False
12838	Gm12886	False
12839	Gm12887	False
12840	Ppt1	False
12841	Cap1	False
12842	Mfsd2a	False
12843	Mycl1	False
12844	Trit1	False
12845	Bmp8b	False
12846	Oxct2b	False
12847	Ppie	False
12848	Hpcal4	False
12849	Nt5c1a	False
12850	Heyl	False
12851	Pabpc4	False
12852	Bmp8a	False
12853	Oxct2a	False
12854	Macf1	False
12855	D830031N03Rik	False
12856	Ndufs5	False
12857	Akirin1	False
12858	Rhbdl2	False
12859	Mycbp	False
12860	Rragc	False
12861	4933407E24Rik	False
12862	Pou3f1	False
12863	Utp11l	False
12864	Fhl3	False
12865	Sf3a3	False
12866	Inpp5b	False
12867	Mir698	False
12868	Mtf1	False
12869	1110065P20Rik	False
12870	Yrdc	False
12871	Maneal	False
12872	Epha10	False
12873	Cdca8	False
12874	9930104L06Rik	False
12875	Rspo1	False
12876	Gnl2	False
12877	Dnali1	False
12878	Snip1	False
12879	Meaf6	False
12880	Zc3h12a	False
12881	Grik3	False
12882	2610028E06Rik	False
12883	Csf3r	False
12884	Mrps15	False
12885	Oscp1	False
12886	Lsm10	False
12887	Stk40	False
12888	Fam176b	False
12889	1700029G01Rik	False
12890	Thrap3	False
12891	Mtap7d1	False
12892	Trappc3	False
12893	Col8a2	False
12894	Adprhl2	False
12895	Tekt2	False
12896	Eif2c3	False
12897	Eif2c1	False
12898	Eif2c4	False
12899	Clspn	False
12900	5730409E04Rik	False
12901	Psmb2	False
12902	Tfap2e	False
12903	Ncdn	False
12904	AU040320	False
12905	Zmym4	False
12906	Sfpq	False
12907	Zmym1	False
12908	Zmym6	False
12909	Gm12942	False
12910	Dlgap3	False
12911	BC003266	False
12912	Gja4	False
12913	Gjb3	False
12914	Gjb4	False
12915	Gjb5	False
12916	CK137956	False
12917	Hmgb4	False
12918	Zscan20	False
12919	Tlr12	False
12920	Phc2	False
12921	A3galt2	False
12922	Zfp362	False
12923	Trim62	False
12924	Adc	False
12925	Ak2	False
12926	Rnf19b	False
12927	Tmem54	False
12928	Hpca	False
12929	Fndc5	False
12930	S100pbp	False
12931	Yars	False
12932	C77080	False
12933	Sync	False
12934	Rbbp4	False
12935	Zbtb8os	False
12936	Zbtb8a	False
12937	Zbtb8b	False
12938	Bsdc1	False
12939	Tssk3	False
12940	1700125D06Rik	False
12941	Marcksl1	False
12942	Hdac1	False
12943	Lck	False
12944	Fam167b	False
12945	Eif3i	False
12946	2510006D16Rik	False
12947	Dcdc2b	False
12948	Iqcc	False
12949	Ccdc28b	False
12950	Txlna	False
12951	Kpna6	False
12952	Tmem39b	False
12953	Khdrbs1	False
12954	Ptp4a2	False
12955	E330017L17Rik	False
12956	1700003M07Rik	False
12957	Bai2	False
12958	Col16a1	False
12959	Pef1	False
12960	Hcrtr1	False
12961	Tinagl1	False
12962	Gm853	False
12963	Serinc2	False
12964	Fabp3	False
12965	Zcchc17	False
12966	Snrnp40	False
12967	Nkain1	False
12968	Pum1	False
12969	Sdc3	False
12970	Laptm5	False
12971	Matn1	False
12972	Ptpru	False
12973	Mecr	False
12974	Srsf4	False
12975	Tmem200b	False
12976	Epb4.1	False
12977	Oprd1	False
12978	Ythdf2	False
12979	Rps15a-ps4	False
12980	Gmeb1	False
12981	Rnu11	False
12982	Taf12	False
12983	Rab42-ps	False
12984	Snhg12	False
12985	Snora16a	False
12986	Snora44	False
12987	Trnau1ap	False
12988	Rcc1	False
12989	Snhg3	False
12990	Phactr4	False
12991	Med18	False
12992	Sesn2	False
12993	Atpif1	False
12994	Dnajc8	False
12995	Ptafr	False
12996	Eya3	False
12997	Xkr8	False
12998	Smpdl3b	False
12999	Rpa2	False
13000	BC013712	False
13001	Ppp1r8	False
13002	Stx12	False
13003	Fam76a	False
13004	Fgr	False
13005	Ahdc1	False
13006	Wasf2	False
13007	Gpr3	False
13008	Cd164l2	False
13009	Map3k6	False
13010	Sytl1	False
13011	Tmem222	False
13012	Wdtc1	False
13013	Slc9a1	False
13014	Fam46b	False
13015	Trnp1	False
13016	1810019J16Rik	False
13017	Nudc	False
13018	Nr0b2	False
13019	Gpatch3	False
13020	Gpn2	False
13021	Sfn	False
13022	Zdhhc18	False
13023	Pigv	False
13024	Arid1a	False
13025	Rps6ka1	False
13026	Hmgn2	False
13027	Dhdds	False
13028	Lin28a	False
13029	Aim1l	False
13030	Cd52	False
13031	Ubxn11	False
13032	Sh3bgrl3	False
13033	Ccdc21	False
13034	Gm7534	False
13035	Catsper4	False
13036	Cnksr1	False
13037	Zfp593	False
13038	E130218I03Rik	False
13039	Grrp1	False
13040	Pdik1l	False
13041	Trim63	False
13042	Slc30a2	False
13043	Extl1	False
13044	Pafah2	False
13045	1700021N21Rik	False
13046	Stmn1	False
13047	Paqr7	False
13048	2610002D18Rik	False
13049	Fam54b	False
13050	Sepn1	False
13051	Man1c1	False
13052	Ldlrap1	False
13053	Tmem57	False
13054	Rhd	False
13055	Tmem50a	False
13056	D4Wsu53e	False
13057	Syf2	False
13058	Runx3	False
13059	Clic4	False
13060	Srrm1	False
13061	A330049M08Rik	False
13062	Rcan3	False
13063	Nipal3	False
13064	4930555I21Rik	False
13065	Grhl3	False
13066	1700029M20Rik	False
13067	Il28ra	False
13068	Il22ra1	False
13069	Myom3	False
13070	Srsf10	False
13071	Pnrc2	False
13072	Cnr2	False
13073	Fuca1	False
13074	Hmgcl	False
13075	Gale	False
13076	Lypla2	False
13077	1110049F12Rik	False
13078	Tceb3	False
13079	Rpl11	False
13080	Id3	False
13081	E2f2	False
13082	Asap3	False
13083	Tcea3	False
13084	Zfp46	False
13085	Hnrnpr	False
13086	Htr1d	False
13087	Luzp1	False
13088	Kdm1a	False
13089	4930549C01Rik	False
13090	Lactbl1	False
13091	Ephb2	False
13092	C1qb	False
13093	C1qc	False
13094	C1qa	False
13095	Epha8	False
13096	Zbtb40	False
13097	Gm13003	False
13098	Wnt4	False
13099	Cdc42	False
13100	Gm13011	False
13101	Cela3b	False
13102	1700013G24Rik	False
13103	Hspg2	False
13104	Ldlrad2	False
13105	Usp48	False
13106	Rap1gap	False
13107	Alpl	False
13108	Ece1	False
13109	Eif4g3	False
13110	Hp1bp3	False
13111	Sh2d5	False
13112	Kif17	False
13113	Ddost	False
13114	Pink1	False
13115	Cda	False
13116	Fam43b	False
13117	Mul1	False
13118	Camk2n1	False
13119	Vwa5b1	False
13120	Ubxn10	False
13121	Pla2g2c	False
13122	Pla2g2f	False
13123	Pla2g2d	False
13124	Pla2g5	False
13125	Pla2g2a	False
13126	Pla2g2e	False
13127	Otud3	False
13128	Rnf186	False
13129	Tmco4	False
13130	Htr6	False
13131	Nbl1	False
13132	Minos1	False
13133	Gm16287	False
13134	Capzb	False
13135	Pqlc2	False
13136	Akr7a5	False
13137	Mrto4	False
13138	C230096C10Rik	False
13139	Ubr4	False
13140	Iffo2	False
13141	Aldh4a1	False
13142	Tas1r2	False
13143	Pax7	False
13144	4933427I22Rik	False
13145	Klhdc7a	False
13146	Igsf21	False
13147	Arhgef10l	False
13148	Rcc2	False
13149	Padi6	False
13150	Padi4	False
13151	Padi3	False
13152	Gm13032	False
13153	Padi1	False
13154	4930515B02Rik	False
13155	Padi2	False
13156	Gm13031	False
13157	Sdhb	False
13158	Atp13a2	False
13159	Mfap2	False
13160	Crocc	False
13161	Necap2	False
13162	Spata21	False
13163	D4Ertd22e	False
13164	Fbxo42	False
13165	6330545A04Rik	False
13166	Arhgef19	False
13167	Epha2	False
13168	Fam131c	False
13169	Clcnka	False
13170	Clcnkb	False
13171	Hspb7	False
13172	Gm694	False
13173	Zbtb17	False
13174	Spen	False
13175	B330016D10Rik	False
13176	Fblim1	False
13177	Tmem82	False
13178	AI507597	False
13179	Slc25a34	False
13180	Plekhm2	False
13181	Ddi2	False
13182	Rsc1a1	False
13183	Agmat	False
13184	Dnajc16	False
13185	Casp9	False
13186	Cela2a	False
13187	Ctrc	False
13188	1810035I16Rik	False
13189	Efhd2	False
13190	Fhad1	False
13191	LOC545691	False
13192	Tmem51	False
13193	Gm10565	False
13194	Kazn	False
13195	Prdm2	False
13196	Pdpn	False
13197	Lrrc38	False
13198	Pramef8	False
13199	Oog4	False
13200	Gm13083	False
13201	Pramel4	False
13202	Gm13102	False
13203	Oog3	False
13204	Pramel5	False
13205	Pramef12	False
13206	1700012P22Rik	False
13207	Aadacl3	False
13208	9430007A20Rik	False
13209	Gm13177	False
13210	Gm436	False
13211	Gm13178	False
13212	Gm438	False
13213	Dhrs3	False
13214	Vps13d	False
13215	Tnfrsf1b	False
13216	Tnfrsf8	False
13217	Smarca5-ps	False
13218	Gm13212	False
13219	Gm13242	False
13220	Gm13139	False
13221	1700029I01Rik	False
13222	Gm13238	False
13223	Gm13034	False
13224	Gm13051	False
13225	Zfp600	False
13226	Gm13251	False
13227	Gm13247	False
13228	Rex2	False
13229	4933438K21Rik	False
13230	Gm13152	False
13231	Gm13154	False
13232	2610305D13Rik	False
13233	Zfp534	False
13234	Gm13157	False
13235	Rps19-ps3	False
13236	Zfp933	False
13237	Miip	False
13238	Fv1	False
13239	Mfn2	False
13240	Plod1	False
13241	2510039O18Rik	False
13242	Nppb	False
13243	Nppa	False
13244	Clcn6	False
13245	Mthfr	False
13246	Agtrap	False
13247	2610109H07Rik	False
13248	Mad2l2	False
13249	Fbxo6	False
13250	Fbxo44	False
13251	Fbxo2	False
13252	Ptchd2	False
13253	Ubiad1	False
13254	Mtor	False
13255	Angptl7	False
13256	Exosc10	False
13257	Srm	False
13258	Masp2	False
13259	Tardbp	False
13260	Gm572	False
13261	Casz1	False
13262	Pex14	False
13263	Dffa	False
13264	Cort	False
13265	Apitd1	False
13266	Pgd	False
13267	Kif1b	False
13268	Ube4b	False
13269	Rbp7	False
13270	Nmnat1	False
13271	Lzic	False
13272	Ctnnbip1	False
13273	Clstn1	False
13274	Pik3cd	False
13275	Tmem201	False
13276	Slc25a33	False
13277	Spsb1	False
13278	H6pd	False
13279	Gpr157	False
13280	Slc2a5	False
13281	Slc2a7	False
13282	Car6	False
13283	Eno1	False
13284	Rere	False
13285	Slc45a1	False
13286	1700045H11Rik	False
13287	Errfi1	False
13288	Park7	False
13289	Tnfrsf9	False
13290	Uts2	False
13291	Per3	False
13292	Vamp3	False
13293	Camta1	False
13294	Dnajc11	False
13295	Thap3	False
13296	Phf13	False
13297	Klhl21	False
13298	Zbtb48	False
13299	Tas1r1	False
13300	Nol9	False
13301	Plekhg5	False
13302	Tnfrsf25	False
13303	Espn	False
13304	Hes2	False
13305	Acot7	False
13306	Gpr153	False
13307	Hes3	False
13308	Icmt	False
13309	Rnf207	False
13310	Rpl22	False
13311	Chd5	False
13312	Kcnab2	False
13313	Nphp4	False
13314	Gm833	False
13315	Ajap1	False
13316	BC039966	False
13317	A430005L14Rik	False
13318	Dffb	False
13319	BC046331	False
13320	Lrrc47	False
13321	1190007F08Rik	False
13322	Ccdc27	False
13323	Trp73	False
13324	Wdr8	False
13325	Tprgl	False
13326	Megf6	False
13327	Arhgef16	False
13328	Prdm16	False
13329	5930403L14Rik	False
13330	Ttc34	False
13331	Mmel1	False
13332	2810405K02Rik	False
13333	Tnfrsf14	False
13334	Hes5	False
13335	Pank4	False
13336	Plch2	False
13337	Pex10	False
13338	Rer1	False
13339	Morn1	False
13340	Ski	False
13341	2610002J02Rik	False
13342	Prkcz	False
13343	Gabrd	False
13344	2010015L04Rik	False
13345	Tmem52	False
13346	Gnb1	False
13347	Nadk	False
13348	Slc35e2	False
13349	Gm16023	False
13350	Cdk11b	False
13351	Mmp23	False
13352	Mib2	False
13353	B930041F14Rik	False
13354	Ssu72	False
13355	Gm5151	False
13356	Atad3a	False
13357	2610204G22Rik	False
13358	Vwa1	False
13359	Tmem88b	False
13360	Mrpl20	False
13361	Ccnl2	False
13362	Aurkaip1	False
13363	Mxra8	False
13364	Dvl1	False
13365	Tas1r3	False
13366	Gltpd1	False
13367	Cpsf3l	False
13368	Pusl1	False
13369	Acap3	False
13370	Ube2j2	False
13371	Fam132a	False
13372	B3galt6	False
13373	Sdf4	False
13374	Tnfrsf4	False
13375	Gm10560	False
13376	Tnfrsf18	False
13377	Ttll10	False
13378	9430015G10Rik	False
13379	9930005F22Rik	False
13380	Agrn	False
13381	Isg15	False
13382	AW011738	False
13383	2310042D19Rik	False
13384	Plekhn1	False
13385	Klhl17	False
13386	Noc2l	False
13387	Samd11	False
13388	Dhrsx	False
13389	Vmn2r122	False
13390	Cdk6	False
13391	Fam133b	False
13392	1700109H08Rik	False
13393	C030048B08Rik	False
13394	Pex1	False
13395	Gatad1	False
13396	4930511M11Rik	False
13397	Ankib1	False
13398	Krit1	False
13399	4932412H11Rik	False
13400	Mterf	False
13401	Akap9	False
13402	Cyp51	False
13403	Gm9897	False
13404	Fzd1	False
13405	Cdk14	False
13406	1700015F17Rik	False
13407	Cldn12	False
13408	Gtpbp10	False
13409	Gm8773	False
13410	A330021E22Rik	False
13411	Steap2	False
13412	Steap1	False
13413	Zfp804b	False
13414	Steap4	False
13415	Sri	False
13416	Adam22	False
13417	Dbf4	False
13418	Slc25a40	False
13419	Rundc3b	False
13420	Abcb1a	False
13421	Abcb1b	False
13422	Abcb4	False
13423	Crot	False
13424	4930420K17Rik	False
13425	Dmtf1	False
13426	9330182L06Rik	False
13427	Grm3	False
13428	Gm6455	False
13429	Speer1-ps1	False
13430	Gm6460	False
13431	1700003C15Rik	False
13432	4933402N22Rik	False
13433	Sema3d	False
13434	Sema3a	False
13435	Speer3	False
13436	Sema3e	False
13437	Pclo	False
13438	Gm9758	False
13439	Speer4e	False
13440	Speer8-ps1	False
13441	Gm17019	False
13442	Speer4d	False
13443	Speer7-ps1	False
13444	4930519H02Rik	False
13445	Cacna2d1	False
13446	Hgf	False
13447	Speer4f	False
13448	Sema3c	False
13449	Cd36	False
13450	Gnat3	False
13451	Gnai1	False
13452	Magi2	False
13453	Phtf2	False
13454	Tmem60	False
13455	Rsbn1l	False
13456	A630072M18Rik	False
13457	Ptpn12	False
13458	Pion	False
13459	Ccdc146	False
13460	Fgl2	False
13461	Fam185a	False
13462	Fbxl13	False
13463	Lrrc17	False
13464	Armc10	False
13465	Napepld	False
13466	Pmpcb	False
13467	Dnajc2	False
13468	Psmc2	False
13469	Slc26a5	False
13470	Reln	False
13471	Orc5	False
13472	Gm15421	False
13473	A930003O13Rik	False
13474	Lhfpl3	False
13475	5031425E22Rik	False
13476	Mll5	False
13477	Srpk2	False
13478	AI506816	False
13479	Mir3096	False
13480	Pus7	False
13481	Rint1	False
13482	Tomm7	False
13483	2700038G22Rik	False
13484	Mir3096b	False
13485	Fam126a	False
13486	Klhl7	False
13487	Nupl2	False
13488	Kcnh2	False
13489	Nos3	False
13490	Atg9b	False
13491	Abcb8	False
13492	Accn3	False
13493	Cdk5	False
13494	Slc4a2	False
13495	Fastk	False
13496	Tmub1	False
13497	Agap3	False
13498	Gbx1	False
13499	Asb10	False
13500	4931409K22Rik	False
13501	Abcf2	False
13502	Chpf2	False
13503	Smarcd3	False
13504	Nub1	False
13505	Wdr86	False
13506	Crygn	False
13507	Rheb	False
13508	Prkag2	False
13509	4933426D04Rik	False
13510	2900005J15Rik	False
13511	Galntl5	False
13512	Galnt11	False
13513	Mll3	False
13514	4831440E17Rik	False
13515	Cct8l1	False
13516	1700096K18Rik	False
13517	Xrcc2	False
13518	Actr3b	False
13519	Speer4a	False
13520	Gm10471	False
13521	5031410I06Rik	False
13522	Gm10220	False
13523	4930584F24Rik	False
13524	Dpp6	False
13525	Paxip1	False
13526	Htr5a	False
13527	Insig1	False
13528	En2	False
13529	Cnpy1	False
13530	Rbm33	False
13531	Shh	False
13532	9530036O11Rik	False
13533	Rnf32	False
13534	Lmbr1	False
13535	Nom1	False
13536	Mnx1	False
13537	Ube3c	False
13538	Gm5129	False
13539	Dnajb6	False
13540	Il6	False
13541	Tyms	False
13542	Gm4961	False
13543	3110082J24Rik	False
13544	Fam59b	False
13545	Hadha	False
13546	Hadhb	False
13547	Gpr113	False
13548	Ept1	False
13549	Ccdc164	False
13550	Otof	False
13551	1700001C02Rik	False
13552	Cib4	False
13553	Gm9899	False
13554	Kcnk3	False
13555	4930471M23Rik	False
13556	Cenpa	False
13557	Dpysl5	False
13558	Mapre3	False
13559	Tmem214	False
13560	Agbl5	False
13561	Ost4	False
13562	Emilin1	False
13563	Khk	False
13564	Cgref1	False
13565	Abhd1	False
13566	Preb	False
13567	Tcf23	False
13568	Slc5a6	False
13569	0610007C21Rik	False
13570	Cad	False
13571	Slc30a3	False
13572	Trim54	False
13573	Ucn	False
13574	Mpv17	False
13575	Gtf3c2	False
13576	Eif2b4	False
13577	Snx17	False
13578	Zfp513	False
13579	Ppm1g	False
13580	Nrbp1	False
13581	Krtcap3	False
13582	Ift172	False
13583	Fndc4	False
13584	Gckr	False
13585	Zfp512	False
13586	4930548H24Rik	False
13587	Gpn1	False
13588	Supt7l	False
13589	Slc4a1ap	False
13590	Mrpl33	False
13591	Rbks	False
13592	Bre	False
13593	Fosl2	False
13594	Plb1	False
13595	Ppp1cb	False
13596	Yes1	False
13597	Pisd	False
13598	C330019G07Rik	False
13599	Depdc5	False
13600	Ywhah	False
13601	Slc5a1	False
13602	Spon2	False
13603	Ctbp1	False
13604	Maea	False
13605	4933407H18Rik	False
13606	Fam53a	False
13607	Slbp	False
13608	Tmem129	False
13609	Tacc3	False
13610	Fgfr3	False
13611	Letm1	False
13612	Whsc1	False
13613	Whsc2	False
13614	Gm1673	False
13615	Nat8l	False
13616	Poln	False
13617	4930557J02Rik	False
13618	Haus3	False
13619	Mxd4	False
13620	Zfyve28	False
13621	Rnf4	False
13622	Fam193a	False
13623	Tnip2	False
13624	Sh3bp2	False
13625	Add1	False
13626	Mfsd10	False
13627	Nop14	False
13628	Grk4	False
13629	Htt	False
13630	A930005I04Rik	False
13631	Rgs12	False
13632	Hgfac	False
13633	Dok7	False
13634	Lrpap1	False
13635	Adra2c	False
13636	4930478P22Rik	False
13637	Cpz	False
13638	2310079F23Rik	False
13639	4931431C16Rik	False
13640	Acox3	False
13641	Htra3	False
13642	Sh3tc1	False
13643	Ablim2	False
13644	Afap1	False
13645	Sorcs2	False
13646	Psapl1	False
13647	Grpel1	False
13648	Tada2b	False
13649	Ccdc96	False
13650	Tbc1d14	False
13651	D5Ertd579e	False
13652	Cno	False
13653	Mrfap1	False
13654	Man2b2	False
13655	Ppp2r2c	False
13656	Wfs1	False
13657	Jakmip1	False
13658	Crmp1	False
13659	Evc	False
13660	Evc2	False
13661	Stk32b	False
13662	Cytl1	False
13663	Msx1	False
13664	Msx1as	False
13665	Stx18	False
13666	Nsg1	False
13667	Zbtb49	False
13668	Lyar	False
13669	Tmem128	False
13670	Otop1	False
13671	Drd5	False
13672	4930487D11Rik	False
13673	Slc2a9	False
13674	Wdr1	False
13675	Zfp518b	False
13676	Clnk	False
13677	4930513D17Rik	False
13678	Hs3st1	False
13679	Rab28	False
13680	Nkx3-2	False
13681	Bod1l	False
13682	Gm7854	False
13683	Cpeb2	False
13684	C1qtnf7	False
13685	Cc2d2a	False
13686	Fbxl5	False
13687	Bst1	False
13688	Cd38	False
13689	Fgfbp1	False
13690	Prom1	False
13691	Tapt1	False
13692	Ldb2	False
13693	Qdpr	False
13694	Lap3	False
13695	Med28	False
13696	Fam184b	False
13697	Ncapg	False
13698	Lcorl	False
13699	Gm3414	False
13700	Slit2	False
13701	Mir218-1	False
13702	Pacrgl	False
13703	Kcnip4	False
13704	5730480H06Rik	False
13705	Gpr125	False
13706	4930448I18Rik	False
13707	Ppargc1a	False
13708	Dhx15	False
13709	9230114K14Rik	False
13710	C130083M11Rik	False
13711	Sod3	False
13712	Ccdc149	False
13713	Lgi2	False
13714	8030423F21Rik	False
13715	Sepsecs	False
13716	Pi4k2b	False
13717	Zcchc4	False
13718	Anapc4	False
13719	5033403H07Rik	False
13720	Slc34a2	False
13721	Sel1l3	False
13722	1810013D10Rik	False
13723	Rbpj	False
13724	Cckar	False
13725	Tbc1d19	False
13726	Stim2	False
13727	Gm10440	False
13728	4932441J04Rik	False
13729	Pcdh7	False
13730	G6pd2	False
13731	Arap2	False
13732	Gm17384	False
13733	3110047P20Rik	False
13734	0610040J01Rik	False
13735	Rell1	False
13736	5830416I19Rik	False
13737	Pgm1	False
13738	Tbc1d1	False
13739	1700027F09Rik	False
13740	C030018K13Rik	False
13741	Gm3716	False
13742	Klf3	False
13743	Tlr1	False
13744	Tlr6	False
13745	Fam114a1	False
13746	Klhl5	False
13747	Wdr19	False
13748	Rfc1	False
13749	Klb	False
13750	Rpl9	False
13751	Lias	False
13752	Ugdh	False
13753	1110003E01Rik	False
13754	Ube2k	False
13755	Pds5a	False
13756	N4bp2	False
13757	Rhoh	False
13758	Chrna9	False
13759	9130230L23Rik	False
13760	Rbm47	False
13761	Nsun7	False
13762	Apbb2	False
13763	Uchl1	False
13764	Limch1	False
13765	Phox2b	False
13766	Tmem33	False
13767	Slc30a9	False
13768	Bend4	False
13769	C330024D21Rik	False
13770	Shisa3	False
13771	Atp8a1	False
13772	4930425K10Rik	False
13773	Gm5108	False
13774	Grxcr1	False
13775	Kctd8	False
13776	Yipf7	False
13777	Guf1	False
13778	Gnpda2	False
13779	Gabrg1	False
13780	Gabra2	False
13781	Cox7b2	False
13782	Gabra4	False
13783	Gabrb1	False
13784	Commd8	False
13785	Atp10d	False
13786	Corin	False
13787	Nfxl1	False
13788	Zar1	False
13789	Gm5868	False
13790	Cnga1	False
13791	Nipal1	False
13792	Txk	False
13793	Tec	False
13794	Slain2	False
13795	Slc10a4	False
13796	Fryl	False
13797	1700025M24Rik	False
13798	Ociad1	False
13799	Ociad2	False
13800	Cwh43	False
13801	Dcun1d4	False
13802	Lrrc66	False
13803	Sgcb	False
13804	Spata18	False
13805	Usp46	False
13806	2700023E23Rik	False
13807	Rasl11b	False
13808	Scfd2	False
13809	Fip1l1	False
13810	Lnx1	False
13811	Gm6116	False
13812	Chic2	False
13813	Gsx2	False
13814	Pdgfra	False
13815	Kit	False
13816	Kdr	False
13817	Srd5a3	False
13818	Tmem165	False
13819	Clock	False
13820	Pdcl2	False
13821	Nmu	False
13822	Exoc1	False
13823	Cep135	False
13824	C530008M17Rik	False
13825	Aasdh	False
13826	Ppat	False
13827	Paics	False
13828	Srp72	False
13829	Arl9	False
13830	1700023E05Rik	False
13831	Hopx	False
13832	Spink2	False
13833	Rest	False
13834	Noa1	False
13835	Polr2b	False
13836	Igfbp7	False
13837	Lphn3	False
13838	Tecrl	False
13839	Epha5	False
13840	Cenpc1	False
13841	Stap1	False
13842	Uba6	False
13843	Gnrhr	False
13844	Tmprss11c	False
13845	Tmprss11d	False
13846	Tmprss11a	False
13847	Tmprss11g	False
13848	Tmprss11f	False
13849	Tmprss11bnl	False
13850	Tmprss11e	False
13851	Ythdc1	False
13852	Ugt2b34	False
13853	Ugt2b1	False
13854	Ugt2b35	False
13855	Ugt2b36	False
13856	Ugt2b5	False
13857	Ugt2b37	False
13858	Ugt2a3	False
13859	Ugt2b38	False
13860	Sult1b1	False
13861	Sult1d1	False
13862	Sult1e1	False
13863	Csn1s1	False
13864	Csn2	False
13865	Csn1s2a	False
13866	Csn1s2b	False
13867	Gm7337	False
13868	Odam	False
13869	Csn3	False
13870	4931407G18Rik	False
13871	Smr3a	False
13872	Smr2	False
13873	Prol1	False
13874	Amtn	False
13875	Ambn	False
13876	Enam	False
13877	Igj	False
13878	Utp3	False
13879	Rufy3	False
13880	Grsf1	False
13881	Mob1b	False
13882	Dck	False
13883	Slc4a4	False
13884	Gc	False
13885	Npffr2	False
13886	Adamts3	False
13887	Cox18	False
13888	Ankrd17	False
13889	Gm9958	False
13890	Alb	False
13891	Afp	False
13892	Afm	False
13893	5830473C10Rik	False
13894	Rassf6	False
13895	Cxcl5	False
13896	Ppbp	False
13897	Pf4	False
13898	Cxcl3	False
13899	Cxcl15	False
13900	Cxcl1	False
13901	Cxcl2	False
13902	Mthfd2l	False
13903	Epgn	False
13904	Ereg	False
13905	Areg	False
13906	Gm19619	False
13907	Btc	False
13908	Parm1	False
13909	1700063O14Rik	False
13910	Rchy1	False
13911	Thap6	False
13912	Gm1045	False
13913	Cdkl2	False
13914	G3bp2	False
13915	Uso1	False
13916	U90926	False
13917	Ppef2	False
13918	Naaa	False
13919	Sdad1	False
13920	Cxcl9	False
13921	Art3	False
13922	Cxcl10	False
13923	Cxcl11	False
13924	Nup54	False
13925	Scarb2	False
13926	Fam47e	False
13927	Stbd1	False
13928	Ccdc158	False
13929	Shroom3	False
13930	Mir1961	False
13931	Sowahb	False
13932	Sept11	False
13933	Ccni	False
13934	2010109A12Rik	False
13935	Ccng2	False
13936	C87414	False
13937	A430089I19Rik	False
13938	AA792892	False
13939	Gm6367	False
13940	Cxcl13	False
13941	Cnot6l	False
13942	Mrpl1	False
13943	Fras1	False
13944	Anxa3	False
13945	Bmp2k	False
13946	Paqr3	False
13947	Naa11	False
13948	4930467D21Rik	False
13949	Antxr2	False
13950	Prdm8	False
13951	Fgf5	False
13952	1700007G11Rik	False
13953	Mir703	False
13954	Bmp3	False
13955	Prkg2	False
13956	Rasgef1b	False
13957	A930011G23Rik	False
13958	Hnrnpd	False
13959	Hnrpdl	False
13960	Enoph1	False
13961	Tmem150c	False
13962	5830403M04Rik	False
13963	2310034O05Rik	False
13964	Sec31a	False
13965	5430416N02Rik	False
13966	Lin54	False
13967	Cops4	False
13968	Plac8	False
13969	Coq2	False
13970	Hpse	False
13971	Helq	False
13972	Mrps18c	False
13973	Fam175a	False
13974	Agpat9	False
13975	Nkx6-1	False
13976	Cds1	False
13977	Wdfy3	False
13978	Arhgap24	False
13979	Mapk10	False
13980	4930429D17Rik	False
13981	Ptpn13	False
13982	Slc10a6	False
13983	1700016H13Rik	False
13984	Aff1	False
13985	Klhl8	False
13986	Hsd17b13	False
13987	Hsd17b11	False
13988	Nudt9	False
13989	Gm17660	False
13990	Sparcl1	False
13991	Dmp1	False
13992	Ibsp	False
13993	Mepe	False
13994	Spp1	False
13995	Pkd2	False
13996	BC005561	False
13997	D930016D06Rik	False
13998	Zfp951	False
13999	Abcg3	False
14000	Gbp8	False
14001	Gbp9	False
14002	Gbp4	False
14003	Gbp10	False
14004	Gbp6	False
14005	Gbp11	False
14006	Lrrc8b	False
14007	Lrrc8c	False
14008	Lrrc8d	False
14009	Zfp326	False
14010	Barhl2	False
14011	Zfp644	False
14012	Hfm1	False
14013	Cdc7	False
14014	Tgfbr3	False
14015	Brdt	False
14016	Ephx4	False
14017	Lpcat2b	False
14018	Btbd8	False
14019	A830010M20Rik	False
14020	1700028K03Rik	False
14021	Glmn	False
14022	Rpap2	False
14023	A930041C12Rik	False
14024	4930428O21Rik	False
14025	Gfi1	False
14026	Evi5	False
14027	1700013N18Rik	False
14028	Rpl5	False
14029	Fam69a	False
14030	Mtf2	False
14031	Tmed5	False
14032	Ccdc18	False
14033	Dr1	False
14034	Pigg	False
14035	Pde6b	False
14036	Atp5k	False
14037	Mfsd7a	False
14038	Pcgf3	False
14039	Cplx1	False
14040	Gak	False
14041	Tmem175	False
14042	Dgkq	False
14043	Idua	False
14044	Slc26a1	False
14045	Fgfrl1	False
14046	1700047L14Rik	False
14047	Tmed11	False
14048	Crlf2	False
14049	Gm10416	False
14050	LOC100642166	False
14051	Zfp932	False
14052	Plcxd1	False
14053	Gtpbp6	False
14054	Zfp605	False
14055	Chfr	False
14056	Gm15787	False
14057	Golga3	False
14058	Ankle2	False
14059	Pgam5	False
14060	Pxmp2	False
14061	Pole	False
14062	P2rx2	False
14063	Gm1679	False
14064	Fbrsl1	False
14065	Galnt9	False
14066	Noc4l	False
14067	Ddx51	False
14068	Ep400	False
14069	Pus1	False
14070	Ulk1	False
14071	Hscb	False
14072	Chek2	False
14073	Ttc28	False
14074	Pitpnb	False
14075	Mn1	False
14076	C130026L21Rik	False
14077	E130006D01Rik	False
14078	1700028D13Rik	False
14079	Miat	False
14080	Cryba4	False
14081	Crybb1	False
14082	Tpst2	False
14083	Tfip11	False
14084	Srrd	False
14085	Hps4	False
14086	Gm6583	False
14087	Asphd2	False
14088	Sez6l	False
14089	Gm6588	False
14090	Myo18b	False
14091	Adrbk2	False
14092	Crybb2	False
14093	Crybb3	False
14094	2900026A02Rik	False
14095	Tmem211	False
14096	Sgsm1	False
14097	Aym1	False
14098	Wscd2	False
14099	Cmklr1	False
14100	1700069L16Rik	False
14101	Ficd	False
14102	Sart3	False
14103	Iscu	False
14104	Tmem119	False
14105	Selplg	False
14106	Coro1c	False
14107	Ssh1	False
14108	Dao	False
14109	Svop	False
14110	Usp30	False
14111	Alkbh2	False
14112	Ung	False
14113	Acacb	False
14114	Foxn4	False
14115	Myo1h	False
14116	Kctd10	False
14117	Ube3b	False
14118	Mmab	False
14119	Mvk	False
14120	BC057022	False
14121	Trpv4	False
14122	Gltp	False
14123	Tchp	False
14124	Git2	False
14125	4930515G01Rik	False
14126	Ankrd13a	False
14127	1500011B03Rik	False
14128	2610524H06Rik	False
14129	4930519G04Rik	False
14130	Oasl2	False
14131	Oasl1	False
14132	2210016L21Rik	False
14133	Hnf1a	False
14134	Sppl3	False
14135	Acads	False
14136	Unc119b	False
14137	Mlec	False
14138	Cabp1	False
14139	Pop5	False
14140	Rnf10	False
14141	Coq5	False
14142	Dynll1	False
14143	Srsf9	False
14144	Gatc	False
14145	Triap1	False
14146	Cox6a1	False
14147	Msi1	False
14148	Pla2g1b	False
14149	Sirt4	False
14150	Pxn	False
14151	Rplp0	False
14152	Gcn1l1	False
14153	1110006O24Rik	False
14154	Rab35	False
14155	Ccdc64	False
14156	Cit	False
14157	Prkab1	False
14158	Tmem233	False
14159	Ccdc60	False
14160	Hspb8	False
14161	2410137F16Rik	False
14162	Srrm4	False
14163	Suds3	False
14164	Taok3	False
14165	Pebp1	False
14166	Vsig10	False
14167	Wsb2	False
14168	Rfc5	False
14169	Ksr2	False
14170	Nos1	False
14171	Fbxo21	False
14172	Tesc	False
14173	Fbxw8	False
14174	Hrk	False
14175	Rnft2	False
14176	2410131K14Rik	False
14177	Med13l	False
14178	Gm7538	False
14179	AW549542	False
14180	G630008E18	False
14181	Tbx3	False
14182	LOC433944	False
14183	Tbx5	False
14184	Rbm19	False
14185	Gm10390	False
14186	Lhx5	False
14187	Sdsl	False
14188	Sds	False
14189	Plbd2	False
14190	Slc24a6	False
14191	Tpcn1	False
14192	Iqcd	False
14193	1110008J03Rik	False
14194	Ddx54	False
14195	Ccdc42b	False
14196	Rasal1	False
14197	Dtx1	False
14198	Oas2	False
14199	Oas3	False
14200	Oas1e	False
14201	Oas1c	False
14202	Oas1b	False
14203	Oas1f	False
14204	Oas1g	False
14205	Oas1a	False
14206	Oas1d	False
14207	Rph3a	False
14208	Ptpn11	False
14209	Rpl6	False
14210	Gm15800	False
14211	Trafd1	False
14212	Naa25	False
14213	Erp29	False
14214	Tmem116	False
14215	Adam1b	False
14216	Adam1a	False
14217	Mapkapk5	False
14218	Aldh2	False
14219	Acad12	False
14220	Acad10	False
14221	Brap	False
14222	Atxn2	False
14223	Sh2b3	False
14224	Fam109a	False
14225	Cux2	False
14226	Myl2	False
14227	Ccdc63	False
14228	Ppp1cc	False
14229	Hvcn1	False
14230	Tctn1	False
14231	Pptc7	False
14232	Rad9b	False
14233	Vps29	False
14234	1500011H22Rik	False
14235	Gpn3	False
14236	Arpc3	False
14237	Anapc7	False
14238	Atp2a2	False
14239	Ift81	False
14240	P2rx7	False
14241	P2rx4	False
14242	Camkk2	False
14243	Anapc5	False
14244	Rnf34	False
14245	Kdm2b	False
14246	A930024E05Rik	False
14247	Orai1	False
14248	Morn3	False
14249	Tmem120b	False
14250	Rhof	False
14251	Hpd	False
14252	Psmd9	False
14253	Bcl7a	False
14254	Mlxip	False
14255	Il31	False
14256	Lrrc43	False
14257	B3gnt4	False
14258	Diablo	False
14259	Vps33a	False
14260	Clip1	False
14261	Zcchc8	False
14262	Rsrc2	False
14263	Kntc1	False
14264	Niacr1	False
14265	Gpr81	False
14266	Denr	False
14267	Ccdc62	False
14268	Hip1r	False
14269	Vps37b	False
14270	Abcb9	False
14271	Ogfod2	False
14272	Arl6ip4	False
14273	Pitpnm2	False
14274	4930568K20Rik	False
14275	Mphosph9	False
14276	2810006K23Rik	False
14277	Cdk2ap1	False
14278	Sbno1	False
14279	Setd8	False
14280	Rilpl2	False
14281	Snrnp35	False
14282	Rilpl1	False
14283	Tmed2	False
14284	Ddx55	False
14285	Eif2b1	False
14286	Gtf2h3	False
14287	Tctn2	False
14288	Atp6v0a2	False
14289	Dnahc10	False
14290	Ccdc92	False
14291	Zfp664	False
14292	Fam101a	False
14293	Ncor2	False
14294	Scarb1	False
14295	Ubc	False
14296	Dhx37	False
14297	Bri3bp	False
14298	Aacs	False
14299	Tmem132b	False
14300	Tmem132c	False
14301	Slc15a4	False
14302	Glt1d1	False
14303	Tmem132d	False
14304	5930412G12Rik	False
14305	Fzd10	False
14306	Piwil1	False
14307	Rimbp2	False
14308	Stx2	False
14309	Ran	False
14310	Gpr133	False
14311	Sfswap	False
14312	Mmp17	False
14313	Zfp11	False
14314	Mrps17	False
14315	Gbas	False
14316	Psph	False
14317	Cct6a	False
14318	Snora15	False
14319	Sumf2	False
14320	Phkg1	False
14321	Chchd2	False
14322	2410018M08Rik	False
14323	4930579G22Rik	False
14324	Vkorc1l1	False
14325	Gusb	False
14326	Asl	False
14327	Crcp	False
14328	Tpst1	False
14329	Kctd7	False
14330	Rabgef1	False
14331	0610007L01Rik	False
14332	Sbds	False
14333	Tyw1	False
14334	Caln1	False
14335	Wbscr17	False
14336	Auts2	False
14337	Gatsl2	False
14338	Wbscr16	False
14339	Gtf2ird2	False
14340	Ncf1	False
14341	Gtf2i	False
14342	Gtf2ird1	False
14343	Clip2	False
14344	Syna	False
14345	Rfc2	False
14346	Lat2	False
14347	Eif4h	False
14348	Limk1	False
14349	Eln	False
14350	Wbscr28	False
14351	Cldn13	False
14352	Wbscr27	False
14353	Cldn4	False
14354	Cldn3	False
14355	Wbscr25	False
14356	Abhd11	False
14357	2010001M06Rik	False
14358	Stx1a	False
14359	Wbscr22	False
14360	Dnajc30	False
14361	Vps37d	False
14362	Mlxipl	False
14363	Tbl2	False
14364	Bcl7b	False
14365	Baz1b	False
14366	Fzd9	False
14367	Fkbp6	False
14368	Trim50	False
14369	Nsun5	False
14370	Pom121	False
14371	Hip1	False
14372	Ccl24	False
14373	Rhbdd2	False
14374	Por	False
14375	Tmem120a	False
14376	Styxl1	False
14377	Mdh2	False
14378	Srrm3	False
14379	Hspb1	False
14380	Ywhag	False
14381	Srcrb4d	False
14382	Zp3	False
14383	Dtx2	False
14384	Upk3b	False
14385	2310043J07Rik	False
14386	Rasa4	False
14387	Polr2j	False
14388	Lrwd1	False
14389	Alkbh4	False
14390	Orai2	False
14391	Prkrip1	False
14392	Sh2b2	False
14393	Cux1	False
14394	Myl10	False
14395	Emid2	False
14396	Rabl5	False
14397	4933404O12Rik	False
14398	Fis1	False
14399	Cldn15	False
14400	Znhit1	False
14401	Plod3	False
14402	Vgf	False
14403	Ap1s1	False
14404	Serpine1	False
14405	Trim56	False
14406	Ache	False
14407	Ufsp1	False
14408	Srrt	False
14409	Trip6	False
14410	Slc12a9	False
14411	Ephb4	False
14412	Zan	False
14413	Pop7	False
14414	Gigyf1	False
14415	Gnb2	False
14416	Actl6b	False
14417	Tfr2	False
14418	Mospd3	False
14419	Pcolce	False
14420	Fbxo24	False
14421	Lrch4	False
14422	Gm20605	False
14423	Sap25	False
14424	Irs3	False
14425	Agfg2	False
14426	6430598A04Rik	False
14427	Tsc22d4	False
14428	Ppp1r35	False
14429	Mepce	False
14430	Zcwpw1	False
14431	Pilra	False
14432	Pilrb1	False
14433	Pilrb2	False
14434	Cyp3a13	False
14435	Gjc3	False
14436	Azgp1	False
14437	Smok3a	False
14438	Smok3b	False
14439	Zkscan1	False
14440	Zscan21	False
14441	Zfp113	False
14442	Cops6	False
14443	Mcm7	False
14444	Ap4m1	False
14445	Taf6	False
14446	Cnpy4	False
14447	Mblac1	False
14448	BC055004	False
14449	0910001L09Rik	False
14450	BC037034	False
14451	6330418K02Rik	False
14452	Gal3st4	False
14453	Gpc2	False
14454	Stag3	False
14455	Zfp157	False
14456	Zfp68	False
14457	A430033K04Rik	False
14458	Fam20c	False
14459	Gm5294	False
14460	Pdgfa	False
14461	Prkar1b	False
14462	Heatr2	False
14463	Sun1	False
14464	Get4	False
14465	Adap1	False
14466	Cox19	False
14467	Cyp2w1	False
14468	3110082I17Rik	False
14469	Mir339	False
14470	D830046C22Rik	False
14471	Gpr146	False
14472	C130050O18Rik	False
14473	Gpr30	False
14474	Zfand2a	False
14475	4930500L23Rik	False
14476	Uncx	False
14477	Micall2	False
14478	Ints1	False
14479	Mafk	False
14480	Tmem184a	False
14481	Psmg3	False
14482	Elfn1	False
14483	Mad1l1	False
14484	Ftsj2	False
14485	Nudt1	False
14486	Snx8	False
14487	Eif3b	False
14488	Chst12	False
14489	Grifin	False
14490	Lfng	False
14491	Ttyh3	False
14492	Iqce	False
14493	Baat1	False
14494	Amz1	False
14495	Gna12	False
14496	Card11	False
14497	Sdk1	False
14498	Foxk1	False
14499	C330006K01Rik	False
14500	Radil	False
14501	Papolb	False
14502	Mmd2	False
14503	Wipi2	False
14504	Slc29a4	False
14505	Tnrc18	False
14506	Fbxl18	False
14507	Actb	False
14508	Fscn1	False
14509	Rnf216	False
14510	Gm3925	False
14511	Rbak	False
14512	4933411G11Rik	False
14513	Spdyb	False
14514	Zfp12	False
14515	Zfp316	False
14516	E130309D02Rik	False
14517	Zdhhc4	False
14518	0610040B10Rik	False
14519	Grid2ip	False
14520	Kdelr2	False
14521	Daglb	False
14522	Rac1	False
14523	2810453I06Rik	False
14524	Cyth3	False
14525	Usp42	False
14526	D130017N08Rik	False
14527	Eif2ak1	False
14528	Ankrd61	False
14529	Aimp2	False
14530	Pms2	False
14531	Ccz1	False
14532	Ocm	False
14533	Lmtk2	False
14534	Bhlha15	False
14535	Tecpr1	False
14536	Bri3	False
14537	Baiap2l1	False
14538	Gm15708	False
14539	Nptx2	False
14540	Tmem130	False
14541	Trrap	False
14542	Smurf1	False
14543	Kpna7	False
14544	1700018F24Rik	False
14545	Arpc1a	False
14546	Arpc1b	False
14547	Pdap1	False
14548	Bud31	False
14549	Ptcd1	False
14550	Cpsf4	False
14551	Atp5j2	False
14552	Zkscan14	False
14553	Zkscan5	False
14554	Zfp655	False
14555	Zfp498	False
14556	Cyp3a57	False
14557	Cyp3a16	False
14558	Cyp3a41a	False
14559	Cyp3a44	False
14560	Cyp3a11	False
14561	Cyp3a25	False
14562	Cyp3a59	False
14563	1700001J03Rik	False
14564	Rnf6	False
14565	Cdk8	False
14566	Wasf3	False
14567	Gm6408	False
14568	Gm6370	False
14569	Gpr12	False
14570	Usp12	False
14571	Rpl21	False
14572	Rasl11a	False
14573	Gtf3a	False
14574	Mtif3	False
14575	Lnx2	False
14576	Polr1d	False
14577	Gsx1	False
14578	2210019I11Rik	False
14579	Pdx1	False
14580	Cdx2	False
14581	Prhoxnb	False
14582	Flt3	False
14583	D5Ertd605e	False
14584	Pan3	False
14585	Flt1	False
14586	Pomp	False
14587	Slc46a3	False
14588	Mtus2	False
14589	Slc7a1	False
14590	Ubl3	False
14591	2210417A02Rik	False
14592	Katnal1	False
14593	8430423G03Rik	False
14594	Gm15408	False
14595	Hmgb1	False
14596	5730422E09Rik	False
14597	Gm8615	False
14598	Uspl1	False
14599	Alox5ap	False
14600	6330406I15Rik	False
14601	4930588N13Rik	False
14602	Gm15997	False
14603	Wdr95	False
14604	Hsph1	False
14605	B3galtl	False
14606	4930500F04Rik	False
14607	Rxfp2	False
14608	Fry	False
14609	Gm5	False
14610	Zar1l	False
14611	Brca2	False
14612	N4bp2l1	False
14613	N4bp2l2	False
14614	Pds5b	False
14615	Kl	False
14616	Stard13	False
14617	1700028E10Rik	False
14618	Vmn2r18	False
14619	Rfc3	False
14620	Gm8579	False
14621	Samd9l	False
14622	Hepacam2	False
14623	Ccdc132	False
14624	Calcr	False
14625	Tfpi2	False
14626	Gngt1	False
14627	Gng11	False
14628	Bet1	False
14629	Col1a2	False
14630	Casd1	False
14631	Sgce	False
14632	Peg10	False
14633	Ppp1r9a	False
14634	Pon1	False
14635	Pon3	False
14636	Pon2	False
14637	Asb4	False
14638	Pdk4	False
14639	Dync1i1	False
14640	1700019G24Rik	False
14641	Slc25a13	False
14642	Shfm1	False
14643	Dlx6as1	False
14644	Dlx6	False
14645	Dlx6as2	False
14646	Dlx5	False
14647	Acn9	False
14648	Tac1	False
14649	Asns	False
14650	C1galt1	False
14651	Col28a1	False
14652	Mios	False
14653	Rpa3	False
14654	Gm16039	False
14655	A430035B10Rik	False
14656	Glcci1	False
14657	Ica1	False
14658	Nxph1	False
14659	Ndufa4	False
14660	Phf14	False
14661	Gm6578	False
14662	Thsd7a	False
14663	Tmem106b	False
14664	Vwde	False
14665	1700016P04Rik	False
14666	Tmem168	False
14667	B630005N14Rik	False
14668	Gpr85	False
14669	2610001J05Rik	False
14670	1110019D14Rik	False
14671	Ppp1r3a	False
14672	Foxp2	False
14673	Mdfic	False
14674	Tfec	False
14675	Tes	False
14676	Cav2	False
14677	Cav1	False
14678	Met	False
14679	Capza2	False
14680	St7	False
14681	Wnt2	False
14682	Asz1	False
14683	Cftr	False
14684	Cttnbp2	False
14685	Naa38	False
14686	Ankrd7	False
14687	Kcnd2	False
14688	Tspan12	False
14689	Ing3	False
14690	A430107O13Rik	False
14691	Wnt16	False
14692	Fam3c	False
14693	Ptprz1	False
14694	Aass	False
14695	Fezf1	False
14696	Cadps2	False
14697	Rnf148	False
14698	Slc13a1	False
14699	Iqub	False
14700	Ndufa5	False
14701	Asb15	False
14702	Lmod2	False
14703	Wasl	False
14704	Hyal6	False
14705	Hyal4	False
14706	Hyal5	False
14707	Tmem229a	False
14708	Gpr37	False
14709	Pot1a	False
14710	LOC626904	False
14711	Grm8	False
14712	Zfp800	False
14713	Gcc1	False
14714	Arf5	False
14715	Fscn3	False
14716	Pax4	False
14717	Snd1	False
14718	Lrrc4	False
14719	Lep	False
14720	Rbm28	False
14721	Prrt4	False
14722	Impdh1	False
14723	Hilpda	False
14724	Fam71f2	False
14725	Fam71f1	False
14726	Calu	False
14727	Opn1sw	False
14728	Ccdc136	False
14729	Flnc	False
14730	Atp6v1f	False
14731	Gm9047	False
14732	Kcp	False
14733	Irf5	False
14734	Tnpo3	False
14735	Tspan33	False
14736	Smo	False
14737	Ahcyl2	False
14738	Fam40b	False
14739	1700023L04Rik	False
14740	Nrf1	False
14741	BB283400	False
14742	Ube2h	False
14743	Zc3hc1	False
14744	Klhdc10	False
14745	Tmem209	False
14746	1700025E21Rik	False
14747	Cpa2	False
14748	Cpa4	False
14749	Cpa5	False
14750	Cpa1	False
14751	Tsga14	False
14752	Mest	False
14753	Copg2	False
14754	Tsga13	False
14755	Klf14	False
14756	2210408F21Rik	False
14757	Gm13845	False
14758	Mkln1	False
14759	Podxl	False
14760	Plxna4	False
14761	B230378P21Rik	False
14762	Chchd3	False
14763	Exoc4	False
14764	Lrguk	False
14765	Slc35b4	False
14766	Akr1b3	False
14767	Akr1b8	False
14768	Akr1b10	False
14769	Akr1b7	False
14770	Bpgm	False
14771	Cald1	False
14772	Agbl3	False
14773	Tmem140	False
14774	3110062M04Rik	False
14775	Wdr91	False
14776	Stra8	False
14777	2010107G12Rik	False
14778	Cnot4	False
14779	Nup205	False
14780	1810058I24Rik	False
14781	Slc13a4	False
14782	Fam180a	False
14783	1700065J11Rik	False
14784	Mtpn	False
14785	9330158H04Rik	False
14786	Chrm2	False
14787	Ptn	False
14788	Dgki	False
14789	Creb3l2	False
14790	Akr1d1	False
14791	Trim24	False
14792	Svopl	False
14793	Atp6v0a4	False
14794	Tmem213	False
14795	D630045J12Rik	False
14796	Zc3hav1l	False
14797	Zc3hav1	False
14798	Ttc26	False
14799	Ubn2	False
14800	1110001J03Rik	False
14801	Luc7l2	False
14802	Klrg2	False
14803	Clec2l	False
14804	Hipk2	False
14805	Tbxas1	False
14806	1700025N23Rik	False
14807	Parp12	False
14808	4930599N23Rik	False
14809	Jhdm1d	False
14810	Slc37a3	False
14811	Rab19	False
14812	Mkrn1	False
14813	Dennd2a	False
14814	Adck2	False
14815	Ndufb2	False
14816	Braf	False
14817	Mrps33	False
14818	Gm5567	False
14819	Agk	False
14820	E330009J07Rik	False
14821	Wee2	False
14822	Ssbp1	False
14823	Olfr460	False
14824	Clec5a	False
14825	Tas2r138	False
14826	Mgam	False
14827	1810009J06Rik	False
14828	Gm2663	False
14829	2210010C04Rik	False
14830	Try4	False
14831	Try5	False
14832	Try10	False
14833	Prss3	False
14834	Gm5771	False
14835	Gm5409	False
14836	Gm10334	False
14837	Prss1	False
14838	Prss2	False
14839	Ephb6	False
14840	Trpv6	False
14841	Trpv5	False
14842	1700034O15Rik	False
14843	Kel	False
14844	Sval2	False
14845	Sval1	False
14846	Sval3	False
14847	Gstk1	False
14848	Tmem139	False
14849	Casp2	False
14850	Clcn1	False
14851	Fam131b	False
14852	Zyx	False
14853	Epha1	False
14854	2010310C07Rik	False
14855	Tas2r143	False
14856	Tas2r135	False
14857	Tas2r126	False
14858	Olfr456	False
14859	Fam115c	False
14860	Fam115a	False
14861	Arhgef5	False
14862	Nobox	False
14863	Tpk1	False
14864	9430018G01Rik	False
14865	Cntnap2	False
14866	Cul1	False
14867	Ezh2	False
14868	Rn4.5s	False
14869	Pdia4	False
14870	Zfp786	False
14871	Zfp398	False
14872	Zfp282	False
14873	Zfp212	False
14874	Zfp783	False
14875	Zfp956	False
14876	Zfp777	False
14877	Zfp746	False
14878	Krba1	False
14879	Zfp467	False
14880	Sspo	False
14881	Zfp862	False
14882	Atp6v0e2	False
14883	Lrrc61	False
14884	Rarres2	False
14885	Gm5111	False
14886	Repin1	False
14887	Zfp775	False
14888	AI854703	False
14889	Gimap8	False
14890	Gimap9	False
14891	Gimap4	False
14892	Gimap6	False
14893	Gimap7	False
14894	Gimap1	False
14895	Gimap5	False
14896	Gimap3	False
14897	Tmem176b	False
14898	Tmem176a	False
14899	Abp1	False
14900	1600015I10Rik	False
14901	Gpnmb	False
14902	2410003K15Rik	False
14903	Igf2bp3	False
14904	Tra2a	False
14905	Ccdc126	False
14906	D330028D13Rik	False
14907	Stk31	False
14908	Npy	False
14909	Mpp6	False
14910	Dfna5	False
14911	Osbpl3	False
14912	Cycs	False
14913	5430402O13Rik	False
14914	4921507P07Rik	False
14915	C530044C16Rik	False
14916	Nfe2l3	False
14917	Hnrnpa2b1	False
14918	Cbx3	False
14919	Snx10	False
14920	Skap2	False
14921	Hoxa1	False
14922	Hoxa2	False
14923	Hoxa3	False
14924	Hoxa4	False
14925	2700086A05Rik	False
14926	Hoxa5	False
14927	Hoxa6	False
14928	Mira	False
14929	Hoxa7	False
14930	Hoxa9	False
14931	Hoxa10	False
14932	Hoxa11	False
14933	Hoxa11as	False
14934	Hoxa13	False
14935	5730457N03Rik	False
14936	Evx1	False
14937	Hibadh	False
14938	Tax1bp1	False
14939	Jazf1	False
14940	9430076C15Rik	False
14941	Creb5	False
14942	Tril	False
14943	Cpvl	False
14944	Chn2	False
14945	9130019P16Rik	False
14946	Prr15	False
14947	Wipf3	False
14948	Scrn1	False
14949	Fkbp14	False
14950	Plekha8	False
14951	2410066E13Rik	False
14952	Znrf2	False
14953	Nod1	False
14954	Ggct	False
14955	Gars	False
14956	Crhr2	False
14957	Inmt	False
14958	Fam188b	False
14959	Aqp1	False
14960	Ghrhr	False
14961	6430584L05	False
14962	Adcyap1r1	False
14963	Neurod6	False
14964	Gm3279	False
14965	Ccdc129	False
14966	Ppp1r17	False
14967	Pde1c	False
14968	Lsm5	False
14969	Avl9	False
14970	Kbtbd2	False
14971	Fkbp9	False
14972	Nt5c3	False
14973	Vmn1r4	False
14974	Vmn1r8	False
14975	Vmn1r19	False
14976	Vmn1r20	False
14977	Ppm1k	False
14978	Herc6	False
14979	Pigy	False
14980	Lancl2	False
14981	Vopp1	False
14982	Abcg2	False
14983	Herc3	False
14984	Nap1l5	False
14985	Fam13a	False
14986	Tigd2	False
14987	Gprin3	False
14988	A530053G22Rik	False
14989	Snca	False
14990	Mmrn1	False
14991	A730020E08Rik	False
14992	Fam190a	False
14993	Grid2	False
14994	Atoh1	False
14995	Smarcad1	False
14996	Hpgds	False
14997	C130060K24Rik	False
14998	Tnip3	False
14999	A930038C07Rik	False
15000	Prdm5	False
15001	Mad2l1	False
15002	Vmn1r32	False
15003	Vmn1r34	False
15004	Vmn1r35	False
15005	Vmn1r38	False
15006	Gng12	False
15007	Gadd45a	False
15008	E230016M11Rik	False
15009	Serbp1	False
15010	Il12rb2	False
15011	Il23r	False
15012	Tacstd2	False
15013	Rpia	False
15014	Eif2ak3	False
15015	Foxi3	False
15016	Thnsl2	False
15017	Fabp1	False
15018	Smyd1	False
15019	Krcc1	False
15020	Cd8b1	False
15021	Cd8a	False
15022	Rmnd5a	False
15023	Rnf103	False
15024	Chmp3	False
15025	Kdm3a	False
15026	Reep1	False
15027	Mrpl35	False
15028	Immt	False
15029	Ptcd3	False
15030	Polr1a	False
15031	9130221F21Rik	False
15032	St3gal5	False
15033	4933431G14Rik	False
15034	Atoh8	False
15035	Sftpb	False
15036	Usp39	False
15037	0610030E20Rik	False
15038	Tmem150a	False
15039	Rnf181	False
15040	Vamp5	False
15041	Vamp8	False
15042	Ggcx	False
15043	Mat2a	False
15044	4930414L22Rik	False
15045	Capg	False
15046	Elmod3	False
15047	Retsat	False
15048	Tgoln1	False
15049	Tcf7l1	False
15050	Gm15401	False
15051	Kcmf1	False
15052	Tmsb10	False
15053	Dnahc6	False
15054	Suclg1	False
15055	Ctnna2	False
15056	Lrrtm1	False
15057	6330415B21Rik	False
15058	Reg3b	False
15059	Reg3d	False
15060	Reg3a	False
15061	Reg2	False
15062	Reg1	False
15063	Reg3g	False
15064	Gm20362	False
15065	Gm20594	False
15066	Lrrtm4	False
15067	AW146020	False
15068	Mrpl19	False
15069	Fam176a	False
15070	Tacr1	False
15071	Pole4	False
15072	Hk2	False
15073	2310069B03Rik	False
15074	Sema4f	False
15075	D6Mm5e	False
15076	Dok1	False
15077	Loxl3	False
15078	Htra2	False
15079	Aup1	False
15080	Dqx1	False
15081	Tlx2	False
15082	Pcgf1	False
15083	Lbx2	False
15084	Ccdc142	False
15085	Mrpl53	False
15086	Mogs	False
15087	Wbp1	False
15088	Ino80b	False
15089	Rtkn	False
15090	Wdr54	False
15091	1700003E16Rik	False
15092	Dctn1	False
15093	Slc4a5	False
15094	Mthfd2	False
15095	Mob1a	False
15096	Bola3	False
15097	Tet3	False
15098	B230319C09Rik	False
15099	Dguok	False
15100	Actg2	False
15101	Stambp	False
15102	Clec4f	False
15103	Cd207	False
15104	Vax2os2	False
15105	Vax2os1	False
15106	Vax2	False
15107	Atp6v1b1	False
15108	Ankrd53	False
15109	Tex261	False
15110	Nagk	False
15111	Paip2b	False
15112	Zfml	False
15113	Dysf	False
15114	Gm10445	False
15115	Cyp26b1	False
15116	Exoc6b	False
15117	Npm3-ps1	False
15118	Gm5878	False
15119	Spr	False
15120	Emx1	False
15121	Sfxn5	False
15122	Rab11fip5	False
15123	Smyd5	False
15124	1700040I03Rik	False
15125	Cct7	False
15126	Fbxo41	False
15127	Egr4	False
15128	Alms1	False
15129	Gm4477	False
15130	Cml3	False
15131	Alms1-ps2	False
15132	Gm11128	False
15133	Cml5	False
15134	Nat8	False
15135	Cml2	False
15136	1700019G17Rik	False
15137	Cml1	False
15138	Tprkb	False
15139	Dusp11	False
15140	Figla	False
15141	Add2	False
15142	Tgfa	False
15143	Fam136a	False
15144	Snrpg	False
15145	Pcyox1	False
15146	Tia1	False
15147	C87436	False
15148	2310040G24Rik	False
15149	Pcbp1	False
15150	1600020E01Rik	False
15151	Asprv1	False
15152	Mxd1	False
15153	Snrnp27	False
15154	Gmcl1	False
15155	Anxa4	False
15156	2610306M01Rik	False
15157	Aak1	False
15158	Nfu1	False
15159	Gfpt1	False
15160	D6Ertd527e	False
15161	Antxr1	False
15162	Gkn1	False
15163	Gkn2	False
15164	Gkn3	False
15165	Bmp10	False
15166	Arhgap25	False
15167	Prokr1	False
15168	Aplf	False
15169	1810020O05Rik	False
15170	Ccdc48	False
15171	Gp9	False
15172	Rab43	False
15173	Isy1	False
15174	Cnbp	False
15175	Copg	False
15176	8430410A17Rik	False
15177	H1fx	False
15178	Gm5577	False
15179	Rab7	False
15180	Rpn1	False
15181	Gata2	False
15182	Dnajb8	False
15183	Eefsec	False
15184	Ruvbl1	False
15185	Sec61a1	False
15186	Kbtbd12	False
15187	Mgll	False
15188	Abtb1	False
15189	Podxl2	False
15190	Gm15612	False
15191	Mcm2	False
15192	Tpra1	False
15193	4933427D06Rik	False
15194	Gm1965	False
15195	Gm839	False
15196	Plxna1	False
15197	Chchd6	False
15198	Txnrd3	False
15199	Vmn1r41	False
15200	Vmn1r53	False
15201	BC048671	False
15202	Chst13	False
15203	Uroc1	False
15204	Zxdc	False
15205	Ccdc37	False
15206	Klf15	False
15207	Aldh1l1	False
15208	Slc41a3	False
15209	Iqsec1	False
15210	Nup210	False
15211	Hdac11	False
15212	Fbln2	False
15213	Wnt7a	False
15214	4930471M09Rik	False
15215	1810044D09Rik	False
15216	Chchd4	False
15217	Tmem43	False
15218	Xpc	False
15219	Lsm3	False
15220	Slc6a6	False
15221	Grip2	False
15222	C130022K22Rik	False
15223	4930590J08Rik	False
15224	Fgd5	False
15225	Nr2c2	False
15226	Mrps25	False
15227	Zfyve20	False
15228	Trh	False
15229	Prickle2	False
15230	Adamts9	False
15231	9530026P05Rik	False
15232	Magi1	False
15233	Slc25a26	False
15234	Lrig1	False
15235	4930511E03Rik	False
15236	Kbtbd8	False
15237	Suclg2	False
15238	Fam19a1	False
15239	1700123L14Rik	False
15240	Fam19a4	False
15241	A130022J15Rik	False
15242	Tmf1	False
15243	Uba3	False
15244	Arl6ip5	False
15245	Lmod3	False
15246	Frmd4b	False
15247	Mitf	False
15248	Gm765	False
15249	Foxp1	False
15250	Eif4e3	False
15251	Gpr27	False
15252	Prok2	False
15253	Rybp	False
15254	1700049E22Rik	False
15255	Shq1	False
15256	Gxylt2	False
15257	Ppp4r2	False
15258	Pdzrn3	False
15259	Gm9871	False
15260	Cntn3	False
15261	Chl1	False
15262	Cntn6	False
15263	Gm19757	False
15264	Cntn4	False
15265	Il5ra	False
15266	Trnt1	False
15267	Crbn	False
15268	Lrrn1	False
15269	Setmar	False
15270	Sumf1	False
15271	Itpr1	False
15272	0610040F04Rik	False
15273	Bhlhe40	False
15274	Arl8b	False
15275	Edem1	False
15276	Grm7	False
15277	Lmcd1	False
15278	5031434C07Rik	False
15279	D630042P16Rik	False
15280	Cav3	False
15281	Oxtr	False
15282	Rad18	False
15283	Srgap3	False
15284	Thumpd3	False
15285	Gt(ROSA)26Sor	False
15286	Setd5	False
15287	Lhfpl4	False
15288	Mtmr14	False
15289	Cpne9	False
15290	Brpf1	False
15291	Ogg1	False
15292	Camk1	False
15293	Tada3	False
15294	Arpc4	False
15295	Ttll3	False
15296	Rpusd3	False
15297	Cidec	False
15298	Jagn1	False
15299	Il17re	False
15300	Il17rc	False
15301	Creld1	False
15302	Prrt3	False
15303	Tmem111	False
15304	Fancd2	False
15305	4931417G12Rik	False
15306	6720456B07Rik	False
15307	Vhl	False
15308	Irak2	False
15309	Tatdn2	False
15310	Ghrl	False
15311	Sec13	False
15312	Atp2b2	False
15313	Slc6a11	False
15314	Slc6a1	False
15315	Hrh1	False
15316	Atg7	False
15317	Vgll4	False
15318	1500001M20Rik	False
15319	Syn2	False
15320	Timp4	False
15321	Pparg	False
15322	Tsen2	False
15323	2510049J12Rik	False
15324	Mkrn2	False
15325	Raf1	False
15326	Tmem40	False
15327	Cand2	False
15328	Rpl32	False
15329	Snora7a	False
15330	BC060267	False
15331	Mbd4	False
15332	Ift122	False
15333	Rho	False
15334	H1foo	False
15335	Plxnd1	False
15336	Tmcc1	False
15337	D6Wsu116e	False
15338	Anubl1	False
15339	March8	False
15340	Alox5	False
15341	Olfr212	False
15342	Zfp422	False
15343	Rassf4	False
15344	8430408G22Rik	False
15345	Tmem72	False
15346	Cxcl12	False
15347	Zfp637	False
15348	Zfp239	False
15349	Hnrnpf	False
15350	Fxyd4	False
15351	Rasgef1a	False
15352	Csgalnact2	False
15353	Ret	False
15354	Bms1	False
15355	Zfp248	False
15356	Zfp9	False
15357	Ankrd26	False
15358	Cacna1c	False
15359	4931430N09Rik	False
15360	Dcp1b	False
15361	Cacna2d4	False
15362	Lrtm2	False
15363	Adipor2	False
15364	Wnt5b	False
15365	Fbxl14	False
15366	Erc1	False
15367	3110021A11Rik	False
15368	Rad52	False
15369	Wnk1	False
15370	Ninj2	False
15371	B4galnt3	False
15372	Ccdc77	False
15373	Kdm5a	False
15374	Il17ra	False
15375	Cecr6	False
15376	Cecr5	False
15377	1700072O05Rik	False
15378	Cecr2	False
15379	Slc25a18	False
15380	Atp6v1e1	False
15381	Bcl2l13	False
15382	Bid	False
15383	Mical3	False
15384	Pex26	False
15385	Tuba8	False
15386	Usp18	False
15387	Slc6a13	False
15388	Slc6a12	False
15389	Iqsec3	False
15390	A2m	False
15391	Mug1	False
15392	Mug2	False
15393	Gm10319	False
15394	Mug-ps1	False
15395	Klrg1	False
15396	M6pr	False
15397	Phc1	False
15398	Rimklb	False
15399	Mfap5	False
15400	Aicda	False
15401	Apobec1	False
15402	Gdf3	False
15403	Dppa3	False
15404	Nanog	False
15405	Slc2a3	False
15406	Foxj2	False
15407	C3ar1	False
15408	Necap1	False
15409	Clec4a1	False
15410	Clec4a3	False
15411	Clec4a4	False
15412	Clec4b1	False
15413	Clec4a2	False
15414	Clec4b2	False
15415	Clec4n	False
15416	Clec4d	False
15417	Clec4e	False
15418	Vmn2r26	False
15419	Vmn2r27	False
15420	Cd163	False
15421	1700013D24Rik	False
15422	Pex5	False
15423	Clstn3	False
15424	C1rl	False
15425	C1ra	False
15426	C1s	False
15427	C1rb	False
15428	Gm5077	False
15429	Lpcat3	False
15430	Emg1	False
15431	Phb2	False
15432	Ptpn6	False
15433	Grcc10	False
15434	Atn1	False
15435	Eno2	False
15436	Lrrc23	False
15437	Spsb2	False
15438	Tpi1	False
15439	Usp5	False
15440	Cdca3	False
15441	Gnb3	False
15442	Leprel2	False
15443	Gpr162	False
15444	Cd4	False
15445	Lag3	False
15446	Ptms	False
15447	Mlf2	False
15448	Cops7a	False
15449	C530028O21Rik	False
15450	Zfp384	False
15451	Ing4	False
15452	Acrbp	False
15453	Lpar5	False
15454	Chd4	False
15455	Nop2	False
15456	Iffo1	False
15457	Gapdh	False
15458	Ncapd2	False
15459	Mrpl51	False
15460	Vamp1	False
15461	Tapbpl	False
15462	E130112N10Rik	False
15463	Cd27	False
15464	4930417O13Rik	False
15465	Tuba3a	False
15466	Ltbr	False
15467	Scnn1a	False
15468	Tnfrsf1a	False
15469	Plekhg6	False
15470	Cd9	False
15471	Vwf	False
15472	Ano2	False
15473	Ntf3	False
15474	Gm10415	False
15475	Kcna5	False
15476	Kcna1	False
15477	Kcna6	False
15478	Ndufa9	False
15479	Akap3	False
15480	Dyrk4	False
15481	Rad51ap1	False
15482	D6Wsu163e	False
15483	Fgf6	False
15484	Fgf23	False
15485	9630033F20Rik	False
15486	Ccnd2	False
15487	9330179D12Rik	False
15488	Parp11	False
15489	Efcab4b	False
15490	Prmt8	False
15491	Tspan11	False
15492	Tspan9	False
15493	Tead4	False
15494	Tulp3	False
15495	5930416I19Rik	False
15496	Foxm1	False
15497	4933413G19Rik	False
15498	Nrip2	False
15499	Itfg2	False
15500	Fkbp4	False
15501	Gm10069	False
15502	Pzp	False
15503	BC048546	False
15504	Klrb1a	False
15505	Clec2h	False
15506	4930431A04Rik	False
15507	Klrb1c	False
15508	Klrb1b	False
15509	BC035044	False
15510	Clec2i	False
15511	Clec2g	False
15512	Gm15987	False
15513	BC064078	False
15514	Klrb1f	False
15515	Clec2e	False
15516	Clec2d	False
15517	2310001H17Rik	False
15518	Cd69	False
15519	4922502D21Rik	False
15520	Clec12a	False
15521	Clec12b	False
15522	Clec1b	False
15523	Clec9a	False
15524	Clec1a	False
15525	Clec7a	False
15526	Olr1	False
15527	D630042F21Rik	False
15528	1700101I11Rik	False
15529	Gabarapl1	False
15530	Klre1	False
15531	Klrd1	False
15532	Klrk1	False
15533	Klrc3	False
15534	Klrc2	False
15535	Klrc1	False
15536	Klri1	False
15537	Klri2	False
15538	Gm156	False
15539	Klra17	False
15540	Klra5	False
15541	Klra22	False
15542	Klra6	False
15543	Klra19	False
15544	Klra18	False
15545	Klra4	False
15546	Klra12	False
15547	Klra21	False
15548	Klra8	False
15549	Klra14	False
15550	Klra9	False
15551	Klra7	False
15552	Klra10	False
15553	Klra13-ps	False
15554	Klra23	False
15555	Klra3	False
15556	Klra1	False
15557	Klra2	False
15558	Magohb	False
15559	Styk1	False
15560	Csda	False
15561	5430401F13Rik	False
15562	Prb1	False
15563	Prpmp5	False
15564	A630073D07Rik	False
15565	2700089E24Rik	False
15566	Gm5886	False
15567	Kap	False
15568	Etv6	False
15569	Bcl2l14	False
15570	Lrp6	False
15571	Mansc1	False
15572	Loh12cr1	False
15573	Dusp16	False
15574	Crebl2	False
15575	Gpr19	False
15576	2810454H06Rik	False
15577	Cdkn1b	False
15578	1190002F15Rik	False
15579	Apold1	False
15580	Ddx47	False
15581	Gprc5a	False
15582	Gprc5d	False
15583	Hebp1	False
15584	Gm19434	False
15585	8430419L09Rik	False
15586	Gsg1	False
15587	Pbp2	False
15588	Emp1	False
15589	Grin2b	False
15590	Gm8994	False
15591	E330021D16Rik	False
15592	Atf7ip	False
15593	Plbd1	False
15594	Gucy2c	False
15595	Hist4h4	False
15596	H2afj	False
15597	Wbp11	False
15598	BC049715	False
15599	C030030A07Rik	False
15600	Art4	False
15601	Mgp	False
15602	Erp27	False
15603	Arhgdib	False
15604	Pde6h	False
15605	Rerg	False
15606	Ptpro	False
15607	Eps8	False
15608	Strap	False
15609	Dera	False
15610	Slc15a5	False
15611	Mgst1	False
15612	Lmo3	False
15613	Rergl	False
15614	Pik3c2g	False
15615	Plcz1	False
15616	Capza3	False
15617	Plekha5	False
15618	Aebp2	False
15619	Pde3a	False
15620	Gm10400	False
15621	Slco1c1	False
15622	Slco1b2	False
15623	Slco1a4	False
15624	Slco1a1	False
15625	Gm6614	False
15626	Slco1a6	False
15627	Slco1a5	False
15628	Iapp	False
15629	Pyroxd1	False
15630	Recql	False
15631	Golt1b	False
15632	Gys2	False
15633	Ldhb	False
15634	Kcnj8	False
15635	Abcc9	False
15636	5330439B14Rik	False
15637	Cmas	False
15638	Gm766	False
15639	Gm7457	False
15640	St8sia1	False
15641	5730419I09Rik	False
15642	Etnk1	False
15643	D6Ertd474e	False
15644	1700060C16Rik	False
15645	Sox5	False
15646	4933425H06Rik	False
15647	Bcat1	False
15648	Lrmp	False
15649	Casc1	False
15650	Lyrm5	False
15651	Kras	False
15652	Gm15706	False
15653	1700073E17Rik	False
15654	Ifltd1	False
15655	Tuba3b	False
15656	Rassf8	False
15657	Bhlhe41	False
15658	Sspn	False
15659	Itpr2	False
15660	4933424B01Rik	False
15661	Fgfr1op2	False
15662	Tm7sf3	False
15663	Med21	False
15664	Gm6654	False
15665	4930479D17Rik	False
15666	Stk38l	False
15667	Arntl2	False
15668	1700023A16Rik	False
15669	Ppfibp1	False
15670	1700034J05Rik	False
15671	Rep15	False
15672	Mrps35	False
15673	Gm5887	False
15674	Klhdc5	False
15675	Pthlh	False
15676	Ccdc91	False
15677	1700049E15Rik	False
15678	Far2	False
15679	Ergic2	False
15680	4732416N19Rik	False
15681	Tmtc1	False
15682	Rps4y2	False
15683	Gm6313	False
15684	Ipo8	False
15685	Caprin2	False
15686	Fam60a	False
15687	Dennd5b	False
15688	4833442J19Rik	False
15689	Amn1	False
15690	2810474O19Rik	False
15691	Bicd1	False
15692	AU018091	False
15693	D7Ertd143e	False
15694	Nlrp12	False
15695	Myadm	False
15696	Prkcc	False
15697	Cacng7	False
15698	Cacng8	False
15699	Tarm1	False
15700	Oscar	False
15701	Ndufa3	False
15702	Tfpt	False
15703	Prpf31	False
15704	Cnot3	False
15705	Leng1	False
15706	Tmc4	False
15707	Mboat7	False
15708	Tsen34	False
15709	Rps9	False
15710	Lilrb3	False
15711	Pira2	False
15712	Pira7	False
15713	Gm14548	False
15714	Lilra6	False
15715	Lair1	False
15716	9430041J12Rik	False
15717	Ttyh1	False
15718	D030047H15Rik	False
15719	Leng8	False
15720	Leng9	False
15721	Cdc42ep5	False
15722	Lilra5	False
15723	Pira6	False
15724	Ncr1	False
15725	Gp6	False
15726	Rdh13	False
15727	Eps8l1	False
15728	D630041G03Rik	False
15729	Ppp1r12c	False
15730	Tnnt1	False
15731	Tnni3	False
15732	6030429G01Rik	False
15733	Syt5	False
15734	Ptprh	False
15735	Tmem86b	False
15736	Ppp6r1	False
15737	Hspbp1	False
15738	Brsk1	False
15739	Tmem150b	False
15740	Suv420h2	False
15741	Cox6b2	False
15742	Fam71e2	False
15743	Il11	False
15744	Tmem190	False
15745	2210411K11Rik	False
15746	Rpl28	False
15747	Ube2s	False
15748	Shisa7	False
15749	Isoc2b	False
15750	Isoc2a	False
15751	Zfp628	False
15752	Nat14	False
15753	A430110N23Rik	False
15754	Sbk2	False
15755	Gm1078	False
15756	Zfp579	False
15757	Fiz1	False
15758	Zfp524	False
15759	Zfp865	False
15760	Zfp784	False
15761	Zfp580	False
15762	Ccdc106	False
15763	U2af2	False
15764	Epn1	False
15765	Rfpl4	False
15766	Rasl2-9-ps	False
15767	Nlrp2	False
15768	Gm5065	False
15769	Vmn1r58	False
15770	Vmn2r28	False
15771	Vmn1r65	False
15772	Zfp787	False
15773	Zfp444	False
15774	Zscan5b	False
15775	Gm6792	False
15776	Zfp667	False
15777	Zfp583	False
15778	Zfp78	False
15779	Zfp28	False
15780	Gm16532	False
15781	Zim1	False
15782	Peg3	False
15783	Peg3as	False
15784	Usp29	False
15785	Zim3	False
15786	Aurkc	False
15787	Zfp954	False
15788	Zfp773	False
15789	Zfp418	False
15790	Zfp772	False
15791	Vmn2r29	False
15792	Clcn4-2	False
15793	Vmn2r30	False
15794	2810047C21Rik1	False
15795	Vmn2r37	False
15796	Vmn2r46	False
15797	Zik1	False
15798	Nlrp4b	False
15799	Zscan4c	False
15800	Zfp551	False
15801	Zfp606	False
15802	Zscan18	False
15803	Zfp329	False
15804	Zfp110	False
15805	Zfp128	False
15806	Zscan22	False
15807	Rps5	False
15808	2310014L17Rik	False
15809	Zfp324	False
15810	Zfp446	False
15811	Slc27a5	False
15812	Zbtb45	False
15813	Trim28	False
15814	Chmp2a	False
15815	Ube2m	False
15816	Mzf1	False
15817	6330408A02Rik	False
15818	Lig1	False
15819	Pla2g4c	False
15820	Cabp5	False
15821	Bsph1	False
15822	Sult2a5	False
15823	Sult2a2	False
15824	Sult2a1	False
15825	Sult2a4	False
15826	Sult2a3	False
15827	Sult2a6	False
15828	2810007J24Rik	False
15829	Sult2a7	False
15830	Gm18756	False
15831	Crx	False
15832	Crxos1	False
15833	Sepw1	False
15834	Gltscr2	False
15835	Snord23	False
15836	Ehd2	False
15837	Gltscr1	False
15838	Zfp541	False
15839	Napa	False
15840	Kptn	False
15841	Slc8a2	False
15842	Meis3	False
15843	Dhx34	False
15844	Gpr77	False
15845	C5ar1	False
15846	Prr24	False
15847	Ccdc9	False
15848	Bbc3	False
15849	Sae1	False
15850	Zc3h4	False
15851	Tmem160	False
15852	Npas1	False
15853	Grlf1	False
15854	Ceacam15	False
15855	Ceacam9	False
15856	Ap2s1	False
15857	Slc1a5	False
15858	Fkrp	False
15859	Strn4	False
15860	Prkd2	False
15861	Dact3	False
15862	Gng8	False
15863	Ptgir	False
15864	Calm3	False
15865	Pnmal2	False
15866	Pnmal1	False
15867	Ccdc8	False
15868	Ppp5c	False
15869	Hif3a	False
15870	Psg16	False
15871	Psg29	False
15872	Ceacam13	False
15873	Ceacam12	False
15874	Mill1	False
15875	Psg25	False
15876	Psg23	False
15877	Psg20	False
15878	Psg22	False
15879	Sycp1-ps1	False
15880	Psg19	False
15881	Psg17	False
15882	Mill2	False
15883	Pglyrp1	False
15884	Ccdc61	False
15885	Nova2	False
15886	Nanos2	False
15887	Mypop	False
15888	Irf2bp1	False
15889	Foxa3	False
15890	Sympk	False
15891	Rsph6a	False
15892	Dmwd	False
15893	Dmpk	False
15894	Six5	False
15895	Fbxo46	False
15896	Qpctl	False
15897	Snrpd2	False
15898	Gipr	False
15899	Eml2	False
15900	Mir330	False
15901	Gpr4	False
15902	Opa3	False
15903	Vasp	False
15904	Ppm1n	False
15905	Rtn2	False
15906	Fosb	False
15907	Ercc1	False
15908	Cd3eap	False
15909	Ppp1r13l	False
15910	Ercc2	False
15911	Klc3	False
15912	Ckm	False
15913	Mark4	False
15914	Bloc1s3	False
15915	Trappc6a	False
15916	Nkpd1	False
15917	Ppp1r37	False
15918	Gemin7	False
15919	Zfp296	False
15920	Clasrp	False
15921	Relb	False
15922	Clptm1	False
15923	Apoc2	False
15924	Apoc4	False
15925	Apoc1	False
15926	Apoe	False
15927	Tomm40	False
15928	Pvrl2	False
15929	Bcam	False
15930	Cblc	False
15931	Bcl3	False
15932	Ceacam16	False
15933	Ceacam19	False
15934	Pvr	False
15935	2210010C17Rik	False
15936	Ceacam20	False
15937	Nlrp9b	False
15938	Nlrp4e	False
15939	Nlrp5	False
15940	Vmn1r181	False
15941	Zfp180	False
15942	Zfp112	False
15943	Zfp235	False
15944	Zfp114	False
15945	Zfp111	False
15946	Zfp109	False
15947	Zfp108	False
15948	Zfp93	False
15949	Zfp61	False
15950	Zfp94	False
15951	1700008P20Rik	False
15952	Lypd5	False
15953	Kcnn4	False
15954	1500002O20Rik	False
15955	Irgc1	False
15956	Plaur	False
15957	Cadm4	False
15958	Zfp428	False
15959	Irgq	False
15960	2310033E01Rik	False
15961	Xrcc1	False
15962	Zfp575	False
15963	Ethe1	False
15964	Phldb3	False
15965	Lypd3	False
15966	Gm4598	False
15967	BC049730	False
15968	Gm4763	False
15969	Cd177	False
15970	Ceacam10	False
15971	Lypd4	False
15972	Dmrtc2	False
15973	Rps19	False
15974	Cd79a	False
15975	Arhgef1	False
15976	Rabac1	False
15977	Atp1a3	False
15978	Grik5	False
15979	Zfp574	False
15980	Pou2f2	False
15981	D930028M14Rik	False
15982	Dedd2	False
15983	Zfp526	False
15984	Gsk3a	False
15985	9130221H12Rik	False
15986	Erf	False
15987	Cic	False
15988	Pafah1b3	False
15989	Prr19	False
15990	Tmem145	False
15991	Megf8	False
15992	Cnfn	False
15993	Lipe	False
15994	4732471J01Rik	False
15995	Cxcl17	False
15996	Ceacam1	False
15997	Ceacam2	False
15998	Gm7092	False
15999	Atp5sl	False
16000	B3gnt8	False
16001	Bckdha	False
16002	Exosc5	False
16003	Tmem91	False
16004	B9d2	False
16005	Tgfb1	False
16006	Ccdc97	False
16007	Hnrnpul1	False
16008	Axl	False
16009	Cyp2s1	False
16010	Cyp2b10	False
16011	Cyp2b13	False
16012	Cyp2b9	False
16013	Vmn1r184	False
16014	Cyp2a4	False
16015	Cyp2b23	False
16016	Cyp2b19	False
16017	Cyp2g1	False
16018	Cyp2a5	False
16019	Cyp2a22	False
16020	Cyp2a12	False
16021	Cyp2f2	False
16022	Cyp2t4	False
16023	Egln2	False
16024	Rab4b	False
16025	Mia1	False
16026	Snrpa	False
16027	BC024978	False
16028	Itpkc	False
16029	Adck4	False
16030	Numbl	False
16031	Ltbp4	False
16032	Shkbp1	False
16033	Spnb4	False
16034	Blvrb	False
16035	Sertad3	False
16036	Sertad1	False
16037	Prx	False
16038	Hipk4	False
16039	Pld3	False
16040	2310022A10Rik	False
16041	Akt2	False
16042	Ttc9b	False
16043	Map3k10	False
16044	C030039L03Rik	False
16045	Zfp60	False
16046	Gm10046	False
16047	Zfp59	False
16048	Zfp607	False
16049	1700049G17Rik	False
16050	Zfp780b	False
16051	Gm4636	False
16052	Psmc4	False
16053	Fcgbp	False
16054	9530053A07Rik	False
16055	Fbl	False
16056	Dyrk1b	False
16057	Eid2	False
16058	Eid2b	False
16059	BC089491	False
16060	Dll3	False
16061	Timm50	False
16062	Supt5h	False
16063	Rps16	False
16064	LOC100302567	False
16065	Plekhg2	False
16066	Zfp36	False
16067	Med29	False
16068	Paf1	False
16069	Samd4b	False
16070	Gmfg	False
16071	Lrfn1	False
16072	1700028B04Rik	False
16073	Il28a	False
16074	Il28b	False
16075	Sycn	False
16076	Nccrp1	False
16077	Pak4	False
16078	C330005M16Rik	False
16079	Fbxo27	False
16080	Fbxo17	False
16081	Mrps12	False
16082	Sars2	False
16083	Gm6537	False
16084	Nfkbib	False
16085	Sirt2	False
16086	Gm19897	False
16087	Rinl	False
16088	Hnrnpl	False
16089	Ech1	False
16090	Lgals4	False
16091	Lgals7	False
16092	Capn12	False
16093	Actn4	False
16094	Eif3k	False
16095	Map4k1	False
16096	Ryr1	False
16097	Rasgrp4	False
16098	Fam98c	False
16099	Spred3	False
16100	Ggn	False
16101	Psmd8	False
16102	Catsperg1	False
16103	Kcnk6	False
16104	Yif1b	False
16105	2200002D01Rik	False
16106	Spint2	False
16107	Ppp1r14a	False
16108	Dpf1	False
16109	Sipa1l3	False
16110	Catsperg2	False
16111	Zfp84	False
16112	Zfp30	False
16113	Zfp790	False
16114	Zfp940	False
16115	Zfp420	False
16116	Zfp27	False
16117	Zfp383	False
16118	Zfp74	False
16119	Zfp568	False
16120	Zfp14	False
16121	Zfp82	False
16122	Zfp566	False
16123	Zfp260	False
16124	Zfp382	False
16125	Zfp146	False
16126	Gm5113	False
16127	Cox7a1	False
16128	Capns1	False
16129	Tbcb	False
16130	Polr2i	False
16131	Wdr62	False
16132	Clip3	False
16133	Alkbh6	False
16134	AI428936	False
16135	Sdhaf1	False
16136	Lrfn3	False
16137	Tyrobp	False
16138	Hcst	False
16139	Nfkbid	False
16140	Aplp1	False
16141	Kirrel2	False
16142	Nphs1	False
16143	Nphs1as	False
16144	Prodh2	False
16145	Gm1082	False
16146	Arhgap33	False
16147	BC053749	False
16148	Hspb6	False
16149	Lin37	False
16150	Psenen	False
16151	U2af1l4	False
16152	Tmem149	False
16153	Wbp7	False
16154	Zbtb32	False
16155	Upk1a	False
16156	Cox6b1	False
16157	Etv2	False
16158	Rbm42	False
16159	Haus5	False
16160	4930479M11Rik	False
16161	2200002J24Rik	False
16162	Atp4a	False
16163	Tmem147	False
16164	Gapdhs	False
16165	Sbsn	False
16166	Dmkn	False
16167	Krtdap	False
16168	Ffar2	False
16169	Ffar3	False
16170	Ffar1	False
16171	Cd22	False
16172	Mag	False
16173	Hamp2	False
16174	Hamp	False
16175	Usf2	False
16176	Lsr	False
16177	Fam187b	False
16178	Fxyd5	False
16179	Fxyd7	False
16180	Fxyd1	False
16181	Lgi4	False
16182	Fxyd3	False
16183	Hpn	False
16184	Scn1b	False
16185	Gramd1a	False
16186	Gm10640	False
16187	Abpe	False
16188	Gm5325	False
16189	Gm4684	False
16190	Gm5326	False
16191	Gm5894	False
16192	Abpd	False
16193	Abpb	False
16194	Wtip	False
16195	Uba2	False
16196	Pdcd2l	False
16197	Gpi1	False
16198	4931406P16Rik	False
16199	Lsm14a	False
16200	Kctd15	False
16201	Chst8	False
16202	Pepd	False
16203	Cebpg	False
16204	Cebpa	False
16205	Slc7a10	False
16206	Lrp3	False
16207	Gpatch1	False
16208	Rhpn2	False
16209	C230052I12Rik	False
16210	Ccdc123	False
16211	Slc7a9	False
16212	Tdrd12	False
16213	Nudt19	False
16214	Rgs9bp	False
16215	Ankrd27	False
16216	Pdcd5	False
16217	Dpy19l3	False
16218	Zfp507	False
16219	E130304I02Rik	False
16220	Tshz3	False
16221	Zfp536	False
16222	C80913	False
16223	Ccne1	False
16224	1600014C10Rik	False
16225	Plekhf1	False
16226	Pop4	False
16227	Zfp939	False
16228	Zfp619	False
16229	4933402C06Rik	False
16230	A230077H06Rik	False
16231	Vstm2b	False
16232	AI987944	False
16233	Vmn2r57	False
16234	AW146154	False
16235	Zfp788	False
16236	Vmn2r-ps54	False
16237	4933421I07Rik	False
16238	9830147E19Rik	False
16239	Gm5595	False
16240	Gm2381	False
16241	Zfp936	False
16242	EU599041	False
16243	Zfp715	False
16244	Siglec5	False
16245	Siglecg	False
16246	Lim2	False
16247	Nkg7	False
16248	Cldnd2	False
16249	Etfb	False
16250	Iglon5	False
16251	4931406B18Rik	False
16252	Cd33	False
16253	Zfp658	False
16254	Zfp719	False
16255	Zfp819	False
16256	Ceacam18	False
16257	Siglece	False
16258	Ctu1	False
16259	Klk14	False
16260	Klk13	False
16261	Klk12	False
16262	Klk11	False
16263	Klk10	False
16264	Klk9	False
16265	Klk8	False
16266	Klk7	False
16267	Klk6	False
16268	Klk5	False
16269	Klk4	False
16270	Klk15	False
16271	Klk1b7-ps	False
16272	Klk1b8	False
16273	Klk1b1	False
16274	Klk1b9	False
16275	Klk1b11	False
16276	Klk1b26	False
16277	Egfbp2	False
16278	Klk1b27	False
16279	Klk1b21	False
16280	Klk1b22	False
16281	Klk1b16	False
16282	Klk1b24	False
16283	Klk1b3	False
16284	Klk1b4	False
16285	Klk1b5	False
16286	Klk1	False
16287	1700028J19Rik	False
16288	2410002F23Rik	False
16289	Acpt	False
16290	Clec11a	False
16291	Shank1	False
16292	1700008O03Rik	False
16293	Syt3	False
16294	Lrrc4b	False
16295	Aspdh	False
16296	Josd2	False
16297	2310044H10Rik	False
16298	Fam71e1	False
16299	Mybpc2	False
16300	Spib	False
16301	Pold1	False
16302	Nr1h2	False
16303	Napsa	False
16304	Kcnc3	False
16305	Myh14	False
16306	Zfp473	False
16307	Vrk3	False
16308	Atf5	False
16309	Nup62-il4i1	False
16310	Nup62	False
16311	Il4i1	False
16312	Tbc1d17	False
16313	Akt1s1	False
16314	Pnkp	False
16315	Ptov1	False
16316	Med25	False
16317	Fuz	False
16318	Ap2a1	False
16319	Tsks	False
16320	Cpt1c	False
16321	Prmt1	False
16322	Gm15545	False
16323	Bcl2l12	False
16324	Irf3	False
16325	Scaf1	False
16326	Rras	False
16327	Prr12	False
16328	Prrg2	False
16329	Nosip	False
16330	Rcn3	False
16331	Fcgrt	False
16332	Rps11	False
16333	Snord35b	False
16334	Rpl13a	False
16335	Snord35a	False
16336	Snord33	False
16337	Mir5121	False
16338	Flt3l	False
16339	Aldh16a1	False
16340	Pih1d1	False
16341	Slc17a7	False
16342	Gm581	False
16343	Ccdc155	False
16344	Dkkl1	False
16345	Tead2	False
16346	Cd37	False
16347	1700039E15Rik	False
16348	Trpm4	False
16349	Hrc	False
16350	Ppfia3	False
16351	Mtag2	False
16352	Lin7b	False
16353	Snrnp70	False
16354	Kcna7	False
16355	Ntf5	False
16356	Lhb	False
16357	Ruvbl2	False
16358	Gys1	False
16359	Ftl1	False
16360	Bax	False
16361	Dhdh	False
16362	Nucb1	False
16363	Tulp2	False
16364	Ppp1r15a	False
16365	Plekha4	False
16366	Hsd17b14	False
16367	0610005C13Rik	False
16368	Bcat2	False
16369	Fgf21	False
16370	Fut1	False
16371	Izumo1	False
16372	Rasip1	False
16373	Mamstr	False
16374	Fut2	False
16375	Sec1	False
16376	Ntn5	False
16377	Car11	False
16378	Dbp	False
16379	Sphk2	False
16380	Rpl18	False
16381	Fam83e	False
16382	Spaca4	False
16383	Sult2b1	False
16384	Lmtk3	False
16385	Cyth2	False
16386	Kcnj14	False
16387	Grwd1	False
16388	Grin2d	False
16389	Kdelr1	False
16390	Syngr4	False
16391	Tmem143	False
16392	Emp3	False
16393	Ccdc114	False
16394	Abcc6	False
16395	Nomo1	False
16396	Kcnj11	False
16397	Abcc8	False
16398	Ush1c	False
16399	Otog	False
16400	Myod1	False
16401	Kcnc1	False
16402	Sergef	False
16403	Tph1	False
16404	Saal1	False
16405	Saa3	False
16406	Saa4	False
16407	Saa1	False
16408	Saa2	False
16409	Hps5	False
16410	Gtf2h1	False
16411	Ldha	False
16412	Ldhc	False
16413	Tsg101	False
16414	Uevld	False
16415	C86187	False
16416	Gm9999	False
16417	Spty2d1	False
16418	Tmem86a	False
16419	Ptpn5	False
16420	Mrgpra6	False
16421	Mrgpra9	False
16422	Mrgpra1	False
16423	Mrgpra2a	False
16424	Mrgpra2b	False
16425	Mrgpra3	False
16426	Mrgpra4	False
16427	Mrgprb1	False
16428	Mrgprx2	False
16429	Mrgprb2	False
16430	Mrgprb3	False
16431	Zdhhc13	False
16432	Csrp3	False
16433	E2f8	False
16434	Nav2	False
16435	Dbx1	False
16436	Htatip2	False
16437	Prmt3	False
16438	Slc6a5	False
16439	Nell1	False
16440	4933405O20Rik	False
16441	Ano5	False
16442	Slc17a6	False
16443	Fancf	False
16444	Gas2	False
16445	Svip	False
16446	1700015G11Rik	False
16447	Luzp2	False
16448	Siglech	False
16449	Tubgcp5	False
16450	Cyfip1	False
16451	Nipa2	False
16452	A230056P14Rik	False
16453	Nipa1	False
16454	Herc2	False
16455	Oca2	False
16456	Gabrg3	False
16457	Gm9962	False
16458	Gabra5	False
16459	Gabrb3	False
16460	Atp10a	False
16461	Ube3a	False
16462	A230073K19Rik	False
16463	C230091D08Rik	False
16464	Ipw	False
16465	D7Ertd715e	False
16466	Snrpn	False
16467	B230209E15Rik	False
16468	A230057D06Rik	False
16469	Mir344c	False
16470	A330076H08Rik	False
16471	Mir344g	False
16472	Ndn	False
16473	Magel2	False
16474	Mkrn3	False
16475	Peg12	False
16476	Chrna7	False
16477	Otud7a	False
16478	Klf13	False
16479	E030018B13Rik	False
16480	Trpm1	False
16481	Mtmr10	False
16482	Fan1	False
16483	Mphosph10	False
16484	Mcee	False
16485	Apba2	False
16486	Fam189a1	False
16487	Ndnl2	False
16488	Tjp1	False
16489	Tarsl2	False
16490	Tm2d3	False
16491	1810008I18Rik	False
16492	Pcsk6	False
16493	Snrpa1	False
16494	H47	False
16495	Chsy1	False
16496	Lrrk1	False
16497	Aldh1a3	False
16498	Asb7	False
16499	Lins	False
16500	Lass3	False
16501	Adamts17	False
16502	Lysmd4	False
16503	Mef2a	False
16504	Lrrc28	False
16505	Ttc23	False
16506	Synm	False
16507	4833412C05Rik	False
16508	Igf1r	False
16509	Pgpep1l	False
16510	Gm16157	False
16511	Fam169b	False
16512	Arrdc4	False
16513	Nr2f2	False
16514	B130024G19Rik	False
16515	Mctp2	False
16516	Gm6567	False
16517	A730056A06Rik	False
16518	Rgma	False
16519	Chd2	False
16520	1810026B05Rik	False
16521	Fam174b	False
16522	St8sia2	False
16523	Slco3a1	False
16524	Sv2b	False
16525	1500012K07Rik	False
16526	Akap13	False
16527	Klhl25	False
16528	Agbl1	False
16529	Ntrk3	False
16530	E430016F16Rik	False
16531	Mrpl46	False
16532	Mrps11	False
16533	Det1	False
16534	Aen	False
16535	Isg20	False
16536	Acan	False
16537	Hapln3	False
16538	Mfge8	False
16539	Abhd2	False
16540	Rlbp1	False
16541	Fanci	False
16542	Polg	False
16543	AI854517	False
16544	Rhcg	False
16545	5730590G19Rik	False
16546	Kif7	False
16547	Plin1	False
16548	Pex11a	False
16549	Wdr93	False
16550	Mesp1	False
16551	Mesp2	False
16552	Anpep	False
16553	Ap3s2	False
16554	2610034B18Rik	False
16555	Zfp710	False
16556	LOC100859962	False
16557	Idh2	False
16558	Sema4b	False
16559	Cib1	False
16560	D330012F22Rik	False
16561	Ttll13	False
16562	Ngrn	False
16563	Vps33b	False
16564	Prc1	False
16565	Rccd1	False
16566	Unc45a	False
16567	Hddc3	False
16568	Man2a2	False
16569	Fes	False
16570	Furin	False
16571	Blm	False
16572	Crtc3	False
16573	Gm15880	False
16574	Iqgap1	False
16575	Zscan2	False
16576	Wdr73	False
16577	Nmb	False
16578	Sec11a	False
16579	Zfp592	False
16580	Alpk3	False
16581	Slc28a1	False
16582	Pde8a	False
16583	Rps17	False
16584	Cpeb1	False
16585	Ap3b2	False
16586	BC048679	False
16587	2900076A07Rik	False
16588	Fsd2	False
16589	Whamm	False
16590	Homer2	False
16591	Fam103a1	False
16592	3110040N11Rik	False
16593	Btbd1	False
16594	Tm6sf1	False
16595	Hdgfrp3	False
16596	Bnc1	False
16597	LOC434205	False
16598	Sh3gl3	False
16599	Adamtsl3	False
16600	Fam154b	False
16601	Eftud1	False
16602	4933406J10Rik	False
16603	Mex3b	False
16604	4933430H16Rik	False
16605	Tmc3	False
16606	Stard5	False
16607	Il16	False
16608	1700026D08Rik	False
16609	Mesdc1	False
16610	Mesdc2	False
16611	9930013L23Rik	False
16612	Fam108c	False
16613	Arnt2	False
16614	Gm2115	False
16615	Fah	False
16616	Zfand6	False
16617	2610206C17Rik	False
16618	Folh1	False
16619	Vmn2r77	False
16620	Vmn2r78	False
16621	Nox4	False
16622	Tyr	False
16623	Grm5	False
16624	Ctsc	False
16625	Rab38	False
16626	Tmem135	False
16627	Fzd4	False
16628	Prss23	False
16629	Me3	False
16630	Ccdc81	False
16631	l7Rn6	False
16632	Eed	False
16633	E230029C05Rik	False
16634	2310010J17Rik	False
16635	Picalm	False
16636	Ccdc83	False
16637	Sytl2	False
16638	Ccdc89	False
16639	Crebzf	False
16640	Tmem126a	False
16641	Tmem126b	False
16642	Dlg2	False
16643	Ccdc90b	False
16644	Ankrd42	False
16645	Pcf11	False
16646	4632427E13Rik	False
16647	Rab30	False
16648	4632434I11Rik	False
16649	Prcp	False
16650	Fam181b	False
16651	Odz4	False
16652	Gm15413	False
16653	Nars2	False
16654	Gab2	False
16655	Usp35	False
16656	Kctd21	False
16657	Alg8	False
16658	Ndufc2	False
16659	Thrsp	False
16660	Kctd14	False
16661	Ints4	False
16662	1810020D17Rik	False
16663	Rsf1	False
16664	Clns1a	False
16665	Aqp11	False
16666	Pak1	False
16667	Gdpd4	False
16668	Myo7a	False
16669	Capn5	False
16670	Omp	False
16671	LOC330599	False
16672	B3gnt6	False
16673	Acer3	False
16674	Tsku	False
16675	Gucy2d	False
16676	Lrrc32	False
16677	2210018M11Rik	False
16678	Prkrir	False
16679	Wnt11	False
16680	Uvrag	False
16681	Dgat2	False
16682	Mogat2	False
16683	Mtap6	False
16684	Serpinh1	False
16685	Gdpd5	False
16686	Klhl35	False
16687	Rps3	False
16688	Snord15b	False
16689	Snord15a	False
16690	Arrb1	False
16691	Gm4980	False
16692	Slco2b1	False
16693	Olfr520	False
16694	Neu3	False
16695	Spcs2	False
16696	Xrra1	False
16697	Rnf169	False
16698	Chrdl2	False
16699	Pold3	False
16700	Lipt2	False
16701	Kcne3	False
16702	Pgm2l1	False
16703	Gpx2-ps1	False
16704	P4ha3	False
16705	Ppme1	False
16706	C2cd3	False
16707	Ucp3	False
16708	Ucp2	False
16709	Dnajb13	False
16710	Chchd8	False
16711	Mrpl48	False
16712	Rab6a	False
16713	Plekhb1	False
16714	Fam168a	False
16715	Relt	False
16716	Arhgef17	False
16717	P2ry6	False
16718	P2ry2	False
16719	Fchsd2	False
16720	Atg16l2	False
16721	Stard10	False
16722	Arap1	False
16723	Pde2a	False
16724	Art2a-ps	False
16725	Art2b	False
16726	Clpb	False
16727	Phox2a	False
16728	Inppl1	False
16729	Folr2	False
16730	Folr1	False
16731	3200002M19Rik	False
16732	Tomt	False
16733	2400001E08Rik	False
16734	Lrrc51	False
16735	Numa1	False
16736	Il18bp	False
16737	Rnf121	False
16738	Trpc2	False
16739	Art5	False
16740	Art1	False
16741	Chrna10	False
16742	Nup98	False
16743	Pgap2	False
16744	Rhog	False
16745	Stim1	False
16746	Rrm1	False
16747	Olfr543	False
16748	Olfr544	False
16749	Trim21	False
16750	Olfr550	False
16751	Olfr552	False
16752	Trim68	False
16753	Olfr558	False
16754	Olfr78	False
16755	Olfr613	False
16756	Olfr629	False
16757	Olfr69	False
16758	Hbb-b2	False
16759	Hbb-b1	False
16760	Beta-s	False
16761	Hbb-bh2	False
16762	Hbb-bh1	False
16763	Hbb-y	False
16764	Olfr631	False
16765	Olfr632	False
16766	Ubqln3	False
16767	E030002O03Rik	False
16768	Trim6	False
16769	Trim34a	False
16770	Trim12a	False
16771	LOC622070	False
16772	Trim34b	False
16773	Trim12c	False
16774	Trim30b	False
16775	Trim30a	False
16776	Trim30d	False
16777	Trim30e-ps1	False
16778	Olfr658	False
16779	Dub1	False
16780	Fam160a2	False
16781	Gm5901	False
16782	Cnga4	False
16783	Cckbr	False
16784	Prkcdbp	False
16785	Smpd1	False
16786	Apbb1	False
16787	Hpx	False
16788	Trim3	False
16789	Arfip2	False
16790	Fxc1	False
16791	Rrp8	False
16792	Ilk	False
16793	Taf10	False
16794	Tpp1	False
16795	Dchs1	False
16796	Mrpl17	False
16797	Gm15645	False
16798	Gvin1	False
16799	Gm18853	False
16800	Gm8979	False
16801	Gm8989	False
16802	Gm4759	False
16803	Olfr697	False
16804	Olfr701	False
16805	Olfr710	False
16806	Rbmxl2	False
16807	Syt9	False
16808	Olfml1	False
16809	Ppfibp2	False
16810	Cyb5r2	False
16811	Ovch2	False
16812	Nlrp10	False
16813	Eif3f	False
16814	Tub	False
16815	Ric3	False
16816	Lmo1	False
16817	Stk33	False
16818	Trim66	False
16819	Rpl27a	False
16820	Snora3	False
16821	St5	False
16822	D930014E17Rik	False
16823	BC051019	False
16824	Ascl3	False
16825	Tmem9b	False
16826	Nrip3	False
16827	Scube2	False
16828	Dennd5a	False
16829	Tmem41b	False
16830	1600010M07Rik	False
16831	Ipo7	False
16832	Snora23	False
16833	Zfp143	False
16834	Wee1	False
16835	Swap70	False
16836	Sbf2	False
16837	Adm	False
16838	Ampd3	False
16839	Rnf141	False
16840	Lyve1	False
16841	Mrvi1	False
16842	Gm16336	False
16843	Ctr9	False
16844	Eif4g2	False
16845	1700012D14Rik	False
16846	Galntl4	False
16847	Usp47	False
16848	Dkk3	False
16849	Mical2	False
16850	Micalcl	False
16851	Parva	False
16852	Tead1	False
16853	Rassf10	False
16854	4930543E12Rik	False
16855	Arntl	False
16856	Btbd10	False
16857	Pth	False
16858	Far1	False
16859	Spon1	False
16860	Rras2	False
16861	Copb1	False
16862	Psma1	False
16863	4933406I18Rik	False
16864	Pde3b	False
16865	Cyp2r1	False
16866	Calca	False
16867	Calcb	False
16868	Insc	False
16869	A730082K24Rik	False
16870	Sox6	False
16871	1700003G18Rik	False
16872	1110004F10Rik	False
16873	Plekha7	False
16874	Rps13	False
16875	Pik3c2a	False
16876	Nucb2	False
16877	Xylt1	False
16878	Rps15a	False
16879	Arl6ip1	False
16880	Smg1	False
16881	4930583K01Rik	False
16882	Syt17	False
16883	Itpripl2	False
16884	Coq7	False
16885	Tmc7	False
16886	Tmc5	False
16887	Gde1	False
16888	6330503K22Rik	False
16889	9030624J02Rik	False
16890	2310008H09Rik	False
16891	Iqck	False
16892	Gprc5b	False
16893	Gp2	False
16894	Umod	False
16895	Pdilt	False
16896	Acsm5	False
16897	Acsm2	False
16898	Acsm1	False
16899	Acsm4	False
16900	Thumpd1	False
16901	Acsm3	False
16902	Eri2	False
16903	2610020H08Rik	False
16904	Dcun1d3	False
16905	Lyrm1	False
16906	Tmem159	False
16907	Zp2	False
16908	Anks4b	False
16909	Crym	False
16910	Abca14	False
16911	Abca16	False
16912	E130201H02Rik	False
16913	Uqcrc2	False
16914	Pdzd9	False
16915	BC030336	False
16916	Vwa3a	False
16917	Eef2k	False
16918	Polr3e	False
16919	Cdr2	False
16920	4933427G17Rik	False
16921	Mettl9	False
16922	Igsf6	False
16923	Otoa	False
16924	Hs3st2	False
16925	Usp31	False
16926	Scnn1g	False
16927	Scnn1b	False
16928	Cog7	False
16929	Gga2	False
16930	Ears2	False
16931	Ubfd1	False
16932	Ndufab1	False
16933	Palb2	False
16934	Dctn5	False
16935	Plk1	False
16936	Ern2	False
16937	2010110P09Rik	False
16938	Prkcb	False
16939	Cacng3	False
16940	4930413G21Rik	False
16941	Rbbp6	False
16942	Tnrc6a	False
16943	Slc5a11	False
16944	Arhgap17	False
16945	Lcmt1	False
16946	Aqp8	False
16947	Zkscan2	False
16948	Hs3st4	False
16949	3100003L05Rik	False
16950	4933440M02Rik	False
16951	Jmjd5	False
16952	Nsmce1	False
16953	Il4ra	False
16954	Il21r	False
16955	Gtf3c1	False
16956	D430042O09Rik	False
16957	Gsg1l	False
16958	Xpo6	False
16959	Sbk1	False
16960	Lat	False
16961	Spns1	False
16962	Nfatc2ip	False
16963	Cd19	False
16964	Rabep2	False
16965	Atp2a1	False
16966	Sh2b1	False
16967	Tufm	False
16968	Atxn2l	False
16969	Eif3c	False
16970	Cln3	False
16971	Apobr	False
16972	Il27	False
16973	Nupr1	False
16974	Ccdc101	False
16975	Sult1a1	False
16976	Slx1b	False
16977	Bola2	False
16978	Coro1a	False
16979	Mapk3	False
16980	Gdpd3	False
16981	Ypel3	False
16982	Tbx6	False
16983	Ppp4c	False
16984	Aldoa	False
16985	Fam57b	False
16986	4930451I11Rik	False
16987	Doc2a	False
16988	Ino80e	False
16989	Hirip3	False
16990	Taok2	False
16991	Tmem219	False
16992	Kctd13	False
16993	Asphd1	False
16994	Sez6l2	False
16995	Cdipt	False
16996	Mvp	False
16997	2900092E17Rik	False
16998	Prrt2	False
16999	Maz	False
17000	Kif22	False
17001	Zg16	False
17002	AI467606	False
17003	Qprt	False
17004	Spn	False
17005	Cd2bp2	False
17006	Tbc1d10b	False
17007	Mylpf	False
17008	Sept1	False
17009	Gm4532	False
17010	Zfp553	False
17011	Zfp771	False
17012	Dctpp1	False
17013	Sephs2	False
17014	Itgal	False
17015	Zfp768	False
17016	Zfp747	False
17017	9130019O22Rik	False
17018	E430018J23Rik	False
17019	Zfp764	False
17020	Zfp688	False
17021	Zfp689	False
17022	Prr14	False
17023	Fbrs	False
17024	1700008J07Rik	False
17025	Phkg2	False
17026	Gm166	False
17027	Rnf40	False
17028	1700120K04Rik	False
17029	Zfp629	False
17030	Bcl7c	False
17031	Ctf1	False
17032	Ctf2	False
17033	Fbxl19	False
17034	Orai3	False
17035	Setd1a	False
17036	Hsd3b7	False
17037	Stx1b	False
17038	Stx4a	False
17039	Zfp668	False
17040	Zfp646	False
17041	Prss53	False
17042	Vkorc1	False
17043	Bckdk	False
17044	Myst1	False
17045	Prss8	False
17046	Prss36	False
17047	Fus	False
17048	Pycard	False
17049	Trim72	False
17050	Itgam	False
17051	Itgax	False
17052	Itgad	False
17053	Cox6a2	False
17054	9130023H24Rik	False
17055	Armc5	False
17056	Tgfb1i1	False
17057	Slc5a2	False
17058	BC017158	False
17059	Rgs10	False
17060	Tial1	False
17061	Bag3	False
17062	Inpp5f	False
17063	Mcmbp	False
17064	Sec23ip	False
17065	Ppapdc1a	False
17066	Wdr11	False
17067	Gm4265	False
17068	Fgfr2	False
17069	Ate1	False
17070	Nsmce4a	False
17071	Tacc2	False
17072	Btbd16	False
17073	Plekha1	False
17074	Htra1	False
17075	Dmbt1	False
17076	1700029B22Rik	False
17077	5430419D17Rik	False
17078	Cuzd1	False
17079	1700007K09Rik	False
17080	Fam24a	False
17081	2310057M21Rik	False
17082	Pstk	False
17083	Ikzf5	False
17084	Acadsb	False
17085	Hmx3	False
17086	Hmx2	False
17087	Bub3	False
17088	Gpr26	False
17089	Cpxm2	False
17090	Chst15	False
17091	Gm10584	False
17092	Oat	False
17093	Nkx1-2	False
17094	Lhpp	False
17095	Fam53b	False
17096	Mettl10	False
17097	Fam175b	False
17098	Zranb1	False
17099	Ctbp2	False
17100	4930483O08Rik	False
17101	4930404H21Rik	False
17102	2700050L05Rik	False
17103	Mmp21	False
17104	Uros	False
17105	Bccip	False
17106	Dhx32	False
17107	Fank1	False
17108	Adam12	False
17109	D7Ertd443e	False
17110	Dock1	False
17111	Fam196a	False
17112	1700120G07Rik	False
17113	Nps	False
17114	Clrn3	False
17115	Ptpre	False
17116	5830432E09Rik	False
17117	Mki67	False
17118	C230079O03	False
17119	Gm6249	False
17120	Mgmt	False
17121	Ebf3	False
17122	Gm10578	False
17123	9430038I01Rik	False
17124	Glrx3	False
17125	Tcerg1l	False
17126	Mapk1ip1	False
17127	Ppp2r2d	False
17128	Bnip3	False
17129	Jakmip3	False
17130	Dpysl4	False
17131	Stk32c	False
17132	Lrrc27	False
17133	Pwwp2b	False
17134	Inpp5a	False
17135	Nkx6-2	False
17136	E030019B06Rik	False
17137	Gpr123	False
17138	Kndc1	False
17139	Utf1	False
17140	6430531B16Rik	False
17141	Adam8	False
17142	Tubgcp2	False
17143	Zfp511	False
17144	Msx3	False
17145	Caly	False
17146	Prap1	False
17147	1810014F10Rik	False
17148	Echs1	False
17149	Paox	False
17150	Mtg1	False
17151	Sprn	False
17152	Cd163l1	False
17153	5830411N06Rik	False
17154	Olfr60	False
17155	Olfr536	False
17156	Cyp2e1	False
17157	Syce1	False
17158	Zfp941	False
17159	1190003J15Rik	False
17160	C330022C24Rik	False
17161	Scgb1c1	False
17162	Odf3	False
17163	Bet1l	False
17164	Ric8	False
17165	Sirt3	False
17166	Psmd13	False
17167	Cox8b	False
17168	BC024386	False
17169	Nlrp6	False
17170	Athl1	False
17171	Ifitm5	False
17172	Ifitm2	False
17173	Ifitm1	False
17174	Ifitm3	False
17175	Ifitm6	False
17176	B4galnt4	False
17177	Pkp3	False
17178	Sigirr	False
17179	Ano9	False
17180	Ptdss2	False
17181	Rnh1	False
17182	Hras1	False
17183	Lrrc56	False
17184	1600016N20Rik	False
17185	Rassf7	False
17186	Phrf1	False
17187	Irf7	False
17188	Cdhr5	False
17189	Sct	False
17190	Drd4	False
17191	Deaf1	False
17192	Tmem80	False
17193	Eps8l2	False
17194	B230206H07Rik	False
17195	Taldo1	False
17196	Pddc1	False
17197	Cend1	False
17198	Slc25a22	False
17199	Lrdd	False
17200	Rplp2	False
17201	Snora52	False
17202	Pnpla2	False
17203	Efcab4a	False
17204	Cd151	False
17205	Polr2l	False
17206	Tspan4	False
17207	Chid1	False
17208	Ap2a2	False
17209	Gm16982	False
17210	Muc6	False
17211	Muc5ac	False
17212	Muc5b	False
17213	Tollip	False
17214	Brsk2	False
17215	Mob2	False
17216	Dusp8	False
17217	Krtap5-5	False
17218	Krtap5-4	False
17219	6330512M04Rik	False
17220	Ctsd	False
17221	Syt8	False
17222	Tnni2	False
17223	Lsp1	False
17224	Gm14492	False
17225	Tnnt3	False
17226	Mrpl23	False
17227	Nctc1	False
17228	H19	False
17229	Igf2	False
17230	Igf2as	False
17231	Ins2	False
17232	Th	False
17233	Ascl2	False
17234	Tspan32	False
17235	R74862	False
17236	Cd81	False
17237	Tssc4	False
17238	Trpm5	False
17239	Kcnq1	False
17240	Kcnq1ot1	False
17241	4933417O13Rik	False
17242	Cdkn1c	False
17243	Slc22a18	False
17244	Phlda2	False
17245	Nap1l4	False
17246	Cars	False
17247	Tnfrsf26	False
17248	Tnfrsf22	False
17249	Tnfrsf23	False
17250	Osbpl5	False
17251	Mrgprg	False
17252	Mrgpre	False
17253	Nadsyn1	False
17254	Dhcr7	False
17255	Shank2	False
17256	Cttn	False
17257	Ppfia1	False
17258	Fadd	False
17259	Ano1	False
17260	Fgf3	False
17261	Fgf4	False
17262	Fgf15	False
17263	Oraov1	False
17264	Ccnd1	False
17265	1810010D01Rik	False
17266	Tpcn2	False
17267	Mrgprf	False
17268	Mrgprd	False
17269	Insr	False
17270	A430078G23Rik	False
17271	Arhgef18	False
17272	Pex11c	False
17273	1700019B03Rik	False
17274	Zfp358	False
17275	Mcoln1	False
17276	Pnpla6	False
17277	C330021F23Rik	False
17278	Camsap3	False
17279	Xab2	False
17280	2900053A13Rik	False
17281	Pcp2	False
17282	Stxbp2	False
17283	Retn	False
17284	1810033B17Rik	False
17285	2400009B08Rik	False
17286	Trappc5	False
17287	Fcer2a	False
17288	Clec4g	False
17289	Cd209a	False
17290	Cd209e	False
17291	Cd209d	False
17292	Cd209b	False
17293	Cd209c	False
17294	Cd209f	False
17295	Cd209g	False
17296	Evi5l	False
17297	BC068157	False
17298	Lrrc8e	False
17299	Map2k7	False
17300	Gm14378	False
17301	Snapc2	False
17302	Ctxn1	False
17303	Timm44	False
17304	Elavl1	False
17305	Ccl25	False
17306	Lass4	False
17307	Zfp958	False
17308	Shcbp1	False
17309	Slc10a2	False
17310	Efnb2	False
17311	Arglu1	False
17312	Fam155a	False
17313	Lig4	False
17314	Abhd13	False
17315	Tnfsf13b	False
17316	Myo16	False
17317	B930025P03Rik	False
17318	3930402G23Rik	False
17319	Irs2	False
17320	9530052E02Rik	False
17321	Col4a1	False
17322	Col4a2	False
17323	Rab20	False
17324	Carkd	False
17325	Cars2	False
17326	Ing1	False
17327	Ankrd10	False
17328	1700016D06Rik	False
17329	Gm6524	False
17330	Arhgef7	False
17331	1700018L24Rik	False
17332	Gm5607	False
17333	Sox1	False
17334	Spaca7	False
17335	Tubgcp3	False
17336	Gm15348	False
17337	Atp11a	False
17338	Gm15350	False
17339	Mcf2l	False
17340	F7	False
17341	F10	False
17342	Proz	False
17343	Pcid2	False
17344	Cul4a	False
17345	Lamp1	False
17346	Grtp1	False
17347	Adprhl1	False
17348	Dcun1d2	False
17349	Tmco3	False
17350	Tfdp1	False
17351	Atp4b	False
17352	Grk1	False
17353	Fam70b	False
17354	Gas6	False
17355	1700029H14Rik	False
17356	Rasa3	False
17357	4932443I19Rik	False
17358	Cdc16	False
17359	Upf3a	False
17360	AF366264	False
17361	Zfp828	False
17362	2410022L05Rik	False
17363	Fbxo25	False
17364	2610019F03Rik	False
17365	Erich1	False
17366	Dlgap2	False
17367	Cln8	False
17368	Arhgef10	False
17369	Kbtbd11	False
17370	BB014433	False
17371	Myom2	False
17372	Csmd1	False
17373	Mcph1	False
17374	Angpt2	False
17375	Agpat5	False
17376	Xkr5	False
17377	Defb40	False
17378	Defb37	False
17379	Defb38	False
17380	Defb39	False
17381	Defb12	False
17382	Spag11b	False
17383	Spag11a	False
17384	Defb14	False
17385	Defb4	False
17386	Defa-ps12	False
17387	Defb6	False
17388	Defb46	False
17389	Defb5	False
17390	Defb3	False
17391	Defa-ps13	False
17392	Defb8	False
17393	4930467E23Rik	False
17394	6820431F20Rik	False
17395	Gm15319	False
17396	2610005L07Rik	False
17397	Defb48-ps	False
17398	Defb33	False
17399	Gm15056	False
17400	Gm14851	False
17401	AY761184	False
17402	Defb1	False
17403	Defb50	False
17404	Defb2	False
17405	Defb9	False
17406	Defb11	False
17407	Defb15	False
17408	C86695	False
17409	Atp7b	False
17410	Alg11	False
17411	Nek5	False
17412	Nek3	False
17413	Ckap2	False
17414	Vps36	False
17415	Thsd1	False
17416	Tpte	False
17417	Slc25a15	False
17418	1810012K16Rik	False
17419	Mrps31	False
17420	AI316807	False
17421	Slc20a2	False
17422	Vdac3	False
17423	Dkk4	False
17424	Polb	False
17425	A930013F10Rik	False
17426	Ikbkb	False
17427	Plat	False
17428	Ap3m2	False
17429	Myst3	False
17430	Ank1	False
17431	Nkx6-3	False
17432	Agpat6	False
17433	Gins4	False
17434	Golga7	False
17435	Sfrp1	False
17436	Zmat4	False
17437	1810011O10Rik	False
17438	Ido2	False
17439	Ido1	False
17440	Adam18	False
17441	Adam3	False
17442	Adam5	False
17443	Adam32	False
17444	Adam9	False
17445	Tm2d2	False
17446	Htra4	False
17447	Plekha2	False
17448	Tacc1	False
17449	5430421F17Rik	False
17450	Fgfr1	False
17451	Letm2	False
17452	Whsc1l1	False
17453	Ppapdc1b	False
17454	Ddhd2	False
17455	Bag4	False
17456	Lsm1	False
17457	Star	False
17458	Ash2l	False
17459	Kcnu1	False
17460	Hgsnat	False
17461	4930444A02Rik	False
17462	Fnta	False
17463	Hook3	False
17464	Rnf170	False
17465	Thap1	False
17466	2310008N11Rik	False
17467	Zfp703	False
17468	Erlin2	False
17469	Prosc	False
17470	Gpr124	False
17471	Brf2	False
17472	Rab11fip1	False
17473	4933416M07Rik	False
17474	Got1l1	False
17475	Adrb3	False
17476	Eif4ebp1	False
17477	Gm9731	False
17478	Tex24	False
17479	Chrnb3	False
17480	Gm8096	False
17481	Unc5d	False
17482	Dusp26	False
17483	Rnf122	False
17484	Tti2	False
17485	Mak16	False
17486	Fut10	False
17487	7420700N18Rik	False
17488	Nrg1	False
17489	Gm8179	False
17490	Wrn	False
17491	Purg	False
17492	Hmgb1-rs17	False
17493	Tex15	False
17494	Ppp2cb	False
17495	Ubxn8	False
17496	Gsr	False
17497	Gtf2e2	False
17498	2700090O03Rik	False
17499	Rbpms	False
17500	Dctn6	False
17501	Mboat4	False
17502	Leprotl1	False
17503	Tmem66	False
17504	B930018H19	False
17505	Dusp4	False
17506	Tnks	False
17507	Ppp1r3b	False
17508	Eri1	False
17509	Gm16793	False
17510	Mfhas1	False
17511	Cldn23	False
17512	5430403N17	False
17513	D8Ertd82e	False
17514	Lonrf1	False
17515	6430573F11Rik	False
17516	Dlc1	False
17517	AI429214	False
17518	Sgcz	False
17519	Tusc3	False
17520	Gm6213	False
17521	Msr1	False
17522	Fgf20	False
17523	Efha2	False
17524	Zdhhc2	False
17525	Cnot7	False
17526	Vps37a	False
17527	Mtmr7	False
17528	Slc7a2	False
17529	Pdgfrl	False
17530	Mtus1	False
17531	B430010I23Rik	False
17532	Fgl1	False
17533	Pcm1	False
17534	Asah1	False
17535	Frg1	False
17536	Triml1	False
17537	Zfp42	False
17538	Fat1	False
17539	AY512931	False
17540	Mtnr1a	False
17541	Gm6329	False
17542	F11	False
17543	Klkb1	False
17544	Cyp4v3	False
17545	Fam149a	False
17546	Tlr3	False
17547	Sorbs2	False
17548	D330022K07Rik	False
17549	Pdlim3	False
17550	Ccdc110	False
17551	1700029J07Rik	False
17552	Ufsp2	False
17553	Ankrd37	False
17554	Lrp2bp	False
17555	Snx25	False
17556	4933411K20Rik	False
17557	Slc25a4	False
17558	Helt	False
17559	Acsl1	False
17560	Mlf1ip	False
17561	Ccdc111	False
17562	Casp3	False
17563	Gm16675	False
17564	Irf2	False
17565	Enpp6	False
17566	Stox2	False
17567	D030016E14Rik	False
17568	Rwdd4a	False
17569	Ing2	False
17570	Cdkn2aip	False
17571	Cldn22	False
17572	Wwc2	False
17573	Dctd	False
17574	Odz3	False
17575	Aga	False
17576	Neil3	False
17577	Vegfc	False
17578	Spcs3	False
17579	Asb5	False
17580	Spata4	False
17581	Wdr17	False
17582	Gpm6a	False
17583	Glra3	False
17584	Hpgd	False
17585	BC088983	False
17586	Fbxo8	False
17587	Hand2	False
17588	Scrg1	False
17589	Sap30	False
17590	Hmgb2	False
17591	Galnt7	False
17592	AW046200	False
17593	Galntl6	False
17594	BC030500	False
17595	Aadat	False
17596	Mfap3l	False
17597	2700029M09Rik	False
17598	Clcn3	False
17599	Nek1	False
17600	Sh3rf1	False
17601	1700001D01Rik	False
17602	Cbr4	False
17603	Palld	False
17604	Ddx60	False
17605	Anxa10	False
17606	Spock3	False
17607	Gm4975	False
17608	Tll1	False
17609	Mir710	False
17610	Cpe	False
17611	Sc4mol	False
17612	Klhl2	False
17613	Tmem192	False
17614	Trim60	False
17615	Trim61	False
17616	Gm10664	False
17617	BC030870	False
17618	March1	False
17619	1810029B16Rik	False
17620	Tktl2	False
17621	Npy5r	False
17622	Npy1r	False
17623	Naf1	False
17624	Nat1	False
17625	Nat2	False
17626	Nat3	False
17627	Psd3	False
17628	Sh2d4a	False
17629	Csgalnact1	False
17630	1700125H03Rik	False
17631	Ints10	False
17632	Lpl	False
17633	Slc18a1	False
17634	Atp6v1b2	False
17635	Lzts1	False
17636	Zfp930	False
17637	D130040H23Rik	False
17638	Gm10033	False
17639	Zfp868	False
17640	Zfp964	False
17641	Zfp869	False
17642	Zfp963	False
17643	Zfp866	False
17644	Atp13a1	False
17645	Gmip	False
17646	Lpar2	False
17647	Pbx4	False
17648	Cilp2	False
17649	Ndufa13	False
17650	Tssk6	False
17651	Gatad2a	False
17652	Mau2	False
17653	Sugp1	False
17654	Tm6sf2	False
17655	Hapln4	False
17656	Ncan	False
17657	Rfxank	False
17658	Nr2c2ap	False
17659	2310045N01Rik	False
17660	Mef2b	False
17661	Tmem161a	False
17662	Slc25a42	False
17663	Armc6	False
17664	Sugp2	False
17665	Homer3	False
17666	Ddx49	False
17667	Cope	False
17668	Gdf1	False
17669	Upf1	False
17670	Comp	False
17671	Crtc1	False
17672	Klhl26	False
17673	Tmem59l	False
17674	Crlf1	False
17675	2810428I15Rik	False
17676	Uba52	False
17677	2810422J05Rik	False
17678	Fkbp8	False
17679	Ell	False
17680	Isyna1	False
17681	Ssbp4	False
17682	Lrrc25	False
17683	Gdf15	False
17684	Pgpep1	False
17685	Lsm4	False
17686	Jund	False
17687	Gm3336	False
17688	Pde4c	False
17689	Rab3a	False
17690	Mpv17l2	False
17691	Ifi30	False
17692	Pik3r2	False
17693	2010320M18Rik	False
17694	Mast3	False
17695	Il12rb1	False
17696	Arrdc2	False
17697	Kcnn1	False
17698	Ccdc124	False
17699	Slc5a5	False
17700	Rpl18a	False
17701	Snora68	False
17702	Mtap1s	False
17703	Haus8	False
17704	Myo9b	False
17705	Use1	False
17706	Ocel1	False
17707	Nr2f6	False
17708	Ushbp1	False
17709	5430437P03Rik	False
17710	Ankle1	False
17711	Abhd8	False
17712	Mrpl34	False
17713	Dda1	False
17714	Ano8	False
17715	Gtpbp3	False
17716	Plvap	False
17717	Bst2	False
17718	Fam125a	False
17719	Tmem221	False
17720	Nxnl1	False
17721	Slc27a1	False
17722	Pgls	False
17723	Fam129c	False
17724	Glt25d1	False
17725	Unc13a	False
17726	Jak3	False
17727	Insl3	False
17728	B3gnt3	False
17729	Fcho1	False
17730	Zfp709	False
17731	Zfp882	False
17732	Zfp617	False
17733	Zfp961	False
17734	Cyp4f18	False
17735	Olfr373	False
17736	Tpm4	False
17737	Rab8a	False
17738	Hsh2d	False
17739	Cib3	False
17740	Fam32a	False
17741	Ap1m1	False
17742	Klf2	False
17743	Eps15l1	False
17744	Calr3	False
17745	1700030K09Rik	False
17746	Cherp	False
17747	Slc35e1	False
17748	Med26	False
17749	9130011J15Rik	False
17750	Tmem38a	False
17751	Nwd1	False
17752	Sin3b	False
17753	F2rl3	False
17754	Large	False
17755	Isx	False
17756	Hmgxb4	False
17757	Tom1	False
17758	Hmox1	False
17759	Mcm5	False
17760	Rasd2	False
17761	1700007B14Rik	False
17762	Gm10649	False
17763	Nr3c2	False
17764	Arhgap10	False
17765	0610038B21Rik	False
17766	Prmt10	False
17767	Tmem184c	False
17768	Ednra	False
17769	Ttc29	False
17770	Rbmxl1	False
17771	Slc10a7	False
17772	Lsm6	False
17773	Zfp827	False
17774	1700011L22Rik	False
17775	Mmaa	False
17776	Gm4890	False
17777	Smad1	False
17778	Otud4	False
17779	Abce1	False
17780	Anapc10	False
17781	Hhip	False
17782	Gypa	False
17783	Frem3	False
17784	Smarca5	False
17785	Gab1	False
17786	Usp38	False
17787	Inpp4b	False
17788	Il15	False
17789	Zfp330	False
17790	Rnf150	False
17791	Tbc1d9	False
17792	Ucp1	False
17793	Elmod2	False
17794	Clgn	False
17795	Scoc	False
17796	Ndufb7	False
17797	Tecr	False
17798	Dnajb1	False
17799	Gipc1	False
17800	Ptger1	False
17801	Pkn1	False
17802	Ddx39	False
17803	Cd97	False
17804	Lphn1	False
17805	Asf1b	False
17806	Prkaca	False
17807	Samd1	False
17808	1700067K01Rik	False
17809	Palm3	False
17810	Il27ra	False
17811	Rln3	False
17812	Rfx1	False
17813	Dcaf15	False
17814	Podnl1	False
17815	Cc2d1a	False
17816	4930432K21Rik	False
17817	Nanos3	False
17818	Mir27a	False
17819	Mir24-2	False
17820	Zswim4	False
17821	D8Ertd738e	False
17822	Mri1	False
17823	Ccdc130	False
17824	Cacna1a	False
17825	Ier2	False
17826	Nacc1	False
17827	Trmt1	False
17828	Lyl1	False
17829	Nfix	False
17830	Dand5	False
17831	Gadd45gip1	False
17832	Rad23a	False
17833	Calr	False
17834	Farsa	False
17835	Syce2	False
17836	Gcdh	False
17837	Klf1	False
17838	Dnase2a	False
17839	Mast1	False
17840	Rtbdn	False
17841	Rnaseh2a	False
17842	Prdx2	False
17843	Junb	False
17844	Hook2	False
17845	Best2	False
17846	Asna1	False
17847	2310036O22Rik	False
17848	Tnpo2	False
17849	Fbxw9	False
17850	Gm5741	False
17851	Dhps	False
17852	Wdr83	False
17853	BC056474	False
17854	Man2b1	False
17855	Zfp791	False
17856	Gm6531	False
17857	Vps35	False
17858	Orc6	False
17859	Mylk3	False
17860	4921524J17Rik	False
17861	Gpt2	False
17862	Dnaja2	False
17863	Neto2	False
17864	Itfg1	False
17865	Phkb	False
17866	Abcc12	False
17867	Lonp2	False
17868	Siah1a	False
17869	Gm10638	False
17870	N4bp1	False
17871	Gm10637	False
17872	Cbln1	False
17873	Gm2694	False
17874	4933402J07Rik	False
17875	Zfp423	False
17876	Tmem188	False
17877	Heatr3	False
17878	Papd5	False
17879	Adcy7	False
17880	Brd7	False
17881	Nkd1	False
17882	Snx20	False
17883	Nod2	False
17884	Cyld	False
17885	Sall1	False
17886	Tox3	False
17887	Chd9	False
17888	Rbl2	False
17889	Aktip	False
17890	Rpgrip1l	False
17891	Fto	False
17892	Irx3	False
17893	4933436C20Rik	False
17894	Irx5	False
17895	Irx6	False
17896	Mmp2	False
17897	Lpcat2	False
17898	Capns2	False
17899	Slc6a2	False
17900	Ces1a	False
17901	Ces1b	False
17902	Ces1c	False
17903	Ces1d	False
17904	Ces1e	False
17905	Ces1f	False
17906	Ces1g	False
17907	Ces5a	False
17908	Gnao1	False
17909	4930488L21Rik	False
17910	Amfr	False
17911	Nudt21	False
17912	Ogfod1	False
17913	Bbs2	False
17914	Mt4	False
17915	Mt3	False
17916	Mt2	False
17917	Mt1	False
17918	Nup93	False
17919	Slc12a3	False
17920	Herpud1	False
17921	9330175E14Rik	False
17922	Nlrc5	False
17923	Cpne2	False
17924	Fam192a	False
17925	Rspry1	False
17926	Arl2bp	False
17927	Pllp	False
17928	Ccl22	False
17929	Cx3cl1	False
17930	Ccl17	False
17931	Ciapin1	False
17932	Coq9	False
17933	Polr2c	False
17934	Dok4	False
17935	Ccdc102a	False
17936	Gpr114	False
17937	Gpr56	False
17938	Gpr97	False
17939	Ccdc135	False
17940	Katnb1	False
17941	Kifc3	False
17942	Cngb1	False
17943	Tepp	False
17944	Zfp319	False
17945	AA960436	False
17946	Mmp15	False
17947	Gtl3	False
17948	Csnk2a2	False
17949	Ccdc113	False
17950	Gins3	False
17951	Ndrg4	False
17952	Setd6	False
17953	Cnot1	False
17954	4930513N10Rik	False
17955	Slc38a7	False
17956	Got2	False
17957	Cdh8	False
17958	Cdh11	False
17959	Cdh5	False
17960	Bean1	False
17961	Tk2	False
17962	Cklf	False
17963	Cmtm2a	False
17964	Cmtm1	False
17965	Cmtm2b	False
17966	Cmtm3	False
17967	Cmtm4	False
17968	Dync1li2	False
17969	Ccdc79	False
17970	Nae1	False
17971	Car7	False
17972	Pdp2	False
17973	Cdh16	False
17974	Rrad	False
17975	Fam96b	False
17976	Ces2a	False
17977	4932416K20Rik	False
17978	Ces2b	False
17979	Ces2c	False
17980	Ces2d-ps	False
17981	Ces2e	False
17982	Ces2f	False
17983	Ces2g	False
17984	Ces3a	False
17985	Ces3b	False
17986	Ces4a	False
17987	Cbfb	False
17988	D230025D16Rik	False
17989	B3gnt9-ps	False
17990	Tradd	False
17991	Fbxl8	False
17992	Hsf4	False
17993	Nol3	False
17994	4931428F04Rik	False
17995	Exoc3l	False
17996	E2f4	False
17997	Elmo3	False
17998	Lrrc29	False
17999	Tmem208	False
18000	Fhod1	False
18001	Slc9a5	False
18002	Plekhg4	False
18003	Kctd19	False
18004	Lrrc36	False
18005	Tppp3	False
18006	Zdhhc1	False
18007	Hsd11b2	False
18008	Atp6v0d1	False
18009	Agrp	False
18010	Fam65a	False
18011	Ctcf	False
18012	Rltpr	False
18013	Acd	False
18014	Pard6a	False
18015	E130303B06Rik	False
18016	4933405L10Rik	False
18017	Gfod2	False
18018	Ranbp10	False
18019	Tsnaxip1	False
18020	Cenpt	False
18021	Thap11	False
18022	Nutf2	False
18023	Edc4	False
18024	Nrn1l	False
18025	Pskh1	False
18026	Ctrl	False
18027	Psmb10	False
18028	Lcat	False
18029	Slc12a4	False
18030	Dpep3	False
18031	Dpep2	False
18032	Ddx28	False
18033	Dus2l	False
18034	Nfatc3	False
18035	Esrp2	False
18036	1810019D21Rik	False
18037	Pla2g15	False
18038	Slc7a6	False
18039	Slc7a6os	False
18040	Prmt7	False
18041	Smpd3	False
18042	Zfp90	False
18043	Cdh3	False
18044	1110028F18Rik	False
18045	Cdh1	False
18046	Tmco7	False
18047	Has3	False
18048	Chtf8	False
18049	Cirh1a	False
18050	Sntb2	False
18051	Vps4a	False
18052	Pdf	False
18053	Cog8	False
18054	Nip7	False
18055	Tmed6	False
18056	Terf2	False
18057	Cyb5b	False
18058	Nfat5	False
18059	Nqo1	False
18060	Nob1	False
18061	Wwp2	False
18062	Psmd7	False
18063	Zfhx3	False
18064	Gm1943	False
18065	Pmfbp1	False
18066	Dhx38	False
18067	Txnl4b	False
18068	Hp	False
18069	Dhodh	False
18070	Pkd1l3	False
18071	2400003C14Rik	False
18072	Zfp821	False
18073	Atxn1l	False
18074	Ap1g1	False
18075	Phlpp2	False
18076	Marveld3	False
18077	Tat	False
18078	Chst4	False
18079	Zfp612	False
18080	Calb2	False
18081	Ftsjd1	False
18082	Hydin	False
18083	Vac14	False
18084	Mtss1l	False
18085	Il34	False
18086	Sf3b3	False
18087	Cog4	False
18088	Fuk	False
18089	St3gal2	False
18090	Ddx19a	False
18091	Ddx19b	False
18092	Mir3473d	False
18093	Aars	False
18094	Exosc6	False
18095	Clec18a	False
18096	Pdpr	False
18097	9430091E24Rik	False
18098	Glg1	False
18099	Rfwd3	False
18100	Mlkl	False
18101	Fa2h	False
18102	Wdr59	False
18103	Znrf1	False
18104	Ldhd	False
18105	Zfp1	False
18106	Ctrb1	False
18107	Bcar1	False
18108	Cfdp1	False
18109	Tmem170	False
18110	Chst5	False
18111	Tmem231	False
18112	Gabarapl2	False
18113	Adat1	False
18114	Kars	False
18115	Terf2ip	False
18116	Cntnap4	False
18117	Mon1b	False
18118	Syce1l	False
18119	Adamts18	False
18120	Nudt7	False
18121	Vat1l	False
18122	4933408N05Rik	False
18123	Clec3a	False
18124	Wwox	False
18125	Maf	False
18126	Dynlrb2	False
18127	Cdyl2	False
18128	4930563M20Rik	False
18129	2310061C15Rik	False
18130	Cenpn	False
18131	Atmin	False
18132	1700030J22Rik	False
18133	Gcsh	False
18134	Pkd1l2	False
18135	Bcmo1	False
18136	Gan	False
18137	4933407C03Rik	False
18138	Plcg2	False
18139	Sdr42e1	False
18140	Hsd17b2	False
18141	Mphosph6	False
18142	Cdh13	False
18143	Hsbp1	False
18144	Mlycd	False
18145	Osgin1	False
18146	Necab2	False
18147	Slc38a8	False
18148	Mbtps1	False
18149	Hsdl1	False
18150	Lrrc50	False
18151	Taf1c	False
18152	Adad2	False
18153	Kcng4	False
18154	Wfdc1	False
18155	Atp2c2	False
18156	4632415K11Rik	False
18157	Cotl1	False
18158	Klhl36	False
18159	Usp10	False
18160	Crispld2	False
18161	Zdhhc7	False
18162	6430548M08Rik	False
18163	Fam92b	False
18164	Gse1	False
18165	Gins2	False
18166	1190005I06Rik	False
18167	Cox4nb	False
18168	Cox4i1	False
18169	Irf8	False
18170	1110050K14Rik	False
18171	Foxf1a	False
18172	Mthfsd	False
18173	Foxc2	False
18174	Foxl1	False
18175	1700018B08Rik	False
18176	Fbxo31	False
18177	Map1lc3b	False
18178	Zcchc14	False
18179	Jph3	False
18180	Klhdc4	False
18181	Slc7a5	False
18182	BC048644	False
18183	Car5a	False
18184	Banp	False
18185	Zfpm1	False
18186	Trhr2	False
18187	Zc3h18	False
18188	Il17c	False
18189	Cyba	False
18190	Mvd	False
18191	9330133O14Rik	False
18192	LOC319574	False
18193	Snai3	False
18194	Rnf166	False
18195	Ctu2	False
18196	Fam38a	False
18197	Cdt1	False
18198	Aprt	False
18199	Galns	False
18200	Trappc2l	False
18201	Pabpn1l	False
18202	Cbfa2t3	False
18203	Acsf3	False
18204	Cdh15	False
18205	Ankrd11	False
18206	2810013P06Rik	False
18207	Spg7	False
18208	Rpl13	False
18209	Cpne7	False
18210	Sult5a1	False
18211	Dpep1	False
18212	Chmp1a	False
18213	4732415M23Rik	False
18214	Cdk10	False
18215	Spata2l	False
18216	4933417D19Rik	False
18217	1300018I17Rik	False
18218	Zfp276	False
18219	Fanca	False
18220	Spire2	False
18221	Tcf25	False
18222	Mc1r	False
18223	Tubb3	False
18224	Def8	False
18225	Afg3l1	False
18226	Dbndd1	False
18227	Gas8	False
18228	Rhou	False
18229	6030466F02Rik	False
18230	Rab4a	False
18231	1700054N08Rik	False
18232	Acta1	False
18233	Nup133	False
18234	Abcb10	False
18235	Taf5l	False
18236	Urb2	False
18237	Galnt2	False
18238	Pgbd5	False
18239	Cog2	False
18240	Agt	False
18241	Capn9	False
18242	2310022B05Rik	False
18243	Ttc13	False
18244	Arv1	False
18245	Fam89a	False
18246	Trim67	False
18247	2810004N23Rik	False
18248	Gnpat	False
18249	Exoc8	False
18250	Gm505	False
18251	Egln1	False
18252	Tsnax	False
18253	Disc1	False
18254	Sipa1l2	False
18255	4930567H12Rik	False
18256	4933403G14Rik	False
18257	Ntpcr	False
18258	Pcnxl2	False
18259	BC021891	False
18260	Kcnk1	False
18261	Slc35f3	False
18262	1810063B05Rik	False
18263	Gm17296	False
18264	Irf2bp2	False
18265	Tomm20	False
18266	Rbm34	False
18267	Pard3	False
18268	Nrp1	False
18269	Itgb1	False
18270	Ccdc7	False
18271	1700008F21Rik	False
18272	2610044O15Rik	False
18273	4930433N12Rik	False
18274	Alkbh8	False
18275	Cwf19l2	False
18276	Gucy1a2	False
18277	Aasdhppt	False
18278	Kbtbd3	False
18279	8430410K20Rik	False
18280	Gria4	False
18281	Casp1	False
18282	Casp4	False
18283	Casp12	False
18284	Pdgfd	False
18285	Ddi1	False
18286	Dync2h1	False
18287	Dcun1d5	False
18288	Mmp13	False
18289	Mmp12	False
18290	Mmp1b	False
18291	Mmp3	False
18292	Mmp1a	False
18293	Mmp10	False
18294	Mmp8	False
18295	Mmp27	False
18296	Mmp20	False
18297	Mmp7	False
18298	Tmem123	False
18299	Birc2	False
18300	Birc3	False
18301	Yap1	False
18302	9230110C19Rik	False
18303	AK129341	False
18304	Trpc6	False
18305	Pgr	False
18306	Arhgap42	False
18307	Gm16833	False
18308	Cntn5	False
18309	Jrkl	False
18310	Ccdc82	False
18311	Phxr4	False
18312	Maml2	False
18313	Mtmr2	False
18314	Cep57	False
18315	Fam76b	False
18316	Sesn3	False
18317	Endod1	False
18318	Kdm4d	False
18319	Cwc15	False
18320	Amotl1	False
18321	Piwil4	False
18322	Fut4	False
18323	1700012B09Rik	False
18324	Ankrd49	False
18325	Mre11a	False
18326	Gpr83	False
18327	Folr4	False
18328	Panx1	False
18329	Hephl1	False
18330	2200002K05Rik	False
18331	Med17	False
18332	4931406C07Rik	False
18333	Taf1d	False
18334	5830418K08Rik	False
18335	BC017612	False
18336	Ccdc67	False
18337	4930540M03Rik	False
18338	Slc36a4	False
18339	Fat3	False
18340	Chordc1	False
18341	Naalad2	False
18342	Zfp558	False
18343	Olfr829	False
18344	Zfp317	False
18345	Olfr856-ps1	False
18346	Olfr39	False
18347	Olfr18	False
18348	Zfp560	False
18349	Zfp26	False
18350	Zfp426	False
18351	Zfp266	False
18352	Zfp846	False
18353	5730577I03Rik	False
18354	Fbxl12	False
18355	Ubl5	False
18356	Pin1	False
18357	Olfm2	False
18358	Col5a3	False
18359	Rdh8	False
18360	A230050P20Rik	False
18361	Angptl6	False
18362	Ppan	False
18363	Eif3g	False
18364	Dnmt1	False
18365	S1pr2	False
18366	Mrpl4	False
18367	Icam1	False
18368	Icam4	False
18369	Icam5	False
18370	Zglp1	False
18371	Raver1-fdx1l	False
18372	Fdx1l	False
18373	Raver1	False
18374	Tyk2	False
18375	Cdc37	False
18376	Pde4a	False
18377	Keap1	False
18378	S1pr5	False
18379	Atg4d	False
18380	Kri1	False
18381	Cdkn2d	False
18382	Ap1m2	False
18383	Slc44a2	False
18384	Ilf3	False
18385	Gm16853	False
18386	Qtrt1	False
18387	Dnm2	False
18388	Tmed1	False
18389	AB124611	False
18390	Carm1	False
18391	Yipf2	False
18392	1810026J23Rik	False
18393	Gm7904	False
18394	Smarca4	False
18395	Ldlr	False
18396	Spc24	False
18397	Kank2	False
18398	Dock6	False
18399	Gm6484	False
18400	Rab3d	False
18401	Tmem205	False
18402	Ccdc159	False
18403	BC018242	False
18404	2310047B19Rik	False
18405	Epor	False
18406	Rgl3	False
18407	Ccdc151	False
18408	Prkcsh	False
18409	Elavl3	False
18410	Zfp653	False
18411	Gm16845	False
18412	Ecsit	False
18413	Cnn1	False
18414	Elof1	False
18415	Acp5	False
18416	Pigyl	False
18417	Zfp872	False
18418	1810064F22Rik	False
18419	Zfp809	False
18420	Zfp599	False
18421	Zfp810	False
18422	Gm6607	False
18423	Anln	False
18424	9530077C05Rik	False
18425	Rp9	False
18426	Bbs9	False
18427	Bmper	False
18428	Npsr1	False
18429	Dpy19l1	False
18430	Dpy19l2	False
18431	Tbx20	False
18432	Herpud2	False
18433	Sept7	False
18434	Eepd1	False
18435	B3gat1	False
18436	Glb1l2	False
18437	Glb1l3	False
18438	Gm1110	False
18439	Acad8	False
18440	Thyn1	False
18441	Vps26b	False
18442	Ncapd3	False
18443	Jam3	False
18444	Igsf9b	False
18445	AI414108	False
18446	Spata19	False
18447	Opcml	False
18448	Ntm	False
18449	Snx19	False
18450	Adamts15	False
18451	Adamts8	False
18452	Zbtb44	False
18453	St14	False
18454	Aplp2	False
18455	Gm7244	False
18456	Prdm10	False
18457	Nfrkb	False
18458	Tmem45b	False
18459	Barx2	False
18460	Arhgap32	False
18461	Kcnj5	False
18462	Kcnj1	False
18463	Fli1	False
18464	Ets1	False
18465	7630403G23Rik	False
18466	Kirrel3	False
18467	St3gal4	False
18468	4930581F22Rik	False
18469	Dcps	False
18470	Tirap	False
18471	Foxred1	False
18472	Srpr	False
18473	Fam118b	False
18474	Rpusd4	False
18475	4933422A05Rik	False
18476	Cdon	False
18477	Ddx25	False
18478	Pus3	False
18479	Hyls1	False
18480	Pate4	False
18481	Pate2	False
18482	Gm17252	False
18483	Gm17727	False
18484	D730048I06Rik	False
18485	Gm7257	False
18486	Gm9513	False
18487	Gm5615	False
18488	A630095E13Rik	False
18489	1700027I24Rik	False
18490	Acrv1	False
18491	Chek1	False
18492	Stt3a	False
18493	Ei24	False
18494	Fez1	False
18495	Pknox2	False
18496	Tmem218	False
18497	Slc37a2	False
18498	Ccdc15	False
18499	Hepacam	False
18500	Robo4	False
18501	Robo3	False
18502	BC024479	False
18503	Esam	False
18504	Vsig2	False
18505	Nrgn	False
18506	Spa17	False
18507	Siae	False
18508	Tbrg1	False
18509	Panx3	False
18510	Olfr915	False
18511	Vwa5a	False
18512	Olfr920	False
18513	Olfr921	False
18514	Olfr44	False
18515	AW551984	False
18516	1700001J11Rik	False
18517	Zfp202	False
18518	Scn3b	False
18519	Gramd1b	False
18520	1700110K17Rik	False
18521	9030425E11Rik	False
18522	Hspa8	False
18523	4931429I11Rik	False
18524	Crtam	False
18525	Ubash3b	False
18526	1700063D05Rik	False
18527	3110039I08Rik	False
18528	2610203C20Rik	False
18529	Sorl1	False
18530	4930546K05Rik	False
18531	Sc5d	False
18532	Tecta	False
18533	Tbcel	False
18534	Grik4	False
18535	Arhgef12	False
18536	Tmem136	False
18537	Pou2f3	False
18538	Oaf	False
18539	D630033O11Rik	False
18540	Trim29	False
18541	Pvrl1	False
18542	Thy1	False
18543	Usp2	False
18544	C1qtnf5	False
18545	Rnf26	False
18546	Mcam	False
18547	Cbl	False
18548	Ccdc153	False
18549	Pdzd3	False
18550	Nlrx1	False
18551	Abcg4	False
18552	Hinfp	False
18553	C2cd2l	False
18554	Dpagt1	False
18555	H2afx	False
18556	Hmbs	False
18557	Vps11	False
18558	Hyou1	False
18559	Slc37a4	False
18560	Trappc4	False
18561	Rps25	False
18562	Ccdc84	False
18563	Foxr1	False
18564	Upk2	False
18565	Bcl9l	False
18566	Cxcr5	False
18567	Ddx6	False
18568	Treh	False
18569	Phldb1	False
18570	Arcn1	False
18571	Ift46	False
18572	Tmem25	False
18573	Ttc36	False
18574	Mll1	False
18575	Atp5l	False
18576	Ube4a	False
18577	Cd3g	False
18578	Cd3d	False
18579	Cd3e	False
18580	Mpzl2	False
18581	Mpzl3	False
18582	Amica1	False
18583	Gm10684	False
18584	Scn2b	False
18585	Scn4b	False
18586	Tmprss4	False
18587	BC049352	False
18588	Il10ra	False
18589	1700003G13Rik	False
18590	Tmprss13	False
18591	Fxyd6	False
18592	Fxyd2	False
18593	4833428L15Rik	False
18594	Dscaml1	False
18595	Cep164	False
18596	Bace1	False
18597	Rnf214	False
18598	Pcsk7	False
18599	Tagln	False
18600	Sidt2	False
18601	Pafah1b2	False
18602	Sik3	False
18603	Apoa1	False
18604	Apoc3	False
18605	Apoa4	False
18606	Apoa5	False
18607	Zfp259	False
18608	Bud13	False
18609	4931429L15Rik	False
18610	2900052N01Rik	False
18611	Gm4791	False
18612	Cadm1	False
18613	Gm10677	False
18614	Fam55b	False
18615	Fam55d	False
18616	Rexo2	False
18617	Rbm7	False
18618	Gm5617	False
18619	Nnmt	False
18620	Zbtb16	False
18621	Htr3a	False
18622	Htr3b	False
18623	Usp28	False
18624	Zw10	False
18625	Tmprss5	False
18626	Gm4894	False
18627	Ankk1	False
18628	Ttc12	False
18629	Ncam1	False
18630	Gm11149	False
18631	2310014F07Rik	False
18632	1600029D21Rik	False
18633	Pts	False
18634	Bco2	False
18635	Tex12	False
18636	Il18	False
18637	Sdhd	False
18638	Timm8b	False
18639	AU019823	False
18640	Pih1d2	False
18641	Dlat	False
18642	Dixdc1	False
18643	2310030G06Rik	False
18644	Hspb2	False
18645	Cryab	False
18646	1110032A03Rik	False
18647	Fdxacb1	False
18648	Alg9	False
18649	Ppp2r1b	False
18650	Sik2	False
18651	Layn	False
18652	4833427G06Rik	False
18653	Btg4	False
18654	Pou2af1	False
18655	Gm684	False
18656	1810046K07Rik	False
18657	Arhgap20	False
18658	9230115E21Rik	False
18659	Fdx1	False
18660	Gm6981	False
18661	Rdx	False
18662	Zc3h12c	False
18663	AI593442	False
18664	Ddx10	False
18665	Exph5	False
18666	Kdelc2	False
18667	4930550C14Rik	False
18668	Atm	False
18669	Npat	False
18670	Acat1	False
18671	Cul5	False
18672	Rab39	False
18673	Slc35f2	False
18674	Sln	False
18675	Elmod1	False
18676	Tnfaip8l3	False
18677	Gldn	False
18678	Dmxl2	False
18679	Sh2d7	False
18680	Cib2	False
18681	Idh3a	False
18682	Acsbg1	False
18683	Dnaja4	False
18684	Wdr61	False
18685	Crabp1	False
18686	Ireb2	False
18687	Agphd1	False
18688	AY074887	False
18689	Psma4	False
18690	Chrna5	False
18691	Chrna3	False
18692	Chrnb4	False
18693	Ube2q2	False
18694	Fbxo22	False
18695	Nrg4	False
18696	AI118078	False
18697	Etfa	False
18698	Isl2	False
18699	Scaper	False
18700	Rfpl3s	False
18701	Gm7444	False
18702	Rcn2	False
18703	Pstpip1	False
18704	Tspan3	False
18705	C230081A13Rik	False
18706	Hmg20a	False
18707	Lingo1	False
18708	Odf3l1	False
18709	Cspg4	False
18710	Snx33	False
18711	Imp3	False
18712	Snupn	False
18713	Ptpn9	False
18714	Gm10658	False
18715	Sin3a	False
18716	Man2c1	False
18717	Neil1	False
18718	Commd4	False
18719	Trcg1	False
18720	1700017B05Rik	False
18721	4930430J02Rik	False
18722	Ppcdc	False
18723	Scamp5	False
18724	Rpp25	False
18725	Cox5a	False
18726	2310046O06Rik	False
18727	Mpi	False
18728	Scamp2	False
18729	Ulk3	False
18730	Cplx3	False
18731	Lman1l	False
18732	Csk	False
18733	Cyp1a2	False
18734	Cyp1a1	False
18735	Edc3	False
18736	Clk3	False
18737	Arid3b	False
18738	Ubl7	False
18739	Sema7a	False
18740	Cyp11a1	False
18741	Ccdc33	False
18742	Stra6	False
18743	Islr	False
18744	Islr2	False
18745	1600029O15Rik	False
18746	Pml	False
18747	Stoml1	False
18748	Loxl1	False
18749	Tbc1d21	False
18750	4930461G14Rik	False
18751	6030419C18Rik	False
18752	Cd276	False
18753	Nptn	False
18754	2410076I21Rik	False
18755	Hcn4	False
18756	Neo1	False
18757	Adpgk	False
18758	Bbs4	False
18759	Arih1	False
18760	Gm20199	False
18761	Tmem202	False
18762	Hexa	False
18763	Celf6	False
18764	Parp6	False
18765	Pkm2	False
18766	Gramd2	False
18767	Senp8	False
18768	Myo9a	False
18769	Nr2e3	False
18770	Gm7616	False
18771	Thsd4	False
18772	9230112J17Rik	False
18773	Lrrc49	False
18774	Larp6	False
18775	Uaca	False
18776	Gm5122	False
18777	I730028E13Rik	False
18778	B930092H01Rik	False
18779	Tle3	False
18780	Rplp1	False
18781	Kif23	False
18782	Paqr5	False
18783	Glce	False
18784	Mir5133	False
18785	A730043L09	False
18786	Spesp1	False
18787	Anp32a	False
18788	Coro2b	False
18789	Itga11	False
18790	Fem1b	False
18791	Cln6	False
18792	Gm10653	False
18793	Calml4	False
18794	Pias1	False
18795	Skor1	False
18796	Map2k5	False
18797	2300009A05Rik	False
18798	Iqch	False
18799	Aagab	False
18800	Smad3	False
18801	Smad6	False
18802	1110036E04Rik	False
18803	2600006L11Rik	False
18804	Lctl	False
18805	Zwilch	False
18806	Rpl4	False
18807	Snord16a	False
18808	Snapc5	False
18809	Map2k1	False
18810	Uchl4	False
18811	Tipin	False
18812	Dis3l	False
18813	Megf11	False
18814	Rab11a	False
18815	Dennd4a	False
18816	Slc24a1	False
18817	2010321M09Rik	False
18818	Ptplad1	False
18819	Dpp8	False
18820	Igdcc4	False
18821	Igdcc3	False
18822	Parp16	False
18823	Cilp	False
18824	Clpx	False
18825	Pdcd7	False
18826	Gm514	False
18827	Kbtbd13	False
18828	Rasl12	False
18829	Ostb	False
18830	Mtfmt	False
18831	Spg21	False
18832	Plekho2	False
18833	Pif1	False
18834	Rbpms2	False
18835	Oaz2	False
18836	Zfp609	False
18837	Trip4	False
18838	2810417H13Rik	False
18839	Csnk1g1	False
18840	Ppib	False
18841	Snx22	False
18842	Snx1	False
18843	Fam96a	False
18844	Dapk2	False
18845	Herc1	False
18846	Fbxl22	False
18847	Usp3	False
18848	Car12	False
18849	Aph1b	False
18850	Aph1c	False
18851	Rab8b	False
18852	Rps27l	False
18853	Lactb	False
18854	Tpm1	False
18855	Gm19299	False
18856	Tln2	False
18857	C2cd4b	False
18858	C2cd4a	False
18859	Vps13c	False
18860	LOC434412	False
18861	4930502A04Rik	False
18862	Rora	False
18863	9530091C08Rik	False
18864	Narg2	False
18865	Anxa2	False
18866	Mir3109	False
18867	Foxb1	False
18868	B230323A14Rik	False
18869	Bnip2	False
18870	Gtf2a2	False
18871	Gcnt3	False
18872	Fam81a	False
18873	Myo1e	False
18874	Ccnb2	False
18875	Rnf111	False
18876	Sltm	False
18877	Fam63b	False
18878	Adam10	False
18879	Lipc	False
18880	Aqp9	False
18881	Aldh1a2	False
18882	Polr2m	False
18883	Myzap	False
18884	Cgnl1	False
18885	Tcf12	False
18886	Zfp280d	False
18887	Mns1	False
18888	Tex9	False
18889	4930509E16Rik	False
18890	Rfx7	False
18891	Nedd4	False
18892	Prtg	False
18893	Pygo1	False
18894	Dyx1c1	False
18895	Gm5918	False
18896	Ccpg1	False
18897	Pigb	False
18898	2310009A05Rik	False
18899	Rab27a	False
18900	2410004A20Rik	False
18901	Rsl24d1	False
18902	Unc13c	False
18903	Wdr72	False
18904	Gm16551	False
18905	Onecut1	False
18906	BC031353	False
18907	Arpp19	False
18908	Myo5a	False
18909	Myo5c	False
18910	Gnb5	False
18911	Bcl2l10	False
18912	Mapk6	False
18913	4933433G15Rik	False
18914	Leo1	False
18915	Tmod3	False
18916	Tmod2	False
18917	Lysmd2	False
18918	Scg3	False
18919	Bmp5	False
18920	Hmgcll1	False
18921	Hcrtr2	False
18922	Fam83b	False
18923	Tinag	False
18924	2310046A06Rik	False
18925	5730403I07Rik	False
18926	Lrrc1	False
18927	Klhl31	False
18928	Gclc	False
18929	Elovl5	False
18930	Gcm1	False
18931	Fbxo9	False
18932	Ick	False
18933	C920006O11Rik	False
18934	Gsta4	False
18935	Gsta1	False
18936	Gm3776	False
18937	Gm10639	False
18938	Gsta2	False
18939	Dppa5a	False
18940	Ooep	False
18941	Ddx43	False
18942	E330016A19Rik	False
18943	Mto1	False
18944	Eef1a1	False
18945	Slc17a5	False
18946	Cd109	False
18947	Gm10635	False
18948	Col12a1	False
18949	Cox7a2	False
18950	Tmem30a	False
18951	4930429F24Rik	False
18952	Filip1	False
18953	Senp6	False
18954	Myo6	False
18955	Impg1	False
18956	Htr1b	False
18957	D430036J16Rik	False
18958	Mei4	False
18959	Irak1bp1	False
18960	Phip	False
18961	Hmgn3	False
18962	Lca5	False
18963	Sh3bgrl2	False
18964	Gm2109	False
18965	Elovl4	False
18966	Ttk	False
18967	Bckdhb	False
18968	Fam46a	False
18969	Ibtk	False
18970	Tpbg	False
18971	Ube2cbp	False
18972	Dopey1	False
18973	Pgm3	False
18974	Rwdd2a	False
18975	Me1	False
18976	A330041J22Rik	False
18977	Prss35	False
18978	Snap91	False
18979	Ripply2	False
18980	Cyb5r4	False
18981	Mrap2	False
18982	4922501C03Rik	False
18983	Tbx18	False
18984	Nt5e	False
18985	Snx14	False
18986	Syncrip	False
18987	Snhg5	False
18988	Zfp949	False
18989	Trim43a	False
18990	9430037G07Rik	False
18991	Gm2382	False
18992	Bcl2a1d	False
18993	Trim43c	False
18994	9330159M07Rik	False
18995	Bcl2a1a	False
18996	Trim43b	False
18997	Bcl2a1b	False
18998	Mthfs	False
18999	AF529169	False
19000	Tmed3	False
19001	Ankrd34c	False
19002	Rasgrf1	False
19003	Ctsh	False
19004	Morf4l1	False
19005	Adamts7	False
19006	Tbc1d2b	False
19007	Zic1	False
19008	Zic4	False
19009	Plscr5	False
19010	Plscr1	False
19011	Plscr2	False
19012	1700057G04Rik	False
19013	Plscr4	False
19014	B430319G15Rik	False
19015	Plod2	False
19016	4933400C23	False
19017	1190002N15Rik	False
19018	Slc9a9	False
19019	Chst2	False
19020	2610101N10Rik	False
19021	Paqr9	False
19022	Pcolce2	False
19023	Trpc1	False
19024	Pls1	False
19025	1700065D16Rik	False
19026	Atr	False
19027	Xrn1	False
19028	Gk5	False
19029	Tfdp2	False
19030	Atp1b3	False
19031	Rnf7	False
19032	Rasa2	False
19033	Zbtb38	False
19034	E030011O05Rik	False
19035	Acpl2	False
19036	Spsb4	False
19037	Slc25a36	False
19038	Clstn2	False
19039	Nmnat3	False
19040	Rbp1	False
19041	Rbp2	False
19042	4930579K19Rik	False
19043	Copb2	False
19044	Mrps22	False
19045	E330023G01	False
19046	2410012M07Rik	False
19047	Foxl2os	False
19048	Foxl2	False
19049	Faim	False
19050	Gm1123	False
19051	Pik3cb	False
19052	Gm6432	False
19053	Cep70	False
19054	Esyt3	False
19055	Mras	False
19056	Txndc6	False
19057	1600029I14Rik	False
19058	Armc8	False
19059	Dbr1	False
19060	A4gnt	False
19061	Dzip1l	False
19062	Cldn18	False
19063	Sox14	False
19064	Il20rb	False
19065	Nck1	False
19066	Tmem22	False
19067	Stag1	False
19068	Pccb	False
19069	Msl2	False
19070	Ppp2r3a	False
19071	Ephb1	False
19072	Ky	False
19073	Cep63	False
19074	Anapc13	False
19075	Amotl2	False
19076	Gm5627	False
19077	Ryk	False
19078	Slco2a1	False
19079	Rab6b	False
19080	Srprb	False
19081	Trf	False
19082	1300017J02Rik	False
19083	Topbp1	False
19084	Cdv3	False
19085	5830418P13Rik	False
19086	Bfsp2	False
19087	Tmem108	False
19088	4932413F04Rik	False
19089	Nphp3	False
19090	Uba5	False
19091	Acad11	False
19092	Ccrl1	False
19093	Dnajc13	False
19094	Acpp	False
19095	Cpne4	False
19096	Mrpl3	False
19097	Nudt16	False
19098	Nek11	False
19099	Aste1	False
19100	Atp2c1	False
19101	Pik3r4	False
19102	Col6a6	False
19103	Col6a5	False
19104	Col6a4	False
19105	Glyctk	False
19106	Wdr82	False
19107	Ppm1m	False
19108	Twf2	False
19109	Tlr9	False
19110	Alas1	False
19111	Poc1a	False
19112	Dusp7	False
19113	Rpl29	False
19114	Acy1	False
19115	Abhd14a	False
19116	Abhd14b	False
19117	Pcbp4	False
19118	Gpr62	False
19119	Parp3	False
19120	Rrp9	False
19121	Iqcf1	False
19122	Iqcf5	False
19123	Iqcf4	False
19124	Grm2	False
19125	Tex264	False
19126	Rad54l2	False
19127	Vprbp	False
19128	Rbm15b	False
19129	Manf	False
19130	Dock3	False
19131	Mapkapk3	False
19132	Cish	False
19133	Hemk1	False
19134	6430571L13Rik	False
19135	Cacna2d2	False
19136	Tmem115	False
19137	Cyb561d2	False
19138	Nprl2	False
19139	Zmynd10	False
19140	Rassf1	False
19141	Tusc2	False
19142	Hyal2	False
19143	Hyal1	False
19144	Nat6	False
19145	Hyal3	False
19146	Ifrd2	False
19147	Sema3b	False
19148	Gnai2	False
19149	Slc38a3	False
19150	Gnat1	False
19151	Sema3f	False
19152	Rbm5	False
19153	Rbm6	False
19154	Mon1a	False
19155	Mst1r	False
19156	4921517D21Rik	False
19157	Camkv	False
19158	Traip	False
19159	Uba7	False
19160	6230427J02Rik	False
19161	Ip6k1	False
19162	Gmppb	False
19163	Rnf123	False
19164	Amigo3	False
19165	Mst1	False
19166	Apeh	False
19167	Bsn	False
19168	Dag1	False
19169	Nicn1	False
19170	Amt	False
19171	Tcta	False
19172	Rhoa	False
19173	Gpx1	False
19174	Usp4	False
19175	1700102P08Rik	False
19176	Ccdc36	False
19177	Klhdc8b	False
19178	Ccdc71	False
19179	Lamb2	False
19180	Usp19	False
19181	Qars	False
19182	Qrich1	False
19183	Impdh2	False
19184	Ndufaf3	False
19185	Dalrd3	False
19186	Wdr6	False
19187	P4htm	False
19188	Arih2	False
19189	Slc25a20	False
19190	Prkar2a	False
19191	Ip6k2	False
19192	Nckipsd	False
19193	Celsr3	False
19194	Slc26a6	False
19195	Tmem89	False
19196	Uqcrc1	False
19197	Col7a1	False
19198	Ucn2	False
19199	Pfkfb4	False
19200	Shisa5	False
19201	Trex1	False
19202	Atrip	False
19203	Ccdc72	False
19204	Ccdc51	False
19205	Plxnb1	False
19206	Fbxw21	False
19207	Fbxw13	False
19208	Fbxw22	False
19209	Fbxw16	False
19210	Fbxw15	False
19211	Fbxw24	False
19212	Spink8	False
19213	3000002C10Rik	False
19214	Nme6	False
19215	Camp	False
19216	Cdc25a	False
19217	Mtap4	False
19218	Dhx30	False
19219	Smarcc1	False
19220	Cspg5	False
19221	2610002I17Rik	False
19222	Scap	False
19223	Ptpn23	False
19224	Ngp	False
19225	Klhl18	False
19226	Kif9	False
19227	Setd2	False
19228	Nradd	False
19229	Nbeal2	False
19230	Ccdc12	False
19231	Pth1r	False
19232	Myl3	False
19233	Prss42	False
19234	Prss43	False
19235	Prss45	False
19236	Prss46	False
19237	Prss50	False
19238	Tmie	False
19239	Als2cl	False
19240	Gm590	False
19241	Tdgf1	False
19242	Lrrc2	False
19243	Rtp3	False
19244	Ltf	False
19245	Ccrl2	False
19246	Lrrfip2	False
19247	Mlh1	False
19248	Epm2aip1	False
19249	Trank1	False
19250	Dclk3	False
19251	Stac	False
19252	Arpp21	False
19253	2900079G21Rik	False
19254	AU023762	False
19255	Pdcd6ip	False
19256	Clasp2	False
19257	Ubp1	False
19258	Fbxl2	False
19259	Susd5	False
19260	Bcl2a1c	False
19261	4930525D18Rik	False
19262	4930520O04Rik	False
19263	Crtap	False
19264	Tmppe	False
19265	Glb1	False
19266	Ccr4	False
19267	Trim71	False
19268	Cnot10	False
19269	Dync1li1	False
19270	Cmtm6	False
19271	Cmtm7	False
19272	Cmtm8	False
19273	Gpd1l	False
19274	Osbpl10	False
19275	Stt3b	False
19276	Stmn1-rs1	False
19277	Gadl1	False
19278	Tgfbr2	False
19279	Rbms3	False
19280	Azi2	False
19281	Cmc1	False
19282	Eomes	False
19283	Golga4	False
19284	Itga9	False
19285	Ctdspl	False
19286	Vill	False
19287	Plcd1	False
19288	Dlec1	False
19289	Acaa1b	False
19290	Slc22a14	False
19291	Slc22a13	False
19292	Slc22a13b	False
19293	Oxsr1	False
19294	Myd88	False
19295	Acaa1a	False
19296	Xylb	False
19297	Acvr2b	False
19298	Exog	False
19299	Scn5a	False
19300	Scn10a	False
19301	Scn11a	False
19302	Wdr48	False
19303	Gorasp1	False
19304	Ttc21a	False
19305	Csrnp1	False
19306	Xirp1	False
19307	Cx3cr1	False
19308	Ccr8	False
19309	Slc25a38	False
19310	Rpsa	False
19311	Snora62	False
19312	Mobp	False
19313	Myrip	False
19314	Eif1b	False
19315	Entpd3	False
19316	Rpl14	False
19317	1700020M21Rik	False
19318	4930593C16Rik	False
19319	Ctnnb1	False
19320	Ulk4	False
19321	Trak1	False
19322	Cck	False
19323	Lyzl4	False
19324	4930596M17Rik	False
19325	Vipr1	False
19326	Sec22c	False
19327	Deb1	False
19328	Nktr	False
19329	E530011L22Rik	False
19330	Zfp651	False
19331	Kbtbd5	False
19332	Hhatl	False
19333	Ccdc13	False
19334	Higd1a	False
19335	Ccbp2	False
19336	Cyp8b1	False
19337	1700048O20Rik	False
19338	Fam198a	False
19339	C85492	False
19340	Snrk	False
19341	Ano10	False
19342	Abhd5	False
19343	A730085K08Rik	False
19344	9530059O14Rik	False
19345	Gm9524	False
19346	D9Ertd402e	False
19347	Zfp445	False
19348	Zfp167	False
19349	Zfp105	False
19350	1110059G10Rik	False
19351	Kif15	False
19352	Tmem42	False
19353	Tgm4	False
19354	Zdhhc3	False
19355	Exosc7	False
19356	Clec3b	False
19357	Cdcp1	False
19358	Tmem158	False
19359	Lars2	False
19360	Limd1	False
19361	Sacm1l	False
19362	Slc6a20b	False
19363	Slc6a20a	False
19364	Lztfl1	False
19365	Ccr9	False
19366	Fyco1	False
19367	Cxcr6	False
19368	Xcr1	False
19369	Ccr1	False
19370	Ccr1l1	False
19371	Ccr3	False
19372	Ccr2	False
19373	Ccr5	False
19374	2010315B03Rik	False
19375	4930526I15Rik	False
19376	Ppp2r3d	False
19377	Pisd-ps3	False
19378	Nudt11	False
19379	AU022751	False
19380	Nudt10	False
19381	Bmp15	False
19382	Shroom4	False
19383	5430428K19Rik	False
19384	Dgkk	False
19385	Ccnb3	False
19386	Akap4	False
19387	Clcn5	False
19388	Usp27x	False
19389	Gm14379	False
19390	2010204K13Rik	False
19391	Ppp1r3f	False
19392	4930524L23Rik	False
19393	Foxp3	False
19394	Ccdc22	False
19395	Cacna1f	False
19396	Syp	False
19397	Prickle3	False
19398	Plp2	False
19399	Magix	False
19400	Gpkow	False
19401	Wdr45	False
19402	Praf2	False
19403	Ccdc120	False
19404	Tfe3	False
19405	Gripap1	False
19406	Kcnd1	False
19407	Otud5	False
19408	Pim2	False
19409	Slc35a2	False
19410	Pqbp1	False
19411	Timm17b	False
19412	Pcsk1n	False
19413	Eras	False
19414	Hdac6	False
19415	Gata1	False
19416	Glod5	False
19417	Suv39h1	False
19418	Was	False
19419	Gm6787	False
19420	Wdr13	False
19421	Rbm3	False
19422	2900002K06Rik	False
19423	Tbc1d25	False
19424	Ebp	False
19425	Porcn	False
19426	Ftsj1	False
19427	Slc38a5	False
19428	B630019K06Rik	False
19429	Gm5635	False
19430	Lancl3	False
19431	Xk	False
19432	1700012L04Rik	False
19433	Gm14501	False
19434	Cybb	False
19435	Dynlt3	False
19436	1700054O13Rik	False
19437	4930557A04Rik	False
19438	Sytl5	False
19439	Srpx	False
19440	Rpgr	False
19441	Otc	False
19442	Tspan7	False
19443	Mid1ip1	False
19444	Bcor	False
19445	2900008C10Rik	False
19446	Atp6ap2	False
19447	Gm4984	False
19448	1810030O07Rik	False
19449	Med14	False
19450	Gm14634	False
19451	5730405O15Rik	False
19452	Usp9x	False
19453	2010308F09Rik	False
19454	Ddx3x	False
19455	Nyx	False
19456	Cask	False
19457	Gpr34	False
19458	Gpr82	False
19459	Maoa	False
19460	Maob	False
19461	Ndp	False
19462	Efhc2	False
19463	Fundc1	False
19464	Kdm6a	False
19465	4930578C19Rik	False
19466	Chst7	False
19467	Slc9a7	False
19468	Rp2h	False
19469	Phf16	False
19470	Rgn	False
19471	Ndufb11	False
19472	Rbm10	False
19473	Uba1	False
19474	Cdk16	False
19475	Usp11	False
19476	Araf	False
19477	Syn1	False
19478	Timp1	False
19479	Cfp	False
19480	Elk1	False
19481	Uxt	False
19482	A230072C01Rik	False
19483	Zfp182	False
19484	Spaca5	False
19485	Zfp300	False
19486	4930453H23Rik	False
19487	Gm6938	False
19488	Gm5124	False
19489	Agtr2	False
19490	Slc6a14	False
19491	Klhl13	False
19492	Wdr44	False
19493	Gm4907	False
19494	Gm5934	False
19495	Gm14525	False
19496	Dock11	False
19497	Il13ra1	False
19498	Zcchc12	False
19499	Lonrf3	False
19500	Gm6268	False
19501	Pgrmc1	False
19502	Akap17b	False
19503	Slc25a43	False
19504	Slc25a5	False
19505	C330007P06Rik	False
19506	Ube2a	False
19507	Nkrf	False
19508	Gm15008	False
19509	Sept6	False
19510	Sowahd	False
19511	Rpl39	False
19512	Snora69	False
19513	Upf3b	False
19514	Nkap	False
19515	Akap14	False
19516	Ndufa1	False
19517	Rnf113a1	False
19518	Gm9	False
19519	Rhox1	False
19520	Rhox3a	False
19521	Rhox4a	False
19522	Rhox2d	False
19523	Rhox3-ps	False
19524	Rhox4d	False
19525	Rhox3f	False
19526	Rhox3g-ps	False
19527	Rhox3h	False
19528	Rhox2h	False
19529	Rhox5	False
19530	Rhox6	False
19531	Rhox7	False
19532	Rhox8	False
19533	4930430D24Rik	False
19534	Rhox10	False
19535	Zbtb33	False
19536	Fam70a	False
19537	Atp1b4	False
19538	Lamp2	False
19539	Cul4b	False
19540	Mcts1	False
19541	C1galt1c1	False
19542	6030498E09Rik	False
19543	Gria3	False
19544	Thoc2	False
19545	Xiap	False
19546	Stag2	False
19547	Sh2d1a	False
19548	Odz1	False
19549	Dcaf12l2	False
19550	Dcaf12l1	False
19551	1110059M19Rik	False
19552	Smarca1	False
19553	Ocrl	False
19554	Apln	False
19555	Xpnpep2	False
19556	Sash3	False
19557	Zdhhc9	False
19558	Utp14a	False
19559	9530027J09Rik	False
19560	Bcorl1	False
19561	Elf4	False
19562	Aifm1	False
19563	Rab33a	False
19564	Zfp280c	False
19565	Slc25a14	False
19566	Gpr119	False
19567	Rbmx2	False
19568	Gm595	False
19569	Enox2	False
19570	Arhgap36	False
19571	Igsf1	False
19572	Olfr1322	False
19573	6720401G13Rik	False
19574	2610018G03Rik	False
19575	Frmd7	False
19576	Rap2c	False
19577	Mbnl3	False
19578	Hs6st2	False
19579	Usp26	False
19580	1700080O16Rik	False
19581	Gpc4	False
19582	Gpc3	False
19583	A630012P03Rik	False
19584	Kis2	False
19585	Ccdc160	False
19586	Phf6	False
19587	Hprt	False
19588	C430049B03Rik	False
19589	Plac1	False
19590	Fam122b	False
19591	Fam122c	False
19592	Mospd1	False
19593	Etd	False
19594	Cxx1c	False
19595	Cxx1a	False
19596	Cxx1b	False
19597	4933416I08Rik	False
19598	4930502E18Rik	False
19599	1700013H16Rik	False
19600	Zfp36l3	False
19601	Xlr	False
19602	3830403N18Rik	False
19603	Gm773	False
19604	1600025M17Rik	False
19605	Zfp449	False
19606	Ncrna00086	False
19607	Ddx26b	False
19608	Gm648	False
19609	Mmgt1	False
19610	Slc9a6	False
19611	Fhl1	False
19612	Mtap7d3	False
19613	Brs3	False
19614	Htatsf1	False
19615	Gm14718	False
19616	Cd40lg	False
19617	Arhgef6	False
19618	Rbmx	False
19619	Gm364	False
19620	Gpr101	False
19621	Zic3	False
19622	4930550L24Rik	False
19623	Fgf13	False
19624	F9	False
19625	Mcf2	False
19626	Atp11c	False
19627	Sox3	False
19628	C230004F18Rik	False
19629	Cdr1	False
19630	C030023E24Rik	False
19631	Ldoc1	False
19632	1700019B21Rik	False
19633	Gm6760	False
19634	3830417A13Rik	False
19635	Slitrk4	False
19636	Slitrk2	False
19637	Gm10474	False
19638	Fmr1	False
19639	Fmr1nb	False
19640	Aff2	False
19641	Ids	False
19642	1110012L19Rik	False
19643	BC023829	False
19644	Mamld1	False
19645	Mtm1	False
19646	Mtmr1	False
19647	Cd99l2	False
19648	Hmgb3	False
19649	Gpr50	False
19650	Vma21	False
19651	Gm1141	False
19652	Prrg3	False
19653	Fate1	False
19654	Cnga2	False
19655	Gabre	False
19656	Gabra3	False
19657	Gabrq	False
19658	Cetn2	False
19659	Nsdhl	False
19660	Zfp185	False
19661	Pnma5	False
19662	Pnma3	False
19663	Xlr4a	False
19664	Xlr3a	False
19665	Xlr5a	False
19666	Xlr5b	False
19667	4930408F14Rik	False
19668	Xlr3b	False
19669	Xlr4b	False
19670	F8a	False
19671	Xlr4c	False
19672	Xlr3c	False
19673	Zfp275	False
19674	Zfp92	False
19675	Trex2	False
19676	Haus7	False
19677	Bgn	False
19678	Atp2b3	False
19679	Dusp9	False
19680	Pnck	False
19681	Slc6a8	False
19682	Bcap31	False
19683	Abcd1	False
19684	Plxnb3	False
19685	Srpk3	False
19686	Idh3g	False
19687	Ssr4	False
19688	Pdzd4	False
19689	L1cam	False
19690	Avpr2	False
19691	Arhgap4	False
19692	Naa10	False
19693	Renbp	False
19694	Hcfc1	False
19695	Irak1	False
19696	Mecp2	False
19697	Opn1mw	False
19698	Tktl1	False
19699	Flna	False
19700	Emd	False
19701	Rpl10	False
19702	Snora70	False
19703	Dnase1l1	False
19704	Taz	False
19705	Atp6ap1	False
19706	Gdi1	False
19707	Fam50a	False
19708	Plxna3	False
19709	Lage3	False
19710	Ubl4	False
19711	Slc10a3	False
19712	Fam3a	False
19713	Ikbkg	False
19714	G6pdx	False
19715	Gm6880	False
19716	Gm5640	False
19717	Gm6890	False
19718	LOC100503280	False
19719	Gab3	False
19720	Dkc1	False
19721	Mpp1	False
19722	4930428E23Rik	False
19723	F8	False
19724	Fundc2	False
19725	Mtcp1	False
19726	Brcc3	False
19727	Vbp1	False
19728	Rab39b	False
19729	4933407K13Rik	False
19730	Pls3	False
19731	4930468A15Rik	False
19732	Tbl1x	False
19733	Prkx	False
19734	Prrg1	False
19735	Gm8787	False
19736	Gm7173	False
19737	Mageb16	False
19738	Tmem47	False
19739	Dmd	False
19740	1600014K23Rik	False
19741	Tab3	False
19742	Gyk	False
19743	5430427O19Rik	False
19744	Samt3	False
19745	Nr0b1	False
19746	Il1rapl1	False
19747	Pet2	False
19748	Mageb18	False
19749	Gm5941	False
19750	Arx	False
19751	Pola1	False
19752	Pcyt1b	False
19753	Pdk3	False
19754	AU015836	False
19755	Zfx	False
19756	Eif2s3x	False
19757	Klhl15	False
19758	Apoo	False
19759	Gm14827	False
19760	Maged1	False
19761	Gspt2	False
19762	Zxdb	False
19763	Zxda	False
19764	Spin4	False
19765	Arhgef9	False
19766	Fam123b	False
19767	Asb12	False
19768	Zc4h2	False
19769	Zc3h12b	False
19770	Las1l	False
19771	Msn	False
19772	F630028O10Rik	False
19773	Vsig4	False
19774	Hsf3	False
19775	Heph	False
19776	Gpr165	False
19777	Eda2r	False
19778	Ar	False
19779	Ophn1	False
19780	Yipf6	False
19781	Stard8	False
19782	Efnb1	False
19783	Gm14812	False
19784	Pja1	False
19785	Tmem28	False
19786	Eda	False
19787	Awat2	False
19788	Igbp1	False
19789	Dgat2l6	False
19790	Awat1	False
19791	P2ry4	False
19792	Arr3	False
19793	Pdzd11	False
19794	Kif4	False
19795	Gdpd2	False
19796	Dlg3	False
19797	Tex11	False
19798	Slc7a3	False
19799	Snx12	False
19800	Foxo4	False
19801	Gm614	False
19802	Il2rg	False
19803	Med12	False
19804	Nlgn3	False
19805	Gjb1	False
19806	Zmym3	False
19807	Nono	False
19808	Itgb1bp2	False
19809	Taf1	False
19810	Ogt	False
19811	Cxcr3	False
19812	Nhsl2	False
19813	Rgag4	False
19814	Pin4	False
19815	Ercc6l	False
19816	Rps4x	False
19817	Cited1	False
19818	LOC434825	False
19819	Hdac8	False
19820	Phka1	False
19821	Gm9112	False
19822	Dmrtc1a	False
19823	1700011M02Rik	False
19824	Gm5126	False
19825	Nap1l2	False
19826	Cdx4	False
19827	Chic1	False
19828	Tsx	False
19829	Tsix	False
19830	Xist	False
19831	Enox	False
19832	Gm9159	False
19833	B230206F22Rik	False
19834	Zcchc13	False
19835	Slc16a2	False
19836	Gm6222	False
19837	Rlim	False
19838	C77370	False
19839	Abcb7	False
19840	Uprt	False
19841	Zdhhc15	False
19842	Magee2	False
19843	5530601H04Rik	False
19844	2610029G23Rik	False
19845	Magee1	False
19846	E530001F21Rik	False
19847	5330434G04Rik	False
19848	Cypt2-ps	False
19849	Fgf16	False
19850	Atrx	False
19851	Magt1	False
19852	Cox7b	False
19853	Atp7a	False
19854	Tlr13	False
19855	Pgk1	False
19856	Taf9b	False
19857	Fnd3c2	False
19858	Fndc3c1	False
19859	Cysltr1	False
19860	Gm5127	False
19861	Zcchc5	False
19862	Lpar4	False
19863	P2ry10	False
19864	A630033H20Rik	False
19865	Gpr174	False
19866	Itm2a	False
19867	4933401B06Rik	False
19868	Tbx22	False
19869	2610002M06Rik	False
19870	Fam46d	False
19871	Brwd3	False
19872	2810403D21Rik	False
19873	5730416F02Rik	False
19874	Hmgn5	False
19875	Sh3bgrl	False
19876	Gm6377	False
19877	Pou3f4	False
19878	Rps6ka6	False
19879	Hdx	False
19880	Tex16	False
19881	4933403O08Rik	False
19882	Apool	False
19883	2010106E10Rik	False
19884	Zfp711	False
19885	Pof1b	False
19886	Chm	False
19887	Dach2	False
19888	Klhl4	False
19889	Pabpc5	False
19890	Pcdh11x	False
19891	Nap1l3	False
19892	3110007F17Rik	False
19893	4932411N23Rik	False
19894	Diap2	False
19895	Pcdh19	False
19896	Tnmd	False
19897	Tspan6	False
19898	Srpx2	False
19899	Sytl4	False
19900	Cstf2	False
19901	Nox1	False
19902	Xkrx	False
19903	Trmt2b	False
19904	Tmem35	False
19905	Cenpi	False
19906	Drp2	False
19907	Taf7l	False
19908	Timm8a1	False
19909	Btk	False
19910	Rpl36a	False
19911	Gla	False
19912	Hnrnph2	False
19913	B230119M05Rik	False
19914	Armcx4	False
19915	Armcx1	False
19916	Armcx6	False
19917	Armcx3	False
19918	Armcx2	False
19919	Nxf2	False
19920	Zmat1	False
19921	3632454L22Rik	False
19922	Tceal6	False
19923	Nxf7	False
19924	1700008I05Rik	False
19925	Tmsb15a	False
19926	Gprasp1	False
19927	Armcx5	False
19928	Gprasp2	False
19929	Bhlhb9	False
19930	Arxes2	False
19931	Arxes1	False
19932	Bex2	False
19933	Nxf3	False
19934	Bex4	False
19935	Tceal8	False
19936	Tceal5	False
19937	Bex1	False
19938	Tceal7	False
19939	Wbp5	False
19940	Ngfrap1	False
19941	Kir3dl2	False
19942	Kir3dl1	False
19943	Tceal3	False
19944	Tceal1	False
19945	Morf4l2	False
19946	BC065397	False
19947	Plp1	False
19948	Rab9b	False
19949	Tmsb15l	False
19950	Tmsb15b2	False
19951	Tmsb15b1	False
19952	Mcart6	False
19953	Zcchc18	False
19954	Fam199x	False
19955	Esx1	False
19956	Il1rapl2	False
19957	Nrk	False
19958	Serpina7	False
19959	4930513O06Rik	False
19960	Mum1l1	False
19961	C330013F16Rik	False
19962	Trap1a	False
19963	D330045A20Rik	False
19964	Rnf128	False
19965	Tbc1d8b	False
19966	Ripply1	False
19967	Cldn2	False
19968	Morc4	False
19969	Rbm41	False
19970	Nup62cl	False
19971	E230019M04Rik	False
19972	Frmpd3	False
19973	Prps1	False
19974	Tsc22d3	False
19975	Mid2	False
19976	Tex13	False
19977	Vsig1	False
19978	Psmd10	False
19979	Col4a6	False
19980	Col4a5	False
19981	Irs4	False
19982	Gucy2f	False
19983	Nxt2	False
19984	Kcne1l	False
19985	Acsl4	False
19986	Tmem164	False
19987	Ammecr1	False
19988	Rgag1	False
19989	Chrdl1	False
19990	Pak3	False
19991	Capn6	False
19992	Dcx	False
19993	A730046J19Rik	False
19994	Alg13	False
19995	Trpc5	False
19996	Gm15070	False
19997	Mageb16-ps1	False
19998	Zcchc16	False
19999	Lhfpl1	False
20000	Amot	False
20001	Htr2c	False
20002	Mir764	False
20003	Il13ra2	False
20004	Lrch2	False
20005	Gm10439	False
20006	Gm15097	False
20007	Gm15104	False
20008	Tmem29	False
20009	Alas2	False
20010	Apex2	False
20011	Pfkfb1	False
20012	Tro	False
20013	Maged2	False
20014	Gnl3l	False
20015	Fgd1	False
20016	Tsr2	False
20017	A230072E10Rik	False
20018	Fam120c	False
20019	Phf8	False
20020	Huwe1	False
20021	Mir98	False
20022	Hsd17b10	False
20023	Ribc1	False
20024	Smc1a	False
20025	Iqsec2	False
20026	Kdm5c	False
20027	2900056M20Rik	False
20028	Tspyl2	False
20029	Gpr173	False
20030	3010001F23Rik	False
20031	Shroom2	False
20032	Gpr143	False
20033	Usp51	False
20034	Mageh1	False
20035	9530051G07Rik	False
20036	Foxr2	False
20037	Rragb	False
20038	Klf8	False
20039	Ubqln2	False
20040	Cypt3	False
20041	Kctd12b	False
20042	2210013O21Rik	False
20043	Spin2	False
20044	4930524N10Rik	False
20045	Magea1	False
20046	1700042B14Rik	False
20047	Sat1	False
20048	Acot9	False
20049	Prdx4	False
20050	Ptchd1	False
20051	Phex	False
20052	Sms	False
20053	Gm6568	False
20054	Mbtps2	False
20055	Yy2	False
20056	Smpx	False
20057	Cnksr2	False
20058	Rps6ka3	False
20059	Eif1ax	False
20060	Mtap7d2	False
20061	A830080D01Rik	False
20062	Sh3kbp1	False
20063	Map3k15	False
20064	Pdha1	False
20065	Gpr64	False
20066	Phka2	False
20067	Ppef1	False
20068	Rs1	False
20069	Cdkl5	False
20070	Gja6	False
20071	Scml2	False
20072	Rai2	False
20073	Nhs	False
20074	Reps2	False
20075	Rbbp7	False
20076	Txlng	False
20077	Syap1	False
20078	Ctps2	False
20079	S100g	False
20080	Grpr	False
20081	1700045I19Rik	False
20082	Ap1s2	False
20083	Zrsr2	False
20084	Car5b	False
20085	Siah1b	False
20086	Tmem27	False
20087	Ace2	False
20088	Bmx	False
20089	Pir	False
20090	Figf	False
20091	Piga	False
20092	Asb11	False
20093	Asb9	False
20094	Mospd2	False
20095	Fancb	False
20096	Glra2	False
20097	Gemin8	False
20098	Gpm6b	False
20099	Ofd1	False
20100	Trappc2	False
20101	Rab9	False
20102	Tceanc	False
20103	Egfl6	False
20104	Gm1720	False
20105	Gm8817	False
20106	Tmsb4x	False
20107	Tlr8	False
20108	Tlr7	False
20109	Prps2	False
20110	Frmpd4	False
20111	Msl3	False
20112	Arhgap6	False
20113	Amelx	False
20114	Hccs	False
20115	Mid1	False
20116	4933400A11Rik	False
20117	G530011O06Rik	False
20118	Asmt	False
20119	Vamp7	False
20120	Spry3	False
20121	Tmlhe	False
20122	Zf12	False
20123	Zfy1	False
20124	Ube1y1	False
20125	Kdm5d	False
20126	Eif2s3y	False
20127	Uty	False
20128	Ddx3y	False
20129	Usp9y	False
20130	Rbmy1a1	False
20131	LOC100039753	False
20132	Rbm31y	False
20133	LOC434960	False
20134	LOC380994	False
20135	LOC100041346	False
20136	Sly	False
20137	Erdr1	False
